date,station,station_id,wind_speed_ms,wind_direction_deg,temperature_c,air_pressure_hpa,sunshine_hours,precipitation_mm,max_wind_gust_ms,min_wind_speed_ms,max_wind_speed_ms,humidity_pct,cloud_cover,global_radiation
2021-01-01,De Bilt,260,2.1,225.0,3.0,1008.4,0.9,0.0,6.0,1.0,3.0,92.0,7.0,194.0
2021-01-02,De Bilt,260,1.8,196.0,3.6,1013.4,0.0,0.3,5.0,1.0,3.0,96.0,8.0,107.0
2021-01-03,De Bilt,260,3.5,40.0,3.3,1016.7,0.0,0.1,10.0,2.0,5.0,86.0,8.0,84.0
2021-01-04,De Bilt,260,5.3,41.0,2.8,1017.8,0.0,1.1,13.0,5.0,6.0,87.0,8.0,55.0
2021-01-05,De Bilt,260,4.1,45.0,2.9,1018.0,0.0,0.1,9.0,3.0,5.0,89.0,8.0,50.0
2021-01-06,De Bilt,260,2.6,12.0,2.4,1016.7,0.0,0.1,9.0,1.0,5.0,86.0,8.0,111.0
2021-01-07,De Bilt,260,2.3,292.0,2.6,1012.4,0.0,7.9,10.0,1.0,4.0,94.0,8.0,123.0
2021-01-08,De Bilt,260,1.3,341.0,1.1,1016.4,2.7,0.4,5.0,1.0,3.0,95.0,6.0,270.0
2021-01-09,De Bilt,260,1.2,290.0,-0.6,1023.9,5.4,0.5,8.0,1.0,2.0,93.0,2.0,382.0
2021-01-10,De Bilt,260,2.4,222.0,1.6,1023.5,2.4,0.0,7.0,1.0,4.0,89.0,7.0,304.0
2021-01-11,De Bilt,260,5.4,219.0,5.0,1015.1,0.0,1.2,13.0,4.0,6.0,89.0,8.0,62.0
2021-01-12,De Bilt,260,3.7,282.0,5.2,1009.5,4.1,15.9,13.0,2.0,7.0,85.0,5.0,358.0
2021-01-13,De Bilt,260,3.3,277.0,4.3,1015.5,4.2,0.8,10.0,2.0,5.0,79.0,7.0,332.0
2021-01-14,De Bilt,260,3.3,69.0,1.2,1020.2,1.5,0.0,9.0,1.0,5.0,82.0,8.0,254.0
2021-01-15,De Bilt,260,1.6,351.0,1.2,1028.6,0.0,0.0,6.0,0.0,4.0,78.0,8.0,82.0
2021-01-16,De Bilt,260,3.5,185.0,0.8,1022.3,0.0,2.9,13.0,2.0,6.0,83.0,8.0,123.0
2021-01-17,De Bilt,260,2.2,254.0,3.4,1018.7,2.1,2.2,10.0,1.0,4.0,93.0,7.0,316.0
2021-01-18,De Bilt,260,4.1,225.0,4.8,1019.7,0.2,0.2,10.0,2.0,6.0,90.0,8.0,157.0
2021-01-19,De Bilt,260,7.3,217.0,7.7,1005.0,0.2,15.6,17.0,6.0,9.0,88.0,8.0,69.0
2021-01-20,De Bilt,260,6.4,185.0,9.0,994.6,0.4,0.0,13.0,6.0,8.0,71.0,8.0,162.0
2021-01-21,De Bilt,260,7.0,209.0,7.0,986.7,3.8,11.8,22.0,2.0,11.0,78.0,7.0,342.0
2021-01-22,De Bilt,260,3.9,221.0,4.0,991.9,3.3,0.9,10.0,2.0,5.0,88.0,6.0,348.0
2021-01-23,De Bilt,260,2.8,203.0,3.2,994.1,0.9,0.4,10.0,1.0,5.0,88.0,8.0,222.0
2021-01-24,De Bilt,260,2.3,225.0,2.4,997.9,3.2,0.1,7.0,1.0,4.0,84.0,7.0,375.0
2021-01-25,De Bilt,260,2.8,262.0,2.3,1004.9,5.7,2.9,16.0,1.0,5.0,83.0,6.0,507.0
2021-01-26,De Bilt,260,3.8,254.0,4.5,1015.2,3.5,0.9,12.0,2.0,5.0,81.0,7.0,379.0
2021-01-27,De Bilt,260,3.7,218.0,4.7,1010.6,0.0,1.3,11.0,2.0,6.0,93.0,8.0,103.0
2021-01-28,De Bilt,260,2.8,100.0,5.1,1002.3,0.0,10.2,7.0,1.0,4.0,97.0,8.0,69.0
2021-01-29,De Bilt,260,5.1,267.0,7.4,995.2,0.3,10.0,16.0,3.0,7.0,87.0,8.0,208.0
2021-01-30,De Bilt,260,5.3,65.0,0.4,1002.8,0.3,0.0,12.0,3.0,7.0,79.0,8.0,271.0
2021-01-31,De Bilt,260,3.4,76.0,-1.5,1001.0,7.1,0.0,8.0,2.0,5.0,82.0,6.0,649.0
2021-02-01,De Bilt,260,2.2,41.0,1.0,995.9,0.0,0.2,7.0,1.0,4.0,93.0,8.0,181.0
2021-02-02,De Bilt,260,3.1,166.0,5.0,998.6,0.0,5.0,10.0,1.0,5.0,95.0,8.0,147.0
2021-02-03,De Bilt,260,3.3,227.0,8.6,996.7,0.0,15.0,11.0,2.0,5.0,93.0,8.0,72.0
2021-02-04,De Bilt,260,3.0,190.0,6.6,1011.6,2.0,0.4,9.0,2.0,4.0,90.0,7.0,323.0
2021-02-05,De Bilt,260,2.0,114.0,6.8,1011.1,1.1,1.9,6.0,1.0,4.0,93.0,8.0,275.0
2021-02-06,De Bilt,260,5.9,67.0,2.6,1008.9,0.0,3.6,16.0,2.0,9.0,92.0,8.0,122.0
2021-02-07,De Bilt,260,8.0,61.0,-4.1,1001.4,0.0,4.3,18.0,7.0,10.0,83.0,8.0,137.0
2021-02-08,De Bilt,260,4.9,61.0,-5.6,1003.3,0.0,1.0,13.0,1.0,7.0,80.0,8.0,323.0
2021-02-09,De Bilt,260,2.7,42.0,-4.4,1008.6,5.1,0.0,9.0,1.0,4.0,79.0,6.0,658.0
2021-02-10,De Bilt,260,2.8,33.0,-3.7,1016.2,7.1,0.0,8.0,1.0,4.0,79.0,6.0,731.0
2021-02-11,De Bilt,260,1.8,78.0,-4.8,1030.2,8.9,0.0,6.0,0.0,3.0,78.0,2.0,891.0
2021-02-12,De Bilt,260,4.7,73.0,-5.8,1035.4,8.9,0.0,12.0,2.0,7.0,75.0,1.0,876.0
2021-02-13,De Bilt,260,3.8,103.0,-5.2,1039.4,8.9,0.0,8.0,2.0,5.0,66.0,2.0,966.0
2021-02-14,De Bilt,260,5.4,140.0,-0.6,1033.9,9.0,0.0,11.0,4.0,7.0,53.0,7.0,783.0
2021-02-15,De Bilt,260,4.8,179.0,2.9,1022.3,0.0,4.7,11.0,3.0,6.0,83.0,8.0,142.0
2021-02-16,De Bilt,260,3.8,190.0,7.3,1013.2,2.1,1.2,11.0,2.0,6.0,87.0,8.0,474.0
2021-02-17,De Bilt,260,5.0,205.0,9.5,1014.3,0.6,0.0,11.0,4.0,6.0,82.0,8.0,377.0
2021-02-18,De Bilt,260,4.7,172.0,8.1,1008.7,0.2,6.0,13.0,3.0,6.0,83.0,7.0,320.0
2021-02-19,De Bilt,260,4.1,180.0,7.1,1014.0,6.0,0.0,10.0,3.0,6.0,82.0,6.0,738.0
2021-02-20,De Bilt,260,4.6,150.0,11.7,1011.1,8.4,0.0,11.0,3.0,6.0,73.0,8.0,878.0
2021-02-21,De Bilt,260,3.2,145.0,10.7,1012.7,9.1,0.0,7.0,2.0,4.0,73.0,4.0,1008.0
2021-02-22,De Bilt,260,3.3,178.0,12.2,1018.2,3.9,0.0,9.0,2.0,4.0,60.0,5.0,627.0
2021-02-23,De Bilt,260,4.2,196.0,13.4,1027.4,6.4,0.0,14.0,2.0,7.0,72.0,6.0,797.0
2021-02-24,De Bilt,260,4.2,187.0,13.7,1027.0,9.1,0.0,10.0,2.0,6.0,69.0,5.0,998.0
2021-02-25,De Bilt,260,3.0,243.0,11.4,1026.8,6.7,0.0,7.0,2.0,4.0,76.0,7.0,894.0
2021-02-26,De Bilt,260,2.4,310.0,6.5,1035.1,9.7,0.0,9.0,1.0,5.0,78.0,3.0,1101.0
2021-02-27,De Bilt,260,1.3,17.0,4.3,1040.6,5.1,0.0,4.0,0.0,2.0,90.0,6.0,760.0
2021-02-28,De Bilt,260,2.0,37.0,4.0,1037.6,8.8,0.0,7.0,0.0,3.0,89.0,3.0,1143.0
2021-03-01,De Bilt,260,3.5,81.0,5.5,1033.6,5.3,0.0,7.0,3.0,5.0,85.0,4.0,876.0
2021-03-02,De Bilt,260,2.3,112.0,6.3,1030.2,10.0,0.0,7.0,1.0,4.0,80.0,0.0,1208.0
2021-03-03,De Bilt,260,1.6,336.0,4.5,1027.2,6.0,0.0,5.0,0.0,3.0,91.0,6.0,877.0
2021-03-04,De Bilt,260,2.8,2.0,4.2,1022.3,0.0,0.0,9.0,1.0,5.0,83.0,8.0,225.0
2021-03-05,De Bilt,260,2.8,19.0,1.9,1030.4,10.0,0.0,10.0,1.0,6.0,73.0,1.0,1313.0
2021-03-06,De Bilt,260,1.8,41.0,0.7,1033.4,7.1,0.0,10.0,0.0,4.0,79.0,3.0,1064.0
2021-03-07,De Bilt,260,1.3,311.0,1.4,1026.1,0.4,0.0,6.0,0.0,3.0,78.0,7.0,555.0
2021-03-08,De Bilt,260,2.7,261.0,5.4,1022.4,3.0,2.8,8.0,2.0,4.0,73.0,8.0,756.0
2021-03-09,De Bilt,260,2.6,269.0,5.1,1017.8,0.2,1.7,9.0,0.0,5.0,87.0,7.0,342.0
2021-03-10,De Bilt,260,5.0,188.0,5.7,1012.0,0.0,3.6,18.0,1.0,9.0,84.0,8.0,432.0
2021-03-11,De Bilt,260,8.9,228.0,9.4,996.2,1.7,1.6,28.0,6.0,14.0,75.0,8.0,566.0
2021-03-12,De Bilt,260,6.8,224.0,7.1,1002.3,2.5,2.6,19.0,6.0,9.0,78.0,8.0,485.0
2021-03-13,De Bilt,260,7.7,240.0,6.9,993.7,1.9,7.7,23.0,4.0,11.0,75.0,8.0,506.0
2021-03-14,De Bilt,260,4.1,268.0,6.7,1008.5,2.7,2.3,12.0,3.0,6.0,78.0,8.0,667.0
2021-03-15,De Bilt,260,4.1,312.0,6.6,1015.2,3.3,3.0,13.0,2.0,6.0,82.0,8.0,697.0
2021-03-16,De Bilt,260,2.2,308.0,5.6,1023.8,0.2,5.2,9.0,1.0,4.0,87.0,8.0,413.0
2021-03-17,De Bilt,260,3.6,349.0,5.0,1027.0,2.8,0.4,11.0,1.0,5.0,83.0,8.0,770.0
2021-03-18,De Bilt,260,2.4,338.0,4.4,1023.8,1.0,0.0,9.0,1.0,4.0,85.0,7.0,649.0
2021-03-19,De Bilt,260,3.9,18.0,4.6,1026.5,10.7,0.0,11.0,2.0,6.0,74.0,1.0,1493.0
2021-03-20,De Bilt,260,2.3,285.0,4.3,1028.7,5.3,0.2,9.0,1.0,4.0,82.0,6.0,1211.0
2021-03-21,De Bilt,260,4.0,336.0,6.1,1024.6,0.3,0.1,14.0,1.0,8.0,77.0,8.0,592.0
2021-03-22,De Bilt,260,1.9,312.0,5.7,1025.5,2.1,0.0,7.0,0.0,3.0,79.0,8.0,665.0
2021-03-23,De Bilt,260,2.7,228.0,6.5,1024.7,0.2,0.0,8.0,1.0,5.0,83.0,7.0,537.0
2021-03-24,De Bilt,260,2.6,220.0,6.7,1021.5,10.5,0.0,10.0,0.0,6.0,80.0,5.0,1557.0
2021-03-25,De Bilt,260,3.0,221.0,8.2,1019.5,5.4,0.1,11.0,1.0,5.0,76.0,6.0,939.0
2021-03-26,De Bilt,260,5.0,192.0,9.7,1014.0,6.6,1.7,15.0,3.0,8.0,71.0,6.0,1267.0
2021-03-27,De Bilt,260,5.0,248.0,6.9,1019.9,6.7,1.4,15.0,3.0,7.0,69.0,6.0,1052.0
2021-03-28,De Bilt,260,5.6,220.0,9.7,1024.8,1.4,0.0,15.0,4.0,8.0,71.0,8.0,670.0
2021-03-29,De Bilt,260,4.7,220.0,12.3,1027.8,10.5,0.0,11.0,2.0,6.0,62.0,4.0,1806.0
2021-03-30,De Bilt,260,2.0,149.0,11.3,1028.9,11.7,0.0,6.0,1.0,4.0,67.0,3.0,1867.0
2021-03-31,De Bilt,260,1.8,179.0,13.8,1021.3,11.4,0.0,6.0,1.0,3.0,63.0,3.0,1784.0
2021-04-01,De Bilt,260,3.8,10.0,9.6,1023.3,10.5,0.0,10.0,1.0,6.0,73.0,2.0,1769.0
2021-04-02,De Bilt,260,3.5,351.0,5.3,1027.0,0.7,0.0,11.0,1.0,5.0,79.0,6.0,639.0
2021-04-03,De Bilt,260,4.2,355.0,7.2,1028.3,4.8,0.0,12.0,3.0,5.0,66.0,7.0,1404.0
2021-04-04,De Bilt,260,3.2,257.0,6.3,1022.4,2.7,0.0,11.0,2.0,6.0,73.0,7.0,811.0
2021-04-05,De Bilt,260,6.0,303.0,4.2,1011.1,6.5,1.6,18.0,4.0,8.0,72.0,7.0,1291.0
2021-04-06,De Bilt,260,4.3,302.0,2.5,1012.9,6.3,2.6,15.0,3.0,6.0,76.0,6.0,1263.0
2021-04-07,De Bilt,260,4.5,291.0,3.4,1017.4,4.0,11.3,16.0,2.0,7.0,81.0,7.0,1037.0
2021-04-08,De Bilt,260,3.9,219.0,5.5,1021.0,4.8,0.0,11.0,1.0,7.0,63.0,8.0,1227.0
2021-04-09,De Bilt,260,4.0,246.0,7.8,1013.3,6.8,0.0,10.0,2.0,5.0,71.0,8.0,1369.0
2021-04-10,De Bilt,260,4.5,36.0,5.0,1012.3,0.2,11.4,11.0,2.0,6.0,86.0,8.0,525.0
2021-04-11,De Bilt,260,4.1,342.0,4.2,1015.3,3.7,1.2,11.0,1.0,6.0,78.0,5.0,1085.0
2021-04-12,De Bilt,260,3.0,272.0,3.5,1027.2,9.0,0.7,11.0,1.0,6.0,77.0,4.0,1663.0
2021-04-13,De Bilt,260,2.1,309.0,4.2,1032.3,7.9,0.0,12.0,0.0,4.0,68.0,4.0,1502.0
2021-04-14,De Bilt,260,2.6,3.0,4.5,1031.4,6.1,0.9,11.0,1.0,5.0,73.0,6.0,1411.0
2021-04-15,De Bilt,260,2.6,28.0,5.3,1030.9,5.9,1.3,9.0,1.0,5.0,70.0,6.0,1384.0
2021-04-16,De Bilt,260,3.5,11.0,6.5,1028.9,11.7,0.0,10.0,2.0,6.0,64.0,1.0,2059.0
2021-04-17,De Bilt,260,3.2,358.0,7.1,1026.3,12.2,0.0,9.0,2.0,5.0,68.0,2.0,2133.0
2021-04-18,De Bilt,260,2.2,328.0,8.4,1022.9,9.1,0.0,7.0,0.0,4.0,75.0,3.0,2044.0
2021-04-19,De Bilt,260,2.0,61.0,8.8,1020.2,3.2,0.0,8.0,0.0,4.0,83.0,5.0,1271.0
2021-04-20,De Bilt,260,1.7,1.0,10.9,1017.6,7.3,0.0,6.0,1.0,3.0,69.0,3.0,1560.0
2021-04-21,De Bilt,260,4.0,359.0,8.1,1020.0,10.5,0.0,12.0,1.0,7.0,73.0,5.0,1976.0
2021-04-22,De Bilt,260,2.8,347.0,6.7,1026.9,8.6,0.0,9.0,1.0,5.0,66.0,6.0,2025.0
2021-04-23,De Bilt,260,2.8,359.0,7.1,1029.5,13.2,0.0,8.0,0.0,5.0,70.0,3.0,2412.0
2021-04-24,De Bilt,260,3.4,30.0,7.6,1028.3,9.3,0.0,11.0,1.0,6.0,65.0,6.0,1873.0
2021-04-25,De Bilt,260,3.5,26.0,7.1,1027.4,5.9,0.0,9.0,1.0,5.0,63.0,5.0,1640.0
2021-04-26,De Bilt,260,3.7,26.0,7.3,1020.1,13.3,0.0,10.0,2.0,5.0,63.0,2.0,2497.0
2021-04-27,De Bilt,260,3.1,80.0,9.2,1010.5,12.1,0.0,10.0,2.0,5.0,50.0,2.0,2384.0
2021-04-28,De Bilt,260,4.0,31.0,10.8,1004.4,7.0,0.0,12.0,2.0,6.0,50.0,5.0,1789.0
2021-04-29,De Bilt,260,4.2,303.0,7.7,1005.8,0.0,5.4,14.0,2.0,6.0,82.0,8.0,337.0
2021-04-30,De Bilt,260,2.0,316.0,7.8,1013.1,1.5,8.3,7.0,1.0,4.0,88.0,8.0,763.0
2021-05-01,De Bilt,260,2.8,293.0,7.7,1014.2,11.3,0.0,9.0,1.0,5.0,74.0,2.0,2000.0
2021-05-02,De Bilt,260,3.1,299.0,6.8,1019.0,8.1,0.0,11.0,1.0,5.0,71.0,4.0,1663.0
2021-05-03,De Bilt,260,4.8,204.0,9.9,1014.1,2.5,0.2,19.0,2.0,9.0,62.0,8.0,1494.0
2021-05-04,De Bilt,260,7.7,236.0,9.0,996.8,2.5,6.7,21.0,4.0,10.0,77.0,8.0,862.0
2021-05-05,De Bilt,260,4.7,272.0,7.1,1005.4,9.0,4.2,17.0,1.0,7.0,74.0,7.0,1846.0
2021-05-06,De Bilt,260,2.1,251.0,5.9,1006.4,5.1,4.2,7.0,1.0,3.0,83.0,7.0,1183.0
2021-05-07,De Bilt,260,2.8,269.0,6.5,1014.7,11.6,1.5,10.0,0.0,5.0,75.0,3.0,2116.0
2021-05-08,De Bilt,260,4.2,162.0,10.4,1010.7,1.6,2.5,11.0,2.0,6.0,78.0,7.0,724.0
2021-05-09,De Bilt,260,3.8,176.0,18.5,1001.0,7.4,1.5,13.0,2.0,7.0,68.0,7.0,1830.0
2021-05-10,De Bilt,260,3.7,206.0,15.9,1004.2,4.0,1.4,14.0,1.0,8.0,74.0,8.0,1242.0
2021-05-11,De Bilt,260,1.2,336.0,13.6,1008.7,0.4,1.0,9.0,1.0,3.0,83.0,8.0,891.0
2021-05-12,De Bilt,260,2.3,271.0,11.5,1010.9,6.9,1.9,11.0,1.0,5.0,78.0,5.0,1779.0
2021-05-13,De Bilt,260,2.0,29.0,12.1,1007.6,7.5,8.7,11.0,1.0,5.0,80.0,6.0,1952.0
2021-05-14,De Bilt,260,1.8,360.0,11.1,1007.8,4.0,0.1,6.0,1.0,3.0,82.0,7.0,1712.0
2021-05-15,De Bilt,260,1.8,176.0,10.6,1002.7,0.9,3.2,10.0,0.0,3.0,86.0,8.0,985.0
2021-05-16,De Bilt,260,3.0,220.0,11.4,1000.0,5.8,7.5,12.0,1.0,5.0,83.0,7.0,1503.0
2021-05-17,De Bilt,260,2.9,249.0,11.1,1003.7,2.7,11.2,10.0,1.0,5.0,86.0,8.0,1100.0
2021-05-18,De Bilt,260,2.4,283.0,11.3,1012.6,9.2,0.8,10.0,0.0,5.0,77.0,5.0,2067.0
2021-05-19,De Bilt,260,2.0,250.0,10.4,1016.6,3.7,8.2,8.0,1.0,4.0,88.0,6.0,1214.0
2021-05-20,De Bilt,260,3.6,190.0,12.2,1015.9,3.6,0.0,12.0,1.0,6.0,74.0,7.0,1624.0
2021-05-21,De Bilt,260,8.3,216.0,13.2,1001.0,9.5,0.1,21.0,5.0,11.0,60.0,6.0,2077.0
2021-05-22,De Bilt,260,4.7,233.0,10.5,1002.4,1.3,7.0,16.0,1.0,8.0,84.0,8.0,799.0
2021-05-23,De Bilt,260,3.8,206.0,11.7,1011.2,3.1,0.9,13.0,1.0,7.0,72.0,8.0,1552.0
2021-05-24,De Bilt,260,3.8,188.0,11.2,1006.9,1.4,16.2,14.0,1.0,5.0,83.0,8.0,1050.0
2021-05-25,De Bilt,260,4.0,243.0,10.2,1011.0,4.5,2.9,14.0,2.0,7.0,83.0,6.0,1304.0
2021-05-26,De Bilt,260,4.3,251.0,10.8,1011.4,4.0,8.4,12.0,3.0,6.0,83.0,7.0,1471.0
2021-05-27,De Bilt,260,3.6,294.0,10.5,1018.6,1.0,4.1,10.0,2.0,5.0,86.0,6.0,731.0
2021-05-28,De Bilt,260,1.8,23.0,12.6,1024.4,12.2,0.0,6.0,1.0,3.0,72.0,5.0,2588.0
2021-05-29,De Bilt,260,2.8,15.0,12.5,1027.1,14.1,0.0,11.0,1.0,4.0,77.0,1.0,2782.0
2021-05-30,De Bilt,260,3.1,37.0,14.9,1027.1,15.0,0.0,9.0,1.0,5.0,70.0,1.0,2877.0
2021-05-31,De Bilt,260,2.5,53.0,16.7,1022.1,15.1,0.0,8.0,1.0,4.0,64.0,0.0,2878.0
2021-06-01,De Bilt,260,3.0,97.0,18.5,1016.9,15.2,0.0,11.0,1.0,5.0,51.0,0.0,3021.0
2021-06-02,De Bilt,260,2.2,116.0,21.0,1014.6,15.4,0.0,7.0,1.0,3.0,56.0,3.0,2936.0
2021-06-03,De Bilt,260,2.6,236.0,20.7,1018.5,7.8,0.0,8.0,0.0,4.0,73.0,7.0,1931.0
2021-06-04,De Bilt,260,2.1,359.0,20.0,1020.3,9.0,1.2,7.0,0.0,4.0,74.0,7.0,2327.0
2021-06-05,De Bilt,260,2.7,300.0,15.7,1021.4,0.0,0.0,7.0,2.0,4.0,89.0,8.0,709.0
2021-06-06,De Bilt,260,3.0,342.0,16.5,1024.1,12.3,0.0,8.0,1.0,4.0,66.0,2.0,2862.0
2021-06-07,De Bilt,260,2.7,18.0,16.8,1024.1,15.2,0.0,9.0,1.0,5.0,67.0,0.0,2987.0
2021-06-08,De Bilt,260,2.0,23.0,19.1,1023.0,15.2,0.0,10.0,1.0,4.0,62.0,3.0,2951.0
2021-06-09,De Bilt,260,1.7,254.0,19.0,1021.6,13.8,0.0,8.0,0.0,4.0,68.0,3.0,2808.0
2021-06-10,De Bilt,260,2.0,262.0,19.3,1020.5,14.3,0.0,7.0,0.0,4.0,67.0,4.0,2761.0
2021-06-11,De Bilt,260,2.5,238.0,18.6,1019.4,7.3,0.0,8.0,0.0,4.0,81.0,8.0,2107.0
2021-06-12,De Bilt,260,3.4,302.0,16.7,1022.1,8.9,0.0,10.0,1.0,5.0,69.0,5.0,2327.0
2021-06-13,De Bilt,260,1.5,334.0,16.6,1026.8,15.3,0.0,5.0,1.0,3.0,66.0,0.0,3018.0
2021-06-14,De Bilt,260,2.5,290.0,20.3,1020.6,14.8,0.0,8.0,1.0,4.0,61.0,4.0,2946.0
2021-06-15,De Bilt,260,2.4,18.0,18.3,1020.7,11.0,0.0,8.0,1.0,4.0,61.0,7.0,2637.0
2021-06-16,De Bilt,260,1.9,110.0,21.6,1013.5,15.0,0.0,7.0,1.0,3.0,65.0,3.0,2855.0
2021-06-17,De Bilt,260,3.1,245.0,24.0,1010.9,10.7,0.0,11.0,1.0,6.0,67.0,5.0,2542.0
2021-06-18,De Bilt,260,3.1,100.0,22.4,1011.9,7.4,17.8,13.0,1.0,5.0,82.0,5.0,2026.0
2021-06-19,De Bilt,260,3.2,261.0,18.1,1012.9,1.8,9.0,10.0,2.0,5.0,85.0,8.0,803.0
2021-06-20,De Bilt,260,3.0,330.0,18.6,1007.8,4.6,0.7,10.0,1.0,6.0,82.0,8.0,1543.0
2021-06-21,De Bilt,260,3.8,16.0,14.0,1011.0,0.2,10.8,10.0,2.0,5.0,88.0,8.0,830.0
2021-06-22,De Bilt,260,3.8,24.0,14.5,1017.9,4.9,0.5,10.0,1.0,6.0,71.0,8.0,1807.0
2021-06-23,De Bilt,260,2.5,14.0,14.6,1021.8,1.0,0.7,7.0,0.0,4.0,74.0,8.0,1552.0
2021-06-24,De Bilt,260,2.0,352.0,15.0,1020.6,2.5,0.0,6.0,1.0,3.0,73.0,6.0,1622.0
2021-06-25,De Bilt,260,2.5,193.0,14.8,1017.7,0.4,1.3,8.0,1.0,5.0,87.0,7.0,1055.0
2021-06-26,De Bilt,260,2.4,81.0,19.8,1018.4,8.1,0.0,7.0,1.0,4.0,77.0,8.0,2302.0
2021-06-27,De Bilt,260,3.6,80.0,20.8,1015.5,6.0,6.8,14.0,2.0,6.0,76.0,7.0,2045.0
2021-06-28,De Bilt,260,1.4,5.0,20.3,1013.5,4.6,0.0,4.0,1.0,2.0,86.0,7.0,1238.0
2021-06-29,De Bilt,260,2.6,325.0,17.3,1011.7,0.3,1.2,8.0,1.0,4.0,91.0,8.0,821.0
2021-06-30,De Bilt,260,2.8,313.0,14.0,1012.6,0.0,2.6,8.0,2.0,3.0,93.0,8.0,443.0
2021-07-01,De Bilt,260,3.1,267.0,15.0,1015.3,0.5,0.6,9.0,2.0,4.0,84.0,8.0,696.0
2021-07-02,De Bilt,260,1.8,218.0,16.6,1016.9,2.9,0.2,5.0,1.0,3.0,84.0,7.0,1193.0
2021-07-03,De Bilt,260,2.1,135.0,18.4,1014.3,4.0,7.7,13.0,1.0,4.0,83.0,7.0,1528.0
2021-07-04,De Bilt,260,1.5,230.0,18.1,1009.5,3.7,5.7,8.0,1.0,4.0,86.0,7.0,1532.0
2021-07-05,De Bilt,260,2.8,181.0,16.7,1007.5,3.3,4.7,9.0,1.0,5.0,87.0,8.0,1383.0
2021-07-06,De Bilt,260,5.3,194.0,18.0,1005.0,5.1,0.5,18.0,3.0,8.0,72.0,7.0,1459.0
2021-07-07,De Bilt,260,2.8,201.0,17.2,1014.7,5.8,0.0,11.0,0.0,5.0,76.0,5.0,1772.0
2021-07-08,De Bilt,260,1.8,319.0,18.1,1020.5,6.7,0.0,7.0,0.0,3.0,74.0,7.0,1995.0
2021-07-09,De Bilt,260,1.9,268.0,17.6,1021.0,11.6,0.0,8.0,0.0,4.0,78.0,3.0,2612.0
2021-07-10,De Bilt,260,1.5,332.0,18.4,1016.5,3.7,0.0,6.0,1.0,3.0,78.0,8.0,1702.0
2021-07-11,De Bilt,260,1.8,287.0,18.8,1015.8,5.8,0.0,7.0,1.0,4.0,81.0,7.0,1781.0
2021-07-12,De Bilt,260,2.1,113.0,19.7,1010.9,5.1,0.0,8.0,0.0,4.0,78.0,8.0,1885.0
2021-07-13,De Bilt,260,2.9,350.0,18.8,1010.8,0.0,0.5,8.0,1.0,4.0,91.0,8.0,505.0
2021-07-14,De Bilt,260,4.1,329.0,18.8,1011.4,1.5,1.2,10.0,3.0,5.0,90.0,8.0,824.0
2021-07-15,De Bilt,260,4.6,349.0,17.8,1016.4,0.0,6.3,12.0,3.0,6.0,91.0,8.0,289.0
2021-07-16,De Bilt,260,3.4,343.0,18.0,1023.2,7.4,0.0,9.0,2.0,5.0,74.0,6.0,1886.0
2021-07-17,De Bilt,260,3.3,360.0,20.0,1026.0,13.9,0.0,10.0,1.0,5.0,73.0,1.0,2798.0
2021-07-18,De Bilt,260,2.7,334.0,20.2,1023.8,15.0,0.0,9.0,0.0,5.0,74.0,0.0,2759.0
2021-07-19,De Bilt,260,2.0,20.0,17.4,1022.3,8.5,0.0,7.0,0.0,4.0,75.0,3.0,1940.0
2021-07-20,De Bilt,260,1.8,39.0,17.2,1021.8,13.6,0.0,7.0,0.0,3.0,71.0,1.0,2729.0
2021-07-21,De Bilt,260,1.7,350.0,19.4,1023.2,11.8,0.0,5.0,0.0,3.0,69.0,2.0,2480.0
2021-07-22,De Bilt,260,2.9,6.0,18.3,1022.3,13.0,0.0,8.0,1.0,4.0,71.0,1.0,2530.0
2021-07-23,De Bilt,260,2.6,53.0,17.0,1017.6,5.8,0.0,8.0,1.0,4.0,77.0,5.0,1567.0
2021-07-24,De Bilt,260,2.1,73.0,18.2,1009.5,2.6,0.1,7.0,0.0,3.0,84.0,8.0,1005.0
2021-07-25,De Bilt,260,2.0,183.0,19.7,1007.9,8.7,19.0,8.0,1.0,4.0,84.0,6.0,1917.0
2021-07-26,De Bilt,260,2.3,185.0,18.3,1009.4,4.5,20.1,9.0,1.0,4.0,90.0,7.0,1441.0
2021-07-27,De Bilt,260,2.7,199.0,17.6,1010.2,1.9,15.1,9.0,1.0,4.0,89.0,7.0,1119.0
2021-07-28,De Bilt,260,4.6,211.0,17.6,1008.5,4.0,3.3,14.0,2.0,7.0,80.0,6.0,1264.0
2021-07-29,De Bilt,260,5.0,234.0,17.3,1009.8,12.9,0.9,15.0,2.0,7.0,66.0,5.0,2464.0
2021-07-30,De Bilt,260,4.0,199.0,17.0,1006.3,4.8,4.0,17.0,1.0,7.0,76.0,7.0,1401.0
2021-07-31,De Bilt,260,3.9,248.0,16.4,1007.0,6.1,8.6,13.0,1.0,7.0,86.0,5.0,1447.0
2021-08-01,De Bilt,260,2.8,267.0,16.0,1009.9,3.5,2.3,9.0,1.0,4.0,86.0,6.0,1317.0
2021-08-02,De Bilt,260,1.8,304.0,15.3,1014.2,7.3,0.0,9.0,0.0,3.0,75.0,6.0,1629.0
2021-08-03,De Bilt,260,1.5,34.0,14.3,1013.8,1.8,6.4,5.0,0.0,3.0,85.0,7.0,1011.0
2021-08-04,De Bilt,260,1.5,25.0,16.1,1013.3,6.7,0.6,7.0,0.0,3.0,81.0,4.0,1660.0
2021-08-05,De Bilt,260,1.7,129.0,18.3,1007.3,7.0,0.0,6.0,0.0,3.0,77.0,6.0,1750.0
2021-08-06,De Bilt,260,4.6,209.0,18.8,1001.7,6.3,2.1,13.0,3.0,7.0,75.0,7.0,1540.0
2021-08-07,De Bilt,260,3.8,185.0,17.0,1001.3,6.2,7.7,12.0,2.0,5.0,80.0,6.0,1668.0
2021-08-08,De Bilt,260,5.2,212.0,16.3,1007.4,4.3,8.4,15.0,4.0,7.0,82.0,7.0,1415.0
2021-08-09,De Bilt,260,3.5,204.0,16.6,1014.0,5.1,12.1,17.0,2.0,6.0,81.0,7.0,1334.0
2021-08-10,De Bilt,260,2.8,238.0,16.8,1015.8,10.2,1.9,9.0,0.0,4.0,80.0,4.0,1849.0
2021-08-11,De Bilt,260,1.9,184.0,17.4,1018.9,12.4,0.0,6.0,1.0,4.0,77.0,5.0,2311.0
2021-08-12,De Bilt,260,2.1,221.0,19.0,1019.2,8.7,0.0,8.0,0.0,4.0,78.0,6.0,2070.0
2021-08-13,De Bilt,260,3.1,238.0,17.7,1021.1,5.3,0.0,10.0,1.0,5.0,77.0,7.0,1561.0
2021-08-14,De Bilt,260,2.6,222.0,17.6,1019.7,7.1,0.0,9.0,1.0,4.0,80.0,6.0,1476.0
2021-08-15,De Bilt,260,3.3,232.0,19.1,1012.5,7.6,0.0,11.0,1.0,5.0,76.0,7.0,1978.0
2021-08-16,De Bilt,260,4.4,274.0,15.9,1012.5,4.6,6.5,15.0,3.0,6.0,75.0,6.0,1141.0
2021-08-17,De Bilt,260,2.7,245.0,14.7,1016.2,0.2,4.7,10.0,2.0,4.0,89.0,8.0,446.0
2021-08-18,De Bilt,260,2.5,249.0,16.8,1014.6,0.1,1.6,9.0,1.0,4.0,85.0,8.0,737.0
2021-08-19,De Bilt,260,2.7,233.0,16.5,1013.5,0.0,0.4,10.0,2.0,5.0,87.0,8.0,461.0
2021-08-20,De Bilt,260,2.2,240.0,17.5,1016.3,4.3,0.0,8.0,0.0,4.0,85.0,6.0,1228.0
2021-08-21,De Bilt,260,1.8,133.0,18.7,1016.8,3.8,11.9,6.0,1.0,3.0,84.0,8.0,1426.0
2021-08-22,De Bilt,260,3.1,267.0,17.9,1015.3,1.0,18.8,10.0,1.0,4.0,92.0,8.0,766.0
2021-08-23,De Bilt,260,3.8,16.0,18.2,1024.5,8.0,0.0,9.0,3.0,5.0,77.0,4.0,1709.0
2021-08-24,De Bilt,260,3.4,27.0,17.1,1028.2,10.8,0.0,9.0,1.0,5.0,81.0,5.0,1878.0
2021-08-25,De Bilt,260,2.5,333.0,16.2,1022.5,8.4,0.2,8.0,1.0,4.0,84.0,6.0,1864.0
2021-08-26,De Bilt,260,3.4,333.0,16.3,1016.4,4.9,0.5,10.0,2.0,5.0,76.0,6.0,1288.0
2021-08-27,De Bilt,260,3.5,336.0,15.8,1019.0,6.9,1.9,13.0,2.0,6.0,82.0,6.0,1447.0
2021-08-28,De Bilt,260,3.8,360.0,17.0,1021.1,4.5,2.7,13.0,2.0,6.0,80.0,7.0,1336.0
2021-08-29,De Bilt,260,3.3,343.0,16.2,1020.5,0.0,1.1,11.0,2.0,4.0,90.0,8.0,370.0
2021-08-30,De Bilt,260,3.5,356.0,17.6,1021.8,3.9,0.0,10.0,2.0,6.0,84.0,6.0,1234.0
2021-08-31,De Bilt,260,2.9,349.0,16.3,1026.5,4.2,0.0,10.0,1.0,5.0,83.0,6.0,1240.0
2021-09-01,De Bilt,260,1.8,360.0,16.5,1028.6,0.2,0.0,7.0,1.0,3.0,76.0,8.0,685.0
2021-09-02,De Bilt,260,1.9,41.0,16.3,1026.8,5.6,0.0,6.0,1.0,4.0,76.0,4.0,1442.0
2021-09-03,De Bilt,260,2.7,34.0,16.4,1021.4,11.0,0.0,7.0,1.0,4.0,83.0,0.0,1729.0
2021-09-04,De Bilt,260,2.9,54.0,15.4,1019.4,8.2,0.0,7.0,2.0,4.0,82.0,4.0,1700.0
2021-09-05,De Bilt,260,1.9,40.0,15.6,1021.6,12.3,0.0,5.0,1.0,3.0,79.0,2.0,1946.0
2021-09-06,De Bilt,260,1.2,32.0,16.5,1024.2,9.2,0.0,3.0,1.0,2.0,78.0,7.0,1602.0
2021-09-07,De Bilt,260,1.6,120.0,18.3,1022.8,8.0,0.0,5.0,0.0,3.0,79.0,8.0,1560.0
2021-09-08,De Bilt,260,2.5,102.0,19.4,1015.6,12.2,0.0,7.0,1.0,4.0,74.0,2.0,1831.0
2021-09-09,De Bilt,260,2.3,178.0,19.7,1010.0,9.9,0.0,10.0,1.0,5.0,80.0,7.0,1579.0
2021-09-10,De Bilt,260,2.4,196.0,19.5,1012.3,2.0,6.3,7.0,1.0,4.0,90.0,7.0,892.0
2021-09-11,De Bilt,260,3.1,232.0,18.3,1015.9,1.3,1.0,9.0,2.0,5.0,87.0,7.0,767.0
2021-09-12,De Bilt,260,2.3,250.0,15.9,1018.0,3.9,0.0,8.0,0.0,4.0,84.0,8.0,973.0
2021-09-13,De Bilt,260,1.6,53.0,14.5,1018.6,2.1,0.0,6.0,0.0,3.0,87.0,8.0,962.0
2021-09-14,De Bilt,260,2.4,95.0,17.3,1013.5,4.9,1.0,6.0,0.0,4.0,86.0,7.0,1188.0
2021-09-15,De Bilt,260,2.2,270.0,16.8,1011.7,0.3,0.0,8.0,1.0,4.0,87.0,7.0,521.0
2021-09-16,De Bilt,260,2.6,289.0,16.2,1016.7,8.2,0.0,9.0,1.0,4.0,79.0,6.0,1222.0
2021-09-17,De Bilt,260,1.4,248.0,15.9,1016.0,3.9,0.0,6.0,0.0,3.0,87.0,8.0,946.0
2021-09-18,De Bilt,260,1.7,72.0,15.3,1016.6,7.3,0.0,6.0,0.0,4.0,82.0,7.0,1314.0
2021-09-19,De Bilt,260,3.2,97.0,15.4,1015.7,6.9,0.0,7.0,2.0,4.0,80.0,8.0,1320.0
2021-09-20,De Bilt,260,3.0,70.0,11.9,1022.6,8.2,0.0,10.0,1.0,6.0,75.0,7.0,1273.0
2021-09-21,De Bilt,260,1.3,256.0,11.8,1029.9,9.8,0.0,5.0,0.0,2.0,76.0,7.0,1342.0
2021-09-22,De Bilt,260,2.1,220.0,13.2,1027.0,9.2,0.0,7.0,1.0,3.0,80.0,5.0,1409.0
2021-09-23,De Bilt,260,3.7,249.0,15.8,1017.9,3.5,0.0,11.0,1.0,6.0,80.0,7.0,789.0
2021-09-24,De Bilt,260,3.8,227.0,17.9,1015.2,5.3,0.0,12.0,2.0,6.0,79.0,7.0,1030.0
2021-09-25,De Bilt,260,2.1,170.0,16.9,1015.1,3.0,0.0,6.0,1.0,3.0,87.0,6.0,753.0
2021-09-26,De Bilt,260,2.4,177.0,17.7,1014.0,5.1,0.0,7.0,1.0,4.0,84.0,8.0,1029.0
2021-09-27,De Bilt,260,3.7,194.0,15.4,1014.4,2.0,4.9,14.0,2.0,6.0,87.0,5.0,588.0
2021-09-28,De Bilt,260,3.2,179.0,14.0,1020.0,9.9,0.0,9.0,2.0,5.0,78.0,5.0,1330.0
2021-09-29,De Bilt,260,3.8,228.0,11.8,1016.4,1.7,14.6,15.0,3.0,7.0,84.0,7.0,515.0
2021-09-30,De Bilt,260,4.5,202.0,12.3,1022.1,3.1,0.0,11.0,3.0,6.0,73.0,6.0,740.0
2021-10-01,De Bilt,260,4.9,186.0,13.5,1013.2,0.3,6.2,14.0,3.0,7.0,81.0,8.0,420.0
2021-10-02,De Bilt,260,4.6,174.0,14.4,1004.1,2.5,7.1,15.0,2.0,8.0,87.0,8.0,669.0
2021-10-03,De Bilt,260,3.3,213.0,12.9,1000.5,1.2,21.5,12.0,0.0,6.0,91.0,8.0,328.0
2021-10-04,De Bilt,260,4.5,181.0,13.5,1012.9,8.7,0.0,13.0,3.0,7.0,77.0,4.0,1160.0
2021-10-05,De Bilt,260,4.8,176.0,12.7,1004.8,5.7,5.0,13.0,3.0,7.0,82.0,5.0,705.0
2021-10-06,De Bilt,260,3.2,243.0,12.3,1013.2,2.6,25.2,12.0,1.0,5.0,91.0,6.0,560.0
2021-10-07,De Bilt,260,1.8,131.0,10.5,1027.7,9.0,0.0,5.0,1.0,3.0,94.0,7.0,1162.0
2021-10-08,De Bilt,260,1.8,64.0,10.7,1030.9,8.5,0.0,6.0,1.0,3.0,88.0,3.0,1145.0
2021-10-09,De Bilt,260,1.9,74.0,9.8,1029.1,10.1,0.0,6.0,1.0,4.0,90.0,4.0,1175.0
2021-10-10,De Bilt,260,1.1,315.0,10.2,1027.0,5.7,0.9,7.0,0.0,3.0,91.0,6.0,896.0
2021-10-11,De Bilt,260,2.1,292.0,11.8,1026.3,4.3,0.1,9.0,1.0,4.0,85.0,8.0,735.0
2021-10-12,De Bilt,260,2.6,310.0,10.1,1021.2,4.6,7.5,11.0,1.0,5.0,88.0,5.0,696.0
2021-10-13,De Bilt,260,2.3,267.0,10.1,1025.3,2.3,0.0,7.0,1.0,4.0,83.0,8.0,617.0
2021-10-14,De Bilt,260,3.6,232.0,13.7,1021.7,1.1,0.4,9.0,3.0,5.0,87.0,8.0,390.0
2021-10-15,De Bilt,260,2.7,291.0,10.5,1018.4,6.6,3.3,11.0,0.0,5.0,84.0,5.0,867.0
2021-10-16,De Bilt,260,2.0,200.0,10.3,1021.4,3.7,0.0,7.0,0.0,4.0,78.0,8.0,637.0
2021-10-17,De Bilt,260,2.8,187.0,11.3,1020.1,1.4,0.0,7.0,2.0,4.0,73.0,8.0,539.0
2021-10-18,De Bilt,260,2.8,162.0,11.5,1020.3,3.2,0.0,7.0,2.0,4.0,83.0,8.0,625.0
2021-10-19,De Bilt,260,4.4,198.0,16.3,1014.2,1.8,1.2,12.0,3.0,6.0,92.0,7.0,286.0
2021-10-20,De Bilt,260,5.3,210.0,15.6,1000.7,1.1,14.4,19.0,2.0,8.0,83.0,8.0,299.0
2021-10-21,De Bilt,260,4.5,252.0,10.0,1001.7,3.6,14.5,23.0,2.0,8.0,80.0,7.0,474.0
2021-10-22,De Bilt,260,3.6,257.0,8.4,1016.7,2.6,4.1,15.0,2.0,6.0,84.0,5.0,458.0
2021-10-23,De Bilt,260,1.9,166.0,7.3,1026.5,0.0,0.0,5.0,1.0,3.0,92.0,7.0,304.0
2021-10-24,De Bilt,260,2.9,156.0,7.9,1022.0,9.0,0.0,7.0,2.0,4.0,84.0,0.0,938.0
2021-10-25,De Bilt,260,3.2,193.0,10.7,1016.8,0.0,1.4,8.0,2.0,4.0,91.0,8.0,227.0
2021-10-26,De Bilt,260,4.0,211.0,12.6,1019.1,2.5,0.5,11.0,3.0,5.0,89.0,8.0,384.0
2021-10-27,De Bilt,260,4.3,209.0,13.4,1020.7,4.0,0.0,13.0,2.0,6.0,86.0,7.0,526.0
2021-10-28,De Bilt,260,3.6,159.0,11.4,1014.1,8.7,0.0,10.0,2.0,6.0,83.0,1.0,841.0
2021-10-29,De Bilt,260,4.8,168.0,13.1,1005.4,5.7,0.0,12.0,3.0,7.0,78.0,4.0,664.0
2021-10-30,De Bilt,260,4.0,169.0,12.0,1001.5,0.0,15.9,12.0,3.0,6.0,94.0,8.0,131.0
2021-10-31,De Bilt,260,4.1,172.0,11.5,999.6,1.8,15.5,16.0,2.0,6.0,90.0,7.0,353.0
2021-11-01,De Bilt,260,5.0,191.0,9.4,997.5,5.1,0.8,14.0,2.0,7.0,84.0,4.0,628.0
2021-11-02,De Bilt,260,2.5,187.0,7.0,999.0,0.0,0.5,7.0,1.0,3.0,93.0,6.0,222.0
2021-11-03,De Bilt,260,1.0,99.0,5.0,1001.9,1.7,0.0,6.0,0.0,2.0,98.0,8.0,398.0
2021-11-04,De Bilt,260,1.2,290.0,5.8,1007.9,2.5,1.8,6.0,0.0,2.0,96.0,6.0,368.0
2021-11-05,De Bilt,260,2.4,259.0,7.7,1022.7,5.5,0.0,7.0,2.0,3.0,86.0,5.0,508.0
2021-11-06,De Bilt,260,5.2,216.0,9.7,1023.2,0.0,1.5,13.0,4.0,7.0,87.0,8.0,230.0
2021-11-07,De Bilt,260,3.7,262.0,9.9,1016.3,5.1,1.9,15.0,2.0,6.0,79.0,5.0,463.0
2021-11-08,De Bilt,260,2.1,228.0,8.1,1022.5,2.0,0.2,7.0,1.0,3.0,87.0,7.0,379.0
2021-11-09,De Bilt,260,2.9,185.0,8.2,1025.4,0.7,0.0,7.0,1.0,4.0,87.0,7.0,304.0
2021-11-10,De Bilt,260,1.8,178.0,8.9,1024.1,0.0,0.0,5.0,1.0,3.0,82.0,8.0,174.0
2021-11-11,De Bilt,260,2.2,180.0,9.7,1023.6,0.5,0.1,6.0,2.0,3.0,88.0,8.0,178.0
2021-11-12,De Bilt,260,3.6,170.0,7.4,1014.7,1.8,0.2,10.0,2.0,5.0,89.0,7.0,292.0
2021-11-13,De Bilt,260,1.9,207.0,10.9,1011.8,0.6,11.4,9.0,1.0,5.0,96.0,8.0,249.0
2021-11-14,De Bilt,260,2.3,55.0,9.7,1023.6,0.0,0.0,7.0,1.0,3.0,90.0,8.0,172.0
2021-11-15,De Bilt,260,2.7,56.0,6.6,1026.7,0.0,0.0,6.0,2.0,4.0,88.0,8.0,68.0
2021-11-16,De Bilt,260,1.8,192.0,5.1,1022.8,0.0,0.0,6.0,1.0,3.0,89.0,8.0,51.0
2021-11-17,De Bilt,260,3.0,232.0,8.2,1021.5,3.0,0.9,9.0,2.0,4.0,87.0,6.0,277.0
2021-11-18,De Bilt,260,3.8,224.0,10.0,1026.9,4.0,0.0,10.0,3.0,6.0,87.0,8.0,435.0
2021-11-19,De Bilt,260,3.3,245.0,11.9,1028.6,1.4,0.0,10.0,2.0,4.0,88.0,7.0,267.0
2021-11-20,De Bilt,260,3.3,223.0,10.1,1022.1,0.0,1.7,8.0,2.0,4.0,89.0,8.0,76.0
2021-11-21,De Bilt,260,2.8,328.0,8.0,1014.4,6.2,3.4,10.0,2.0,5.0,85.0,4.0,476.0
2021-11-22,De Bilt,260,1.8,10.0,3.6,1027.6,7.5,0.0,6.0,0.0,3.0,85.0,1.0,501.0
2021-11-23,De Bilt,260,1.3,310.0,6.4,1029.9,1.6,1.4,6.0,0.0,2.0,95.0,8.0,272.0
2021-11-24,De Bilt,260,2.0,158.0,6.1,1021.1,0.8,0.0,6.0,1.0,4.0,95.0,8.0,178.0
2021-11-25,De Bilt,260,2.0,242.0,5.5,1010.8,1.5,1.6,9.0,1.0,3.0,89.0,7.0,236.0
2021-11-26,De Bilt,260,4.1,207.0,4.4,992.1,0.6,9.8,16.0,1.0,8.0,90.0,8.0,170.0
2021-11-27,De Bilt,260,2.9,220.0,3.0,989.0,0.0,18.0,9.0,1.0,5.0,93.0,8.0,112.0
2021-11-28,De Bilt,260,1.7,307.0,2.2,998.9,1.3,0.5,8.0,0.0,4.0,94.0,7.0,171.0
2021-11-29,De Bilt,260,3.0,270.0,4.3,1008.2,5.0,1.1,9.0,2.0,5.0,85.0,5.0,389.0
2021-11-30,De Bilt,260,4.4,250.0,8.6,1005.2,0.0,19.7,12.0,1.0,7.0,96.0,8.0,53.0
2021-12-01,De Bilt,260,6.0,247.0,8.0,993.2,0.4,6.5,19.0,2.0,10.0,84.0,7.0,166.0
2021-12-02,De Bilt,260,2.4,287.0,2.3,1004.1,2.9,5.3,10.0,1.0,3.0,90.0,6.0,290.0
2021-12-03,De Bilt,260,5.3,205.0,3.5,1005.1,0.0,0.1,15.0,2.0,8.0,90.0,8.0,137.0
2021-12-04,De Bilt,260,2.8,198.0,4.9,996.0,0.0,4.2,10.0,2.0,4.0,95.0,8.0,69.0
2021-12-05,De Bilt,260,2.8,153.0,4.3,1002.9,0.0,0.0,8.0,2.0,4.0,90.0,8.0,144.0
2021-12-06,De Bilt,260,3.5,162.0,3.0,1010.1,0.0,7.5,11.0,1.0,6.0,93.0,8.0,114.0
2021-12-07,De Bilt,260,4.6,161.0,4.0,1002.6,5.7,4.7,15.0,2.0,8.0,87.0,7.0,349.0
2021-12-08,De Bilt,260,5.0,181.0,5.1,995.8,3.1,0.2,12.0,3.0,7.0,84.0,3.0,284.0
2021-12-09,De Bilt,260,3.6,179.0,3.6,1001.1,0.0,0.0,9.0,3.0,4.0,91.0,6.0,146.0
2021-12-10,De Bilt,260,3.4,117.0,3.0,995.7,0.0,0.1,10.0,1.0,6.0,87.0,8.0,120.0
2021-12-11,De Bilt,260,2.4,209.0,4.3,1014.8,4.9,1.1,8.0,0.0,4.0,92.0,7.0,350.0
2021-12-12,De Bilt,260,4.4,214.0,8.9,1020.8,0.0,3.7,10.0,3.0,5.0,97.0,8.0,84.0
2021-12-13,De Bilt,260,3.5,202.0,9.7,1025.7,0.0,0.0,8.0,3.0,4.0,88.0,8.0,116.0
2021-12-14,De Bilt,260,3.8,221.0,9.0,1026.8,0.0,0.5,8.0,3.0,5.0,94.0,8.0,93.0
2021-12-15,De Bilt,260,3.5,226.0,9.8,1030.5,0.0,0.0,8.0,2.0,4.0,93.0,8.0,135.0
2021-12-16,De Bilt,260,1.3,243.0,6.5,1037.4,6.8,0.0,4.0,0.0,2.0,96.0,5.0,343.0
2021-12-17,De Bilt,260,1.5,35.0,7.7,1040.7,0.0,0.0,5.0,0.0,3.0,95.0,8.0,86.0
2021-12-18,De Bilt,260,1.8,7.0,6.2,1039.3,0.0,0.1,6.0,1.0,3.0,98.0,8.0,138.0
2021-12-19,De Bilt,260,2.4,317.0,6.8,1031.6,0.2,0.3,6.0,2.0,3.0,95.0,8.0,88.0
2021-12-20,De Bilt,260,1.4,17.0,3.5,1028.4,1.5,0.0,5.0,0.0,2.0,83.0,5.0,190.0
2021-12-21,De Bilt,260,1.2,108.0,-2.2,1026.8,6.6,0.0,3.0,0.0,2.0,91.0,0.0,378.0
2021-12-22,De Bilt,260,2.3,141.0,-2.4,1022.8,6.2,0.0,6.0,1.0,3.0,91.0,8.0,340.0
2021-12-23,De Bilt,260,4.2,200.0,2.3,1008.8,0.7,1.4,11.0,3.0,5.0,89.0,8.0,177.0
2021-12-24,De Bilt,260,3.6,265.0,7.8,1004.1,0.0,5.5,10.0,1.0,5.0,95.0,8.0,78.0
2021-12-25,De Bilt,260,5.2,69.0,-1.0,1009.0,6.3,0.0,12.0,4.0,7.0,73.0,3.0,390.0
2021-12-26,De Bilt,260,3.5,95.0,-1.0,1005.7,2.4,0.0,7.0,3.0,4.0,74.0,7.0,215.0
2021-12-27,De Bilt,260,3.3,141.0,5.6,997.8,1.0,1.2,8.0,3.0,4.0,97.0,8.0,162.0
2021-12-28,De Bilt,260,4.5,216.0,8.8,992.0,1.2,5.8,17.0,3.0,7.0,95.0,8.0,107.0
2021-12-29,De Bilt,260,3.7,231.0,9.5,1005.1,0.0,5.0,10.0,2.0,5.0,95.0,8.0,87.0
2021-12-30,De Bilt,260,6.4,236.0,12.9,1013.5,0.0,1.6,15.0,5.0,8.0,91.0,8.0,92.0
2021-12-31,De Bilt,260,5.5,227.0,12.8,1017.8,0.4,0.0,14.0,4.0,7.0,85.0,8.0,144.0
2022-01-01,De Bilt,260,4.0,194.0,12.3,1020.7,1.7,0.3,9.0,3.0,5.0,87.0,8.0,220.0
2022-01-02,De Bilt,260,6.2,225.0,11.7,1011.0,1.0,13.2,17.0,4.0,8.0,84.0,8.0,170.0
2022-01-03,De Bilt,260,5.5,228.0,9.7,1007.4,2.3,0.0,13.0,4.0,7.0,85.0,7.0,180.0
2022-01-04,De Bilt,260,3.3,255.0,6.5,997.8,0.9,0.3,10.0,2.0,4.0,85.0,7.0,155.0
2022-01-05,De Bilt,260,4.5,270.0,5.1,1006.3,0.5,5.4,14.0,2.0,7.0,81.0,5.0,119.0
2022-01-06,De Bilt,260,3.4,215.0,3.7,1017.0,5.1,0.0,12.0,2.0,6.0,82.0,5.0,320.0
2022-01-07,De Bilt,260,4.4,210.0,3.7,1009.3,1.5,3.3,13.0,2.0,6.0,86.0,7.0,171.0
2022-01-08,De Bilt,260,4.3,182.0,2.9,1001.4,0.0,14.7,13.0,1.0,8.0,93.0,7.0,126.0
2022-01-09,De Bilt,260,3.5,267.0,4.6,1000.3,4.3,2.5,13.0,1.0,6.0,84.0,5.0,347.0
2022-01-10,De Bilt,260,2.2,166.0,1.7,1021.9,3.7,0.0,7.0,1.0,3.0,94.0,5.0,331.0
2022-01-11,De Bilt,260,3.0,174.0,2.3,1032.6,2.5,0.6,7.0,2.0,4.0,88.0,8.0,267.0
2022-01-12,De Bilt,260,1.8,223.0,4.0,1039.3,0.2,0.2,6.0,1.0,3.0,97.0,8.0,219.0
2022-01-13,De Bilt,260,3.0,225.0,4.3,1039.8,0.0,0.0,7.0,2.0,4.0,99.0,8.0,131.0
2022-01-14,De Bilt,260,1.5,210.0,4.6,1035.4,0.0,0.0,6.0,0.0,3.0,97.0,8.0,121.0
2022-01-15,De Bilt,260,3.1,149.0,2.3,1027.6,0.0,0.0,7.0,2.0,4.0,98.0,8.0,100.0
2022-01-16,De Bilt,260,3.4,236.0,5.3,1024.8,0.0,0.0,9.0,2.0,5.0,91.0,8.0,114.0
2022-01-17,De Bilt,260,2.9,287.0,6.4,1034.2,1.0,0.0,9.0,1.0,4.0,87.0,5.0,183.0
2022-01-18,De Bilt,260,1.5,213.0,3.4,1037.5,0.0,0.0,5.0,0.0,3.0,98.0,8.0,143.0
2022-01-19,De Bilt,260,2.9,243.0,3.6,1024.2,0.0,0.8,10.0,1.0,5.0,92.0,7.0,92.0
2022-01-20,De Bilt,260,3.5,326.0,3.5,1029.1,3.0,1.8,17.0,1.0,5.0,80.0,6.0,321.0
2022-01-21,De Bilt,260,2.6,283.0,4.1,1033.9,1.5,0.0,7.0,2.0,3.0,88.0,6.0,201.0
2022-01-22,De Bilt,260,2.3,272.0,6.4,1034.3,0.0,0.0,7.0,2.0,3.0,88.0,8.0,100.0
2022-01-23,De Bilt,260,1.5,174.0,6.1,1035.6,0.0,0.0,4.0,0.0,2.0,90.0,8.0,170.0
2022-01-24,De Bilt,260,1.7,93.0,4.5,1034.5,0.0,0.0,5.0,1.0,2.0,77.0,8.0,141.0
2022-01-25,De Bilt,260,1.4,32.0,3.0,1034.1,0.0,0.0,4.0,1.0,2.0,81.0,8.0,103.0
2022-01-26,De Bilt,260,3.5,223.0,4.2,1030.5,0.0,0.0,10.0,1.0,6.0,83.0,8.0,120.0
2022-01-27,De Bilt,260,5.0,261.0,7.0,1024.3,0.2,3.5,14.0,3.0,6.0,84.0,7.0,140.0
2022-01-28,De Bilt,260,3.7,247.0,6.6,1032.0,6.0,0.0,10.0,2.0,6.0,80.0,6.0,507.0
2022-01-29,De Bilt,260,5.8,259.0,9.1,1023.5,2.0,0.5,16.0,4.0,8.0,83.0,7.0,253.0
2022-01-30,De Bilt,260,3.6,279.0,6.0,1026.3,6.0,0.0,11.0,2.0,5.0,69.0,5.0,480.0
2022-01-31,De Bilt,260,7.1,300.0,5.7,1012.8,0.0,10.2,21.0,3.0,9.0,80.0,8.0,91.0
2022-02-01,De Bilt,260,5.2,270.0,7.4,1015.0,0.0,3.5,15.0,3.0,7.0,83.0,8.0,114.0
2022-02-02,De Bilt,260,3.7,274.0,8.7,1019.1,5.8,0.5,12.0,2.0,6.0,83.0,6.0,558.0
2022-02-03,De Bilt,260,4.6,218.0,7.6,1014.3,0.0,0.7,10.0,4.0,6.0,90.0,8.0,125.0
2022-02-04,De Bilt,260,5.6,236.0,6.7,1009.1,0.2,6.1,16.0,4.0,9.0,82.0,7.0,173.0
2022-02-05,De Bilt,260,5.8,234.0,6.4,1016.1,5.2,9.6,16.0,3.0,8.0,79.0,7.0,502.0
2022-02-06,De Bilt,260,7.0,257.0,7.4,1002.5,0.8,24.9,18.0,4.0,9.0,84.0,7.0,164.0
2022-02-07,De Bilt,260,4.9,265.0,6.3,1022.0,7.9,0.6,18.0,3.0,7.0,73.0,7.0,702.0
2022-02-08,De Bilt,260,5.4,237.0,10.0,1025.5,1.9,0.1,15.0,4.0,7.0,80.0,8.0,413.0
2022-02-09,De Bilt,260,4.7,225.0,8.9,1023.7,0.2,0.8,13.0,3.0,6.0,91.0,8.0,255.0
2022-02-10,De Bilt,260,3.0,261.0,6.8,1020.1,2.0,1.7,9.0,1.0,4.0,81.0,7.0,427.0
2022-02-11,De Bilt,260,3.6,301.0,3.8,1029.4,5.5,1.7,13.0,1.0,6.0,75.0,5.0,635.0
2022-02-12,De Bilt,260,4.0,177.0,2.6,1025.6,8.4,0.0,11.0,2.0,7.0,72.0,7.0,835.0
2022-02-13,De Bilt,260,5.8,175.0,6.1,1008.0,4.7,0.0,12.0,4.0,7.0,68.0,8.0,598.0
2022-02-14,De Bilt,260,6.3,208.0,9.0,999.8,3.4,1.9,17.0,3.0,8.0,75.0,7.0,503.0
2022-02-15,De Bilt,260,5.3,218.0,7.5,1006.8,4.0,6.8,15.0,3.0,9.0,85.0,8.0,523.0
2022-02-16,De Bilt,260,7.9,232.0,11.1,994.3,0.0,10.3,24.0,4.0,11.0,89.0,8.0,190.0
2022-02-17,De Bilt,260,7.3,261.0,9.0,1004.2,5.4,0.4,23.0,3.0,11.0,66.0,6.0,712.0
2022-02-18,De Bilt,260,8.7,230.0,8.4,997.3,1.6,2.7,31.0,3.0,15.0,75.0,7.0,227.0
2022-02-19,De Bilt,260,7.1,243.0,6.1,1008.3,2.5,8.4,19.0,6.0,9.0,70.0,8.0,485.0
2022-02-20,De Bilt,260,8.0,230.0,8.2,1001.4,0.0,34.2,23.0,3.0,12.0,88.0,8.0,109.0
2022-02-21,De Bilt,260,7.5,275.0,6.5,1002.3,0.9,9.5,20.0,4.0,10.0,74.0,7.0,242.0
2022-02-22,De Bilt,260,4.7,246.0,7.1,1016.4,0.3,4.3,14.0,3.0,7.0,85.0,6.0,256.0
2022-02-23,De Bilt,260,4.7,221.0,8.0,1021.6,8.7,0.0,14.0,2.0,7.0,71.0,3.0,1007.0
2022-02-24,De Bilt,260,5.7,226.0,6.2,1010.2,1.6,2.7,17.0,3.0,9.0,74.0,7.0,425.0
2022-02-25,De Bilt,260,4.0,266.0,4.7,1022.6,5.0,1.8,14.0,1.0,6.0,80.0,4.0,610.0
2022-02-26,De Bilt,260,2.3,133.0,2.2,1034.0,9.7,0.0,7.0,1.0,4.0,86.0,3.0,1060.0
2022-02-27,De Bilt,260,4.8,126.0,4.2,1031.0,9.9,0.0,13.0,2.0,8.0,67.0,0.0,1150.0
2022-02-28,De Bilt,260,3.8,146.0,4.5,1029.4,10.0,0.0,9.0,2.0,6.0,63.0,2.0,1160.0
2022-03-01,De Bilt,260,2.1,135.0,5.2,1027.7,0.5,0.3,5.0,1.0,3.0,70.0,8.0,409.0
2022-03-02,De Bilt,260,2.9,77.0,5.6,1023.5,9.9,0.0,8.0,1.0,5.0,65.0,6.0,1097.0
2022-03-03,De Bilt,260,3.6,94.0,5.0,1019.1,10.0,0.0,10.0,2.0,6.0,56.0,0.0,1275.0
2022-03-04,De Bilt,260,3.2,104.0,4.2,1020.8,10.1,0.0,8.0,2.0,4.0,62.0,0.0,1320.0
2022-03-05,De Bilt,260,2.7,51.0,2.6,1021.7,10.0,0.0,7.0,2.0,4.0,72.0,0.0,1274.0
2022-03-06,De Bilt,260,4.1,34.0,2.4,1027.2,10.0,0.0,12.0,2.0,7.0,70.0,2.0,1307.0
2022-03-07,De Bilt,260,3.3,81.0,2.3,1026.7,10.1,0.0,10.0,0.0,6.0,71.0,1.0,1346.0
2022-03-08,De Bilt,260,5.0,130.0,4.9,1021.3,10.3,0.0,14.0,3.0,8.0,51.0,0.0,1395.0
2022-03-09,De Bilt,260,3.3,138.0,6.1,1022.0,10.5,0.0,8.0,2.0,5.0,53.0,0.0,1393.0
2022-03-10,De Bilt,260,3.8,132.0,8.5,1021.7,10.3,0.0,10.0,2.0,5.0,51.0,1.0,1395.0
2022-03-11,De Bilt,260,6.2,129.0,10.1,1013.7,9.7,0.0,14.0,4.0,8.0,45.0,3.0,1349.0
2022-03-12,De Bilt,260,4.4,157.0,11.2,1015.1,5.8,0.0,11.0,3.0,6.0,61.0,7.0,1106.0
2022-03-13,De Bilt,260,4.3,149.0,12.1,1013.5,7.2,0.0,11.0,2.0,6.0,58.0,8.0,1131.0
2022-03-14,De Bilt,260,3.2,223.0,9.0,1024.3,5.0,0.0,10.0,1.0,5.0,80.0,7.0,917.0
2022-03-15,De Bilt,260,2.0,152.0,7.4,1024.7,5.1,0.0,5.0,1.0,3.0,82.0,6.0,1031.0
2022-03-16,De Bilt,260,4.8,130.0,9.1,1021.7,5.6,0.0,13.0,2.0,7.0,74.0,7.0,1069.0
2022-03-17,De Bilt,260,3.4,289.0,7.6,1030.1,7.2,0.4,12.0,1.0,5.0,74.0,4.0,1214.0
2022-03-18,De Bilt,260,2.7,53.0,7.8,1043.1,11.0,0.0,9.0,0.0,5.0,72.0,0.0,1532.0
2022-03-19,De Bilt,260,5.5,70.0,8.8,1040.5,11.0,0.0,15.0,3.0,8.0,56.0,0.0,1644.0
2022-03-20,De Bilt,260,4.3,100.0,4.5,1029.1,2.4,0.0,11.0,2.0,7.0,70.0,4.0,699.0
2022-03-21,De Bilt,260,2.0,121.0,7.7,1030.5,11.1,0.0,5.0,1.0,3.0,69.0,0.0,1581.0
2022-03-22,De Bilt,260,1.9,131.0,10.3,1030.8,9.8,0.0,7.0,1.0,3.0,69.0,1.0,1530.0
2022-03-23,De Bilt,260,1.8,56.0,9.8,1030.4,11.3,0.0,6.0,0.0,3.0,62.0,0.0,1622.0
2022-03-24,De Bilt,260,1.7,5.0,9.4,1029.7,10.5,0.0,8.0,0.0,4.0,67.0,1.0,1540.0
2022-03-25,De Bilt,260,2.6,18.0,8.6,1031.1,11.3,0.0,8.0,1.0,4.0,68.0,1.0,1694.0
2022-03-26,De Bilt,260,3.0,24.0,10.4,1032.5,11.5,0.0,8.0,1.0,5.0,70.0,2.0,1743.0
2022-03-27,De Bilt,260,3.0,34.0,10.3,1030.9,10.8,0.0,8.0,2.0,4.0,67.0,2.0,1797.0
2022-03-28,De Bilt,260,2.3,360.0,8.3,1022.2,9.0,0.0,5.0,2.0,3.0,82.0,5.0,1652.0
2022-03-29,De Bilt,260,3.0,50.0,8.2,1012.3,5.7,0.0,7.0,2.0,4.0,80.0,6.0,1284.0
2022-03-30,De Bilt,260,3.1,34.0,6.0,1005.1,6.5,0.7,10.0,1.0,5.0,74.0,7.0,1401.0
2022-03-31,De Bilt,260,4.2,20.0,1.9,1001.8,0.0,12.8,12.0,3.0,7.0,92.0,8.0,544.0
2022-04-01,De Bilt,260,6.0,30.0,2.1,1011.4,3.9,4.9,14.0,4.0,8.0,76.0,8.0,1012.0
2022-04-02,De Bilt,260,3.5,21.0,2.4,1020.1,5.3,0.0,13.0,1.0,6.0,63.0,7.0,1013.0
2022-04-03,De Bilt,260,2.7,275.0,3.0,1022.3,7.0,0.0,11.0,1.0,5.0,77.0,6.0,1290.0
2022-04-04,De Bilt,260,6.3,238.0,7.1,1007.7,0.0,20.7,17.0,4.0,9.0,89.0,8.0,257.0
2022-04-05,De Bilt,260,4.2,255.0,10.0,1004.9,0.1,3.2,14.0,2.0,6.0,89.0,8.0,474.0
2022-04-06,De Bilt,260,6.9,219.0,9.7,997.6,0.0,3.4,17.0,5.0,8.0,84.0,8.0,379.0
2022-04-07,De Bilt,260,8.0,251.0,8.0,986.6,2.7,19.2,24.0,5.0,11.0,79.0,8.0,810.0
2022-04-08,De Bilt,260,3.5,277.0,6.3,998.8,4.0,0.4,13.0,2.0,5.0,73.0,7.0,1060.0
2022-04-09,De Bilt,260,4.1,286.0,5.8,1012.2,7.0,5.4,16.0,2.0,7.0,73.0,5.0,1434.0
2022-04-10,De Bilt,260,2.2,278.0,6.2,1020.0,9.0,0.0,7.0,1.0,3.0,68.0,6.0,1665.0
2022-04-11,De Bilt,260,3.8,106.0,9.1,1015.5,12.0,0.0,11.0,1.0,6.0,61.0,8.0,1947.0
2022-04-12,De Bilt,260,3.4,138.0,13.8,1009.7,8.8,0.0,9.0,0.0,6.0,61.0,8.0,1710.0
2022-04-13,De Bilt,260,2.2,229.0,13.1,1016.8,2.6,0.1,6.0,1.0,3.0,81.0,8.0,971.0
2022-04-14,De Bilt,260,2.3,302.0,12.1,1021.9,11.3,0.0,9.0,1.0,5.0,77.0,4.0,1847.0
2022-04-15,De Bilt,260,2.9,47.0,9.8,1028.7,2.5,0.0,6.0,2.0,4.0,79.0,8.0,1336.0
2022-04-16,De Bilt,260,3.8,87.0,10.5,1031.9,12.8,0.0,10.0,2.0,6.0,62.0,4.0,2284.0
2022-04-17,De Bilt,260,3.4,129.0,10.8,1025.5,13.2,0.0,9.0,2.0,5.0,51.0,2.0,2383.0
2022-04-18,De Bilt,260,2.3,147.0,12.0,1017.8,11.9,0.0,6.0,0.0,3.0,54.0,5.0,2148.0
2022-04-19,De Bilt,260,3.2,51.0,12.3,1015.2,13.0,0.0,10.0,1.0,5.0,59.0,8.0,2175.0
2022-04-20,De Bilt,260,4.2,61.0,12.2,1016.2,12.9,0.0,10.0,2.0,6.0,56.0,0.0,2306.0
2022-04-21,De Bilt,260,4.3,58.0,12.6,1012.7,12.1,0.0,11.0,2.0,6.0,58.0,7.0,2246.0
2022-04-22,De Bilt,260,5.5,67.0,13.1,1007.5,9.7,0.0,13.0,3.0,8.0,63.0,4.0,1942.0
2022-04-23,De Bilt,260,6.2,71.0,13.6,1004.7,11.0,0.0,14.0,4.0,8.0,60.0,2.0,1968.0
2022-04-24,De Bilt,260,4.9,29.0,12.0,1006.3,12.9,0.0,12.0,3.0,7.0,61.0,1.0,2275.0
2022-04-25,De Bilt,260,3.1,28.0,8.6,1013.0,0.2,3.8,9.0,2.0,5.0,82.0,8.0,482.0
2022-04-26,De Bilt,260,3.9,360.0,9.2,1020.1,9.7,0.0,11.0,1.0,6.0,69.0,3.0,2157.0
2022-04-27,De Bilt,260,2.0,353.0,7.5,1026.9,9.3,0.0,7.0,1.0,4.0,74.0,3.0,2029.0
2022-04-28,De Bilt,260,3.2,29.0,8.8,1030.7,12.6,0.0,8.0,1.0,4.0,71.0,5.0,2470.0
2022-04-29,De Bilt,260,4.0,29.0,8.8,1029.8,5.6,0.0,10.0,2.0,5.0,72.0,8.0,1484.0
2022-04-30,De Bilt,260,2.0,328.0,7.9,1027.2,1.9,0.0,9.0,1.0,4.0,78.0,7.0,1022.0
2022-05-01,De Bilt,260,1.6,359.0,9.1,1023.6,9.3,0.0,6.0,1.0,3.0,69.0,6.0,1981.0
2022-05-02,De Bilt,260,2.4,3.0,10.8,1020.3,13.7,0.0,9.0,0.0,5.0,63.0,1.0,2535.0
2022-05-03,De Bilt,260,2.5,8.0,9.7,1019.9,3.9,0.0,8.0,0.0,4.0,78.0,8.0,1380.0
2022-05-04,De Bilt,260,1.6,341.0,10.3,1019.4,12.3,0.0,6.0,0.0,3.0,70.0,8.0,2352.0
2022-05-05,De Bilt,260,1.7,291.0,12.1,1022.6,3.6,0.0,6.0,1.0,3.0,77.0,6.0,1517.0
2022-05-06,De Bilt,260,1.6,282.0,13.7,1024.8,6.9,0.0,6.0,0.0,3.0,79.0,7.0,1869.0
2022-05-07,De Bilt,260,3.0,347.0,14.7,1024.2,7.5,0.0,9.0,1.0,5.0,75.0,6.0,2054.0
2022-05-08,De Bilt,260,3.5,31.0,11.9,1028.2,14.2,0.0,8.0,2.0,4.0,65.0,3.0,2666.0
2022-05-09,De Bilt,260,1.5,130.0,14.3,1024.3,12.6,0.0,6.0,1.0,3.0,64.0,4.0,2589.0
2022-05-10,De Bilt,260,3.8,228.0,17.1,1015.8,2.4,0.0,12.0,2.0,6.0,63.0,8.0,1406.0
2022-05-11,De Bilt,260,5.0,240.0,16.4,1010.8,9.1,2.0,16.0,3.0,6.0,61.0,6.0,2361.0
2022-05-12,De Bilt,260,3.6,240.0,14.2,1017.6,12.4,0.0,10.0,2.0,5.0,63.0,2.0,2341.0
2022-05-13,De Bilt,260,4.4,243.0,14.5,1019.2,7.5,0.0,12.0,3.0,7.0,64.0,6.0,1948.0
2022-05-14,De Bilt,260,2.2,325.0,15.6,1021.2,12.1,0.0,7.0,1.0,3.0,66.0,3.0,2452.0
2022-05-15,De Bilt,260,3.2,88.0,18.3,1018.0,14.4,0.0,8.0,1.0,4.0,53.0,4.0,2730.0
2022-05-16,De Bilt,260,3.5,213.0,17.8,1015.8,5.5,1.1,13.0,2.0,6.0,70.0,5.0,1499.0
2022-05-17,De Bilt,260,2.3,123.0,18.5,1019.3,5.8,0.0,8.0,1.0,4.0,73.0,7.0,1889.0
2022-05-18,De Bilt,260,2.2,287.0,19.2,1019.9,9.6,0.0,6.0,1.0,3.0,75.0,8.0,2257.0
2022-05-19,De Bilt,260,2.2,264.0,16.9,1018.7,4.9,22.6,16.0,0.0,5.0,87.0,6.0,1206.0
2022-05-20,De Bilt,260,2.8,233.0,13.3,1018.0,4.3,19.0,14.0,0.0,5.0,87.0,7.0,1131.0
2022-05-21,De Bilt,260,3.0,264.0,14.0,1020.2,7.5,0.0,9.0,0.0,5.0,76.0,6.0,1767.0
2022-05-22,De Bilt,260,2.2,133.0,15.6,1014.5,13.5,0.0,7.0,0.0,3.0,67.0,6.0,2649.0
2022-05-23,De Bilt,260,2.5,210.0,15.8,1001.2,0.9,20.0,10.0,1.0,5.0,83.0,8.0,962.0
2022-05-24,De Bilt,260,4.0,231.0,13.3,1005.8,6.2,1.4,12.0,2.0,6.0,78.0,6.0,1598.0
2022-05-25,De Bilt,260,4.8,224.0,13.7,1014.2,6.4,0.3,14.0,2.0,7.0,78.0,6.0,1666.0
2022-05-26,De Bilt,260,5.2,240.0,16.1,1019.4,6.4,0.3,14.0,3.0,7.0,73.0,7.0,2013.0
2022-05-27,De Bilt,260,4.2,285.0,13.8,1021.5,10.0,0.3,13.0,2.0,6.0,67.0,5.0,2319.0
2022-05-28,De Bilt,260,3.5,315.0,11.9,1021.2,10.6,0.2,12.0,1.0,5.0,70.0,3.0,2257.0
2022-05-29,De Bilt,260,2.8,341.0,10.4,1015.6,3.6,0.5,10.0,0.0,5.0,79.0,7.0,1416.0
2022-05-30,De Bilt,260,1.4,10.0,10.4,1014.0,4.7,0.0,6.0,0.0,3.0,75.0,6.0,1529.0
2022-05-31,De Bilt,260,2.0,123.0,11.9,1013.2,5.0,3.6,7.0,1.0,4.0,78.0,8.0,1568.0
2022-06-01,De Bilt,260,3.4,275.0,12.6,1015.7,11.0,1.0,11.0,2.0,6.0,75.0,4.0,2286.0
2022-06-02,De Bilt,260,2.1,22.0,13.7,1021.1,13.5,0.0,7.0,0.0,4.0,68.0,3.0,2699.0
2022-06-03,De Bilt,260,4.1,52.0,17.3,1018.7,12.5,0.0,11.0,2.0,6.0,59.0,6.0,2862.0
2022-06-04,De Bilt,260,4.8,38.0,16.8,1020.2,8.6,0.0,10.0,4.0,6.0,68.0,6.0,2144.0
2022-06-05,De Bilt,260,3.2,7.0,16.4,1013.5,0.3,25.9,10.0,1.0,5.0,85.0,8.0,766.0
2022-06-06,De Bilt,260,4.5,228.0,13.9,1013.0,3.5,11.4,15.0,3.0,7.0,88.0,8.0,1099.0
2022-06-07,De Bilt,260,3.2,252.0,15.5,1011.9,6.0,0.0,9.0,1.0,5.0,76.0,7.0,1768.0
2022-06-08,De Bilt,260,3.1,203.0,15.6,1006.7,2.0,9.6,10.0,2.0,6.0,87.0,8.0,951.0
2022-06-09,De Bilt,260,3.2,265.0,16.4,1015.1,12.7,1.1,10.0,2.0,5.0,68.0,3.0,2497.0
2022-06-10,De Bilt,260,3.4,213.0,17.7,1020.3,3.8,0.0,10.0,2.0,5.0,75.0,6.0,1565.0
2022-06-11,De Bilt,260,3.3,236.0,17.9,1022.1,14.3,0.0,10.0,2.0,5.0,61.0,2.0,2887.0
2022-06-12,De Bilt,260,2.8,261.0,16.0,1022.0,13.4,0.0,10.0,1.0,5.0,69.0,4.0,2751.0
2022-06-13,De Bilt,260,2.8,300.0,14.4,1023.0,10.7,0.0,13.0,1.0,5.0,68.0,5.0,2371.0
2022-06-14,De Bilt,260,1.9,35.0,15.2,1022.3,12.3,0.0,7.0,0.0,4.0,65.0,3.0,2605.0
2022-06-15,De Bilt,260,2.7,35.0,17.8,1019.3,15.0,0.0,8.0,1.0,4.0,61.0,4.0,3006.0
2022-06-16,De Bilt,260,1.8,41.0,17.8,1022.8,14.3,0.0,7.0,1.0,3.0,62.0,4.0,2881.0
2022-06-17,De Bilt,260,3.0,193.0,22.1,1021.1,12.0,0.0,10.0,1.0,5.0,58.0,5.0,2710.0
2022-06-18,De Bilt,260,3.5,5.0,21.2,1015.5,12.5,0.0,11.0,1.0,6.0,65.0,3.0,2629.0
2022-06-19,De Bilt,260,3.7,2.0,14.8,1013.1,2.3,1.8,13.0,2.0,7.0,73.0,8.0,976.0
2022-06-20,De Bilt,260,2.8,336.0,15.0,1016.7,10.7,0.0,8.0,1.0,4.0,69.0,5.0,2321.0
2022-06-21,De Bilt,260,1.7,49.0,15.7,1015.2,10.7,0.0,6.0,1.0,3.0,68.0,6.0,2468.0
2022-06-22,De Bilt,260,2.8,36.0,18.6,1013.3,15.5,0.0,8.0,1.0,5.0,63.0,0.0,3094.0
2022-06-23,De Bilt,260,2.9,124.0,22.8,1010.0,14.2,0.0,9.0,2.0,5.0,65.0,4.0,2760.0
2022-06-24,De Bilt,260,2.1,220.0,19.0,1006.7,3.5,20.1,14.0,1.0,5.0,87.0,7.0,1444.0
2022-06-25,De Bilt,260,2.3,203.0,18.4,1010.9,4.7,5.2,13.0,1.0,4.0,82.0,7.0,1548.0
2022-06-26,De Bilt,260,2.5,174.0,17.5,1015.0,4.7,0.0,7.0,0.0,4.0,78.0,7.0,1736.0
2022-06-27,De Bilt,260,1.6,220.0,16.2,1017.2,3.8,6.3,8.0,0.0,3.0,84.0,6.0,946.0
2022-06-28,De Bilt,260,2.4,179.0,17.6,1019.6,14.4,0.0,8.0,1.0,4.0,67.0,1.0,2815.0
2022-06-29,De Bilt,260,2.5,109.0,20.6,1013.4,11.1,0.0,8.0,1.0,4.0,65.0,4.0,2330.0
2022-06-30,De Bilt,260,2.9,280.0,17.8,1012.2,7.6,9.5,12.0,1.0,5.0,79.0,6.0,2071.0
2022-07-01,De Bilt,260,3.9,219.0,16.2,1017.9,10.7,0.0,12.0,1.0,7.0,73.0,4.0,2569.0
2022-07-02,De Bilt,260,2.8,199.0,18.1,1020.0,10.6,0.0,8.0,1.0,4.0,64.0,4.0,2399.0
2022-07-03,De Bilt,260,2.5,267.0,16.7,1018.7,10.1,0.6,10.0,0.0,4.0,76.0,5.0,2021.0
2022-07-04,De Bilt,260,2.4,266.0,16.5,1020.3,12.1,0.0,9.0,0.0,4.0,72.0,3.0,2376.0
2022-07-05,De Bilt,260,2.5,289.0,15.7,1023.4,7.8,0.0,11.0,0.0,5.0,68.0,5.0,2100.0
2022-07-06,De Bilt,260,2.7,262.0,16.8,1024.3,6.0,0.0,8.0,1.0,4.0,68.0,7.0,2039.0
2022-07-07,De Bilt,260,4.1,324.0,16.4,1024.9,2.9,0.6,11.0,2.0,6.0,74.0,8.0,1422.0
2022-07-08,De Bilt,260,2.3,285.0,17.9,1030.5,12.0,0.0,9.0,1.0,4.0,72.0,5.0,2708.0
2022-07-09,De Bilt,260,3.2,334.0,17.1,1027.7,7.5,0.0,12.0,0.0,6.0,73.0,7.0,2047.0
2022-07-10,De Bilt,260,2.8,301.0,17.3,1025.9,3.5,0.0,9.0,1.0,4.0,72.0,7.0,1587.0
2022-07-11,De Bilt,260,2.0,360.0,18.1,1024.4,5.7,0.0,6.0,1.0,3.0,79.0,8.0,1760.0
2022-07-12,De Bilt,260,1.9,177.0,20.8,1023.7,7.2,0.5,6.0,1.0,3.0,69.0,7.0,2189.0
2022-07-13,De Bilt,260,3.1,297.0,21.5,1020.3,10.4,0.0,10.0,1.0,5.0,67.0,8.0,2576.0
2022-07-14,De Bilt,260,2.4,324.0,17.2,1021.3,12.7,0.0,9.0,0.0,5.0,67.0,4.0,2613.0
2022-07-15,De Bilt,260,2.4,280.0,17.0,1022.5,10.8,0.0,9.0,1.0,4.0,62.0,5.0,2248.0
2022-07-16,De Bilt,260,3.1,336.0,17.2,1024.9,14.6,0.0,9.0,1.0,5.0,64.0,4.0,2827.0
2022-07-17,De Bilt,260,1.1,75.0,17.8,1026.6,13.8,0.0,5.0,0.0,2.0,65.0,6.0,2679.0
2022-07-18,De Bilt,260,1.5,156.0,22.3,1021.3,13.1,0.0,6.0,1.0,3.0,58.0,4.0,2678.0
2022-07-19,De Bilt,260,2.6,134.0,26.9,1015.3,14.7,0.0,8.0,1.0,4.0,49.0,0.0,2694.0
2022-07-20,De Bilt,260,3.2,226.0,23.7,1016.3,10.7,0.3,10.0,1.0,5.0,61.0,5.0,2225.0
2022-07-21,De Bilt,260,2.8,268.0,17.7,1018.7,0.3,8.0,10.0,2.0,5.0,88.0,8.0,493.0
2022-07-22,De Bilt,260,1.8,337.0,17.5,1020.3,4.6,0.0,6.0,1.0,3.0,69.0,8.0,1855.0
2022-07-23,De Bilt,260,1.3,282.0,18.3,1019.4,13.4,0.0,6.0,0.0,2.0,70.0,4.0,2528.0
2022-07-24,De Bilt,260,2.9,190.0,22.8,1015.6,13.4,0.0,9.0,1.0,5.0,63.0,5.0,2629.0
2022-07-25,De Bilt,260,3.9,237.0,21.0,1010.0,4.2,0.0,14.0,1.0,7.0,69.0,7.0,1599.0
2022-07-26,De Bilt,260,2.9,335.0,17.1,1017.4,3.9,3.9,9.0,1.0,4.0,73.0,7.0,1502.0
2022-07-27,De Bilt,260,2.7,10.0,15.8,1020.6,9.6,0.0,9.0,1.0,4.0,66.0,5.0,2005.0
2022-07-28,De Bilt,260,3.5,54.0,17.2,1018.8,8.8,0.0,10.0,2.0,5.0,58.0,8.0,2353.0
2022-07-29,De Bilt,260,2.6,341.0,18.9,1017.5,11.0,0.0,9.0,2.0,4.0,65.0,4.0,2490.0
2022-07-30,De Bilt,260,2.0,310.0,19.2,1018.6,7.7,0.0,7.0,1.0,3.0,68.0,5.0,2051.0
2022-07-31,De Bilt,260,3.1,236.0,19.1,1015.6,0.2,1.9,12.0,1.0,5.0,88.0,8.0,667.0
2022-08-01,De Bilt,260,2.2,2.0,18.1,1018.4,7.2,1.9,7.0,1.0,3.0,75.0,7.0,2002.0
2022-08-02,De Bilt,260,3.4,214.0,21.0,1016.2,11.9,0.0,11.0,2.0,5.0,66.0,5.0,2371.0
2022-08-03,De Bilt,260,3.0,231.0,23.0,1014.3,12.6,0.0,10.0,1.0,5.0,70.0,6.0,2530.0
2022-08-04,De Bilt,260,2.4,320.0,21.4,1013.8,6.8,0.0,8.0,0.0,4.0,71.0,8.0,1856.0
2022-08-05,De Bilt,260,3.0,322.0,17.4,1020.2,8.6,0.0,10.0,1.0,5.0,67.0,4.0,1889.0
2022-08-06,De Bilt,260,1.9,332.0,15.7,1027.7,13.6,0.0,7.0,0.0,4.0,68.0,5.0,2545.0
2022-08-07,De Bilt,260,1.8,329.0,16.6,1025.6,13.5,0.0,8.0,0.0,4.0,68.0,4.0,2478.0
2022-08-08,De Bilt,260,2.1,5.0,17.3,1026.6,9.1,0.0,7.0,0.0,4.0,73.0,4.0,1676.0
2022-08-09,De Bilt,260,3.4,29.0,19.4,1028.1,13.7,0.0,10.0,1.0,5.0,67.0,2.0,2498.0
2022-08-10,De Bilt,260,3.0,47.0,22.3,1025.3,14.0,0.0,11.0,2.0,5.0,57.0,2.0,2506.0
2022-08-11,De Bilt,260,2.9,58.0,24.0,1021.5,13.9,0.0,9.0,1.0,5.0,50.0,0.0,2474.0
2022-08-12,De Bilt,260,2.3,80.0,23.8,1018.3,13.7,0.0,8.0,1.0,4.0,52.0,0.0,2411.0
2022-08-13,De Bilt,260,2.1,120.0,22.4,1015.4,13.7,0.0,8.0,1.0,4.0,55.0,0.0,2458.0
2022-08-14,De Bilt,260,2.1,106.0,24.0,1007.4,11.6,0.0,8.0,1.0,4.0,58.0,4.0,2333.0
2022-08-15,De Bilt,260,1.9,224.0,22.4,1004.0,2.9,0.0,7.0,1.0,4.0,70.0,7.0,1185.0
2022-08-16,De Bilt,260,2.0,236.0,21.1,1008.2,6.8,0.0,6.0,1.0,3.0,77.0,6.0,1673.0
2022-08-17,De Bilt,260,2.3,356.0,19.4,1011.2,1.3,42.8,8.0,1.0,4.0,90.0,8.0,706.0
2022-08-18,De Bilt,260,1.5,352.0,19.9,1013.4,8.0,0.0,6.0,0.0,3.0,83.0,3.0,1638.0
2022-08-19,De Bilt,260,1.8,233.0,19.3,1014.1,2.1,0.0,7.0,0.0,3.0,86.0,6.0,1054.0
2022-08-20,De Bilt,260,2.0,282.0,18.8,1016.9,9.5,0.0,9.0,1.0,4.0,71.0,3.0,1796.0
2022-08-21,De Bilt,260,2.0,245.0,17.7,1016.3,7.7,0.0,9.0,0.0,4.0,79.0,5.0,1653.0
2022-08-22,De Bilt,260,1.5,96.0,19.9,1015.3,9.2,0.0,5.0,1.0,2.0,70.0,5.0,1927.0
2022-08-23,De Bilt,260,1.6,227.0,21.7,1015.6,8.6,0.0,7.0,0.0,3.0,73.0,4.0,1742.0
2022-08-24,De Bilt,260,1.8,7.0,23.1,1017.8,10.5,0.0,6.0,0.0,3.0,74.0,4.0,1954.0
2022-08-25,De Bilt,260,2.6,107.0,24.2,1015.0,8.9,0.0,8.0,1.0,4.0,64.0,6.0,1906.0
2022-08-26,De Bilt,260,3.0,338.0,19.2,1017.0,0.2,0.0,8.0,1.0,4.0,76.0,7.0,671.0
2022-08-27,De Bilt,260,2.5,8.0,16.8,1018.3,1.8,0.0,8.0,1.0,5.0,74.0,5.0,1116.0
2022-08-28,De Bilt,260,2.8,19.0,15.6,1021.5,11.8,0.0,11.0,0.0,5.0,71.0,4.0,1982.0
2022-08-29,De Bilt,260,2.0,23.0,16.9,1022.0,5.4,0.0,8.0,0.0,3.0,74.0,6.0,1379.0
2022-08-30,De Bilt,260,3.8,38.0,18.5,1021.7,11.5,0.0,10.0,2.0,6.0,65.0,5.0,1864.0
2022-08-31,De Bilt,260,4.5,43.0,18.4,1022.3,11.8,0.0,10.0,3.0,6.0,57.0,3.0,2017.0
2022-09-01,De Bilt,260,3.7,74.0,18.7,1020.1,12.5,0.0,9.0,2.0,5.0,53.0,2.0,2078.0
2022-09-02,De Bilt,260,3.4,97.0,19.7,1014.2,11.3,0.0,10.0,2.0,5.0,47.0,7.0,1894.0
2022-09-03,De Bilt,260,2.5,114.0,19.5,1011.6,11.8,0.0,8.0,1.0,4.0,56.0,3.0,1953.0
2022-09-04,De Bilt,260,1.8,150.0,18.9,1017.2,9.1,0.0,7.0,1.0,3.0,74.0,7.0,1617.0
2022-09-05,De Bilt,260,2.3,135.0,21.1,1018.1,7.1,0.2,9.0,1.0,4.0,65.0,7.0,1517.0
2022-09-06,De Bilt,260,2.7,296.0,20.9,1014.3,9.6,10.0,18.0,1.0,6.0,74.0,6.0,1746.0
2022-09-07,De Bilt,260,2.4,204.0,18.7,1011.5,9.5,5.9,8.0,1.0,4.0,80.0,7.0,1707.0
2022-09-08,De Bilt,260,3.0,195.0,17.4,1007.5,4.5,13.4,10.0,1.0,5.0,81.0,7.0,1152.0
2022-09-09,De Bilt,260,3.5,180.0,15.8,1006.7,2.0,1.6,12.0,2.0,6.0,88.0,8.0,683.0
2022-09-10,De Bilt,260,2.5,320.0,16.9,1011.7,6.8,4.2,9.0,1.0,4.0,85.0,4.0,1265.0
2022-09-11,De Bilt,260,0.8,128.0,15.7,1018.5,6.9,0.0,5.0,0.0,2.0,85.0,5.0,1374.0
2022-09-12,De Bilt,260,2.0,172.0,17.4,1013.4,9.4,0.0,7.0,0.0,4.0,80.0,8.0,1629.0
2022-09-13,De Bilt,260,1.8,356.0,18.1,1009.9,4.9,0.0,6.0,0.0,3.0,79.0,8.0,1305.0
2022-09-14,De Bilt,260,1.2,50.0,15.5,1006.4,3.3,0.0,5.0,0.0,2.0,80.0,8.0,860.0
2022-09-15,De Bilt,260,2.5,304.0,14.9,1009.1,3.2,2.6,11.0,1.0,5.0,74.0,8.0,966.0
2022-09-16,De Bilt,260,2.5,296.0,12.5,1011.5,6.5,7.9,12.0,1.0,5.0,80.0,6.0,1101.0
2022-09-17,De Bilt,260,3.2,302.0,12.4,1015.0,8.4,5.3,13.0,2.0,6.0,77.0,6.0,1409.0
2022-09-18,De Bilt,260,2.3,289.0,11.1,1015.4,0.0,14.7,8.0,1.0,3.0,88.0,7.0,375.0
2022-09-19,De Bilt,260,2.5,300.0,12.5,1020.7,5.3,1.8,11.0,1.0,4.0,80.0,7.0,1017.0
2022-09-20,De Bilt,260,1.8,327.0,12.2,1024.3,3.3,0.0,8.0,0.0,3.0,82.0,7.0,926.0
2022-09-21,De Bilt,260,0.8,108.0,10.3,1026.3,8.0,0.0,5.0,0.0,2.0,80.0,4.0,1417.0
2022-09-22,De Bilt,260,1.7,157.0,10.9,1021.6,10.4,0.0,7.0,1.0,4.0,78.0,5.0,1522.0
2022-09-23,De Bilt,260,2.2,189.0,13.4,1014.9,0.8,0.8,7.0,1.0,3.0,81.0,8.0,732.0
2022-09-24,De Bilt,260,2.1,4.0,12.7,1013.4,0.5,7.4,7.0,1.0,3.0,91.0,6.0,325.0
2022-09-25,De Bilt,260,1.9,296.0,11.3,1014.2,7.8,0.0,7.0,1.0,3.0,81.0,5.0,1234.0
2022-09-26,De Bilt,260,3.8,218.0,11.5,998.9,0.8,17.4,11.0,2.0,6.0,88.0,8.0,306.0
2022-09-27,De Bilt,260,2.3,228.0,9.1,997.1,0.6,9.2,9.0,1.0,4.0,91.0,8.0,432.0
2022-09-28,De Bilt,260,1.7,247.0,9.5,997.2,7.1,0.0,8.0,1.0,3.0,85.0,5.0,967.0
2022-09-29,De Bilt,260,0.9,114.0,7.9,1003.3,8.8,0.0,4.0,0.0,2.0,86.0,4.0,1299.0
2022-09-30,De Bilt,260,3.5,188.0,11.3,1007.4,9.1,5.6,12.0,1.0,6.0,76.0,6.0,1347.0
2022-10-01,De Bilt,260,4.6,236.0,14.2,1005.8,7.8,12.4,13.0,3.0,7.0,82.0,5.0,1056.0
2022-10-02,De Bilt,260,2.4,274.0,13.2,1018.9,6.8,1.1,9.0,1.0,4.0,82.0,4.0,1096.0
2022-10-03,De Bilt,260,1.3,218.0,11.1,1026.0,2.8,0.0,7.0,0.0,3.0,86.0,6.0,733.0
2022-10-04,De Bilt,260,3.1,192.0,14.3,1019.2,8.7,0.0,9.0,1.0,5.0,79.0,8.0,1212.0
2022-10-05,De Bilt,260,5.2,210.0,15.7,1014.8,0.5,1.7,14.0,3.0,7.0,76.0,7.0,449.0
2022-10-06,De Bilt,260,3.5,223.0,12.3,1027.3,10.2,0.0,11.0,1.0,6.0,72.0,2.0,1280.0
2022-10-07,De Bilt,260,3.8,205.0,13.4,1020.4,4.5,0.0,10.0,2.0,5.0,75.0,6.0,805.0
2022-10-08,De Bilt,260,2.8,255.0,11.3,1021.3,8.9,0.2,10.0,1.0,5.0,80.0,3.0,1063.0
2022-10-09,De Bilt,260,2.5,149.0,9.7,1020.6,10.2,0.0,8.0,1.0,4.0,78.0,6.0,1219.0
2022-10-10,De Bilt,260,2.3,230.0,9.6,1017.2,3.7,0.4,10.0,1.0,4.0,87.0,6.0,566.0
2022-10-11,De Bilt,260,1.0,240.0,8.4,1026.1,7.0,0.0,5.0,0.0,2.0,83.0,6.0,999.0
2022-10-12,De Bilt,260,1.8,167.0,8.9,1022.2,6.9,0.0,6.0,1.0,3.0,84.0,7.0,982.0
2022-10-13,De Bilt,260,2.3,199.0,12.0,1016.1,0.1,0.1,6.0,1.0,3.0,89.0,7.0,338.0
2022-10-14,De Bilt,260,2.1,190.0,12.6,1010.1,0.4,2.8,6.0,1.0,3.0,95.0,8.0,263.0
2022-10-15,De Bilt,260,3.2,196.0,13.6,1006.1,1.9,3.2,9.0,1.0,4.0,87.0,7.0,360.0
2022-10-16,De Bilt,260,3.5,193.0,14.5,1013.8,6.7,1.5,11.0,1.0,5.0,81.0,7.0,889.0
2022-10-17,De Bilt,260,2.6,192.0,15.5,1019.9,0.9,8.1,9.0,1.0,4.0,93.0,8.0,213.0
2022-10-18,De Bilt,260,1.3,321.0,11.2,1028.0,8.5,0.0,6.0,0.0,3.0,86.0,3.0,1014.0
2022-10-19,De Bilt,260,3.5,86.0,8.8,1024.7,8.9,0.0,10.0,1.0,6.0,83.0,7.0,981.0
2022-10-20,De Bilt,260,3.5,129.0,12.2,1011.0,1.0,3.3,9.0,3.0,4.0,91.0,8.0,252.0
2022-10-21,De Bilt,260,2.7,165.0,14.9,1006.9,3.7,2.4,7.0,2.0,3.0,89.0,7.0,564.0
2022-10-22,De Bilt,260,3.0,194.0,13.7,1012.0,4.8,0.0,11.0,1.0,6.0,87.0,7.0,665.0
2022-10-23,De Bilt,260,3.5,147.0,15.1,1007.0,1.5,0.4,10.0,2.0,5.0,85.0,8.0,391.0
2022-10-24,De Bilt,260,5.3,208.0,15.2,1005.5,2.7,0.4,16.0,2.0,8.0,79.0,7.0,422.0
2022-10-25,De Bilt,260,3.5,202.0,13.7,1014.0,4.6,0.0,10.0,2.0,5.0,85.0,7.0,528.0
2022-10-26,De Bilt,260,3.2,186.0,15.0,1015.7,6.8,0.3,10.0,2.0,5.0,82.0,8.0,639.0
2022-10-27,De Bilt,260,3.0,150.0,15.7,1019.0,2.8,0.0,8.0,2.0,4.0,84.0,8.0,450.0
2022-10-28,De Bilt,260,2.9,199.0,16.0,1017.7,3.5,0.0,9.0,1.0,5.0,84.0,8.0,513.0
2022-10-29,De Bilt,260,2.2,152.0,15.8,1017.4,3.3,0.0,6.0,1.0,3.0,86.0,8.0,518.0
2022-10-30,De Bilt,260,1.8,198.0,14.4,1017.4,6.0,0.0,8.0,1.0,3.0,87.0,8.0,604.0
2022-10-31,De Bilt,260,2.5,131.0,12.8,1015.6,0.7,0.1,7.0,1.0,4.0,89.0,8.0,326.0
2022-11-01,De Bilt,260,6.5,198.0,14.7,1011.7,7.5,2.5,18.0,4.0,8.0,70.0,5.0,704.0
2022-11-02,De Bilt,260,5.4,204.0,12.3,1016.4,6.7,1.7,18.0,4.0,8.0,72.0,5.0,700.0
2022-11-03,De Bilt,260,4.5,178.0,12.6,1003.8,0.8,7.0,11.0,3.0,6.0,80.0,8.0,320.0
2022-11-04,De Bilt,260,2.0,241.0,8.9,1007.9,4.3,2.3,8.0,1.0,4.0,89.0,6.0,458.0
2022-11-05,De Bilt,260,3.8,198.0,9.0,1015.4,4.2,0.0,11.0,1.0,6.0,83.0,6.0,463.0
2022-11-06,De Bilt,260,5.7,183.0,10.4,1007.9,0.8,7.2,13.0,4.0,7.0,84.0,8.0,230.0
2022-11-07,De Bilt,260,5.2,199.0,13.0,1008.3,0.2,0.3,13.0,4.0,6.0,83.0,8.0,216.0
2022-11-08,De Bilt,260,4.9,176.0,13.1,1004.4,2.1,0.0,12.0,4.0,6.0,77.0,7.0,343.0
2022-11-09,De Bilt,260,5.3,211.0,12.3,1008.5,3.4,0.6,15.0,4.0,8.0,80.0,5.0,377.0
2022-11-10,De Bilt,260,4.3,207.0,11.5,1022.5,5.5,0.0,11.0,4.0,5.0,84.0,7.0,500.0
2022-11-11,De Bilt,260,3.3,190.0,9.1,1029.2,3.1,0.0,9.0,1.0,5.0,89.0,7.0,364.0
2022-11-12,De Bilt,260,1.6,140.0,7.5,1029.8,7.9,0.0,4.0,1.0,2.0,88.0,6.0,596.0
2022-11-13,De Bilt,260,1.6,84.0,6.9,1021.7,8.0,0.0,5.0,1.0,3.0,84.0,5.0,617.0
2022-11-14,De Bilt,260,2.9,127.0,5.5,1011.3,6.6,0.0,9.0,2.0,5.0,87.0,2.0,523.0
2022-11-15,De Bilt,260,4.1,154.0,10.7,1003.4,3.7,8.5,10.0,3.0,6.0,87.0,8.0,421.0
2022-11-16,De Bilt,260,4.3,150.0,10.6,996.6,4.9,5.9,13.0,2.0,8.0,85.0,6.0,429.0
2022-11-17,De Bilt,260,6.0,157.0,10.1,987.3,0.0,18.6,17.0,3.0,9.0,86.0,8.0,95.0
2022-11-18,De Bilt,260,3.1,134.0,7.6,1001.8,1.0,1.8,9.0,2.0,5.0,92.0,8.0,267.0
2022-11-19,De Bilt,260,3.7,70.0,0.4,1012.7,5.1,0.0,10.0,1.0,6.0,77.0,3.0,442.0
2022-11-20,De Bilt,260,1.9,100.0,-0.9,1008.3,1.1,9.3,7.0,1.0,4.0,93.0,7.0,187.0
2022-11-21,De Bilt,260,3.2,135.0,5.1,998.8,1.5,6.9,10.0,1.0,6.0,92.0,8.0,284.0
2022-11-22,De Bilt,260,4.3,170.0,6.6,992.1,0.0,0.0,11.0,3.0,6.0,88.0,7.0,136.0
2022-11-23,De Bilt,260,4.3,181.0,8.3,996.9,2.8,3.3,13.0,3.0,7.0,86.0,6.0,324.0
2022-11-24,De Bilt,260,4.2,190.0,8.9,1007.5,5.4,2.6,11.0,3.0,6.0,83.0,7.0,422.0
2022-11-25,De Bilt,260,3.0,211.0,8.4,1015.9,6.3,6.2,8.0,2.0,5.0,89.0,3.0,430.0
2022-11-26,De Bilt,260,2.9,172.0,6.6,1026.7,2.0,0.0,8.0,1.0,4.0,90.0,7.0,305.0
2022-11-27,De Bilt,260,3.8,158.0,6.5,1016.9,0.0,10.6,8.0,3.0,5.0,88.0,8.0,109.0
2022-11-28,De Bilt,260,2.2,202.0,8.6,1010.5,0.2,1.8,8.0,0.0,4.0,96.0,8.0,103.0
2022-11-29,De Bilt,260,1.0,276.0,7.3,1019.1,0.5,0.5,3.0,1.0,2.0,97.0,8.0,215.0
2022-11-30,De Bilt,260,1.5,357.0,5.6,1025.2,2.5,0.5,4.0,0.0,2.0,94.0,6.0,256.0
2022-12-01,De Bilt,260,1.9,16.0,3.5,1027.9,3.6,0.0,6.0,1.0,3.0,93.0,4.0,331.0
2022-12-02,De Bilt,260,3.8,50.0,2.6,1025.1,0.0,0.0,12.0,2.0,6.0,82.0,8.0,124.0
2022-12-03,De Bilt,260,4.0,65.0,1.2,1021.4,0.0,0.0,9.0,3.0,5.0,79.0,8.0,61.0
2022-12-04,De Bilt,260,3.9,65.0,1.1,1018.4,0.0,0.0,10.0,3.0,5.0,83.0,8.0,56.0
2022-12-05,De Bilt,260,2.8,18.0,4.9,1019.7,0.0,0.0,6.0,2.0,4.0,92.0,8.0,55.0
2022-12-06,De Bilt,260,1.9,283.0,5.0,1019.4,2.7,1.2,6.0,1.0,3.0,91.0,7.0,278.0
2022-12-07,De Bilt,260,2.1,260.0,3.9,1015.3,3.3,0.1,7.0,1.0,3.0,87.0,7.0,254.0
2022-12-08,De Bilt,260,2.3,223.0,2.4,1007.4,1.8,7.2,9.0,1.0,3.0,92.0,8.0,167.0
2022-12-09,De Bilt,260,1.7,178.0,0.3,1006.8,2.1,0.0,7.0,1.0,3.0,91.0,6.0,240.0
2022-12-10,De Bilt,260,2.8,191.0,-0.5,1010.0,0.0,0.0,7.0,2.0,3.0,98.0,8.0,89.0
2022-12-11,De Bilt,260,2.3,182.0,1.3,1010.0,0.0,0.0,6.0,1.0,3.0,86.0,8.0,107.0
2022-12-12,De Bilt,260,1.7,152.0,-2.3,1012.2,6.6,0.0,4.0,1.0,3.0,89.0,1.0,473.0
2022-12-13,De Bilt,260,1.9,108.0,-4.2,1010.0,2.7,0.0,5.0,1.0,3.0,87.0,5.0,233.0
2022-12-14,De Bilt,260,1.5,29.0,-4.4,1004.1,6.2,0.0,4.0,1.0,2.0,81.0,2.0,411.0
2022-12-15,De Bilt,260,1.5,184.0,-2.7,1008.3,5.6,0.3,5.0,1.0,2.0,89.0,3.0,348.0
2022-12-16,De Bilt,260,1.6,348.0,-0.9,1016.4,6.6,0.0,5.0,0.0,3.0,92.0,4.0,375.0
2022-12-17,De Bilt,260,3.4,165.0,-1.8,1025.7,2.9,0.0,8.0,2.0,4.0,92.0,8.0,222.0
2022-12-18,De Bilt,260,3.7,146.0,-2.4,1023.6,0.9,2.2,10.0,2.0,6.0,83.0,8.0,150.0
2022-12-19,De Bilt,260,5.5,180.0,7.7,1013.7,0.0,5.5,11.0,5.0,6.0,87.0,8.0,88.0
2022-12-20,De Bilt,260,4.6,197.0,10.0,1010.0,0.0,7.5,12.0,2.0,6.0,91.0,8.0,55.0
2022-12-21,De Bilt,260,3.3,201.0,7.9,1008.3,0.7,0.7,10.0,1.0,5.0,93.0,8.0,137.0
2022-12-22,De Bilt,260,2.9,220.0,8.7,1003.4,2.0,5.5,10.0,1.0,6.0,95.0,7.0,214.0
2022-12-23,De Bilt,260,3.1,229.0,9.5,1002.7,0.5,11.8,14.0,1.0,7.0,94.0,8.0,43.0
2022-12-24,De Bilt,260,3.9,221.0,9.1,1011.2,2.6,0.2,12.0,3.0,6.0,89.0,7.0,239.0
2022-12-25,De Bilt,260,2.1,173.0,8.6,1010.7,0.0,8.8,7.0,1.0,3.0,96.0,8.0,55.0
2022-12-26,De Bilt,260,4.6,233.0,7.0,1014.1,1.7,0.7,14.0,3.0,7.0,81.0,6.0,196.0
2022-12-27,De Bilt,260,4.7,206.0,5.7,1021.1,4.1,1.0,11.0,3.0,6.0,85.0,6.0,264.0
2022-12-28,De Bilt,260,7.1,204.0,9.2,1006.3,0.0,4.3,16.0,6.0,8.0,88.0,8.0,65.0
2022-12-29,De Bilt,260,6.9,221.0,9.2,1002.2,0.4,3.5,17.0,5.0,8.0,81.0,7.0,128.0
2022-12-30,De Bilt,260,6.2,195.0,8.5,1002.9,0.0,5.2,17.0,4.0,9.0,87.0,7.0,95.0
2022-12-31,De Bilt,260,6.6,216.0,14.0,1004.0,0.0,21.2,17.0,3.0,9.0,80.0,8.0,73.0
2023-01-01,De Bilt,260,5.4,209.0,12.4,1011.4,0.8,6.1,19.0,3.0,9.0,76.0,8.0,196.0
2023-01-02,De Bilt,260,3.6,235.0,8.8,1016.2,0.3,3.8,12.0,2.0,6.0,89.0,6.0,149.0
2023-01-03,De Bilt,260,4.2,185.0,6.3,1023.7,0.3,1.3,12.0,1.0,7.0,89.0,8.0,115.0
2023-01-04,De Bilt,260,7.6,232.0,11.6,1013.5,0.0,12.5,18.0,7.0,9.0,86.0,8.0,108.0
2023-01-05,De Bilt,260,4.5,243.0,10.8,1018.2,0.3,0.8,12.0,3.0,6.0,84.0,8.0,199.0
2023-01-06,De Bilt,260,4.8,220.0,10.6,1015.7,4.8,1.7,14.0,2.0,7.0,83.0,7.0,354.0
2023-01-07,De Bilt,260,5.7,182.0,10.4,1007.7,2.6,4.0,13.0,4.0,7.0,79.0,8.0,254.0
2023-01-08,De Bilt,260,4.3,186.0,8.4,997.8,5.7,0.4,11.0,3.0,6.0,80.0,5.0,364.0
2023-01-09,De Bilt,260,4.0,234.0,7.0,999.4,1.1,3.6,12.0,3.0,5.0,84.0,6.0,174.0
2023-01-10,De Bilt,260,5.4,193.0,7.0,1011.8,0.3,6.5,15.0,3.0,8.0,87.0,7.0,141.0
2023-01-11,De Bilt,260,6.2,228.0,10.0,1008.1,4.9,6.1,20.0,4.0,9.0,82.0,7.0,355.0
2023-01-12,De Bilt,260,7.5,226.0,10.3,1003.3,0.0,40.0,17.0,6.0,10.0,90.0,7.0,52.0
2023-01-13,De Bilt,260,6.8,242.0,8.7,1006.4,0.4,3.9,17.0,5.0,8.0,74.0,7.0,149.0
2023-01-14,De Bilt,260,5.9,210.0,8.4,1001.8,0.0,15.5,17.0,3.0,9.0,86.0,8.0,53.0
2023-01-15,De Bilt,260,6.3,223.0,6.2,997.4,2.0,2.0,18.0,4.0,10.0,76.0,7.0,255.0
2023-01-16,De Bilt,260,4.0,165.0,4.1,982.5,0.0,11.0,15.0,2.0,7.0,89.0,8.0,91.0
2023-01-17,De Bilt,260,2.4,233.0,1.4,987.6,4.3,1.1,13.0,2.0,4.0,80.0,3.0,382.0
2023-01-18,De Bilt,260,4.2,218.0,1.7,995.1,5.9,4.9,12.0,1.0,6.0,83.0,5.0,456.0
2023-01-19,De Bilt,260,3.2,255.0,3.0,1004.8,5.8,6.4,10.0,1.0,5.0,80.0,6.0,468.0
2023-01-20,De Bilt,260,3.1,132.0,0.4,1016.0,0.0,8.0,7.0,3.0,4.0,93.0,5.0,110.0
2023-01-21,De Bilt,260,2.0,12.0,-1.4,1032.5,0.6,0.0,5.0,1.0,3.0,95.0,6.0,239.0
2023-01-22,De Bilt,260,2.6,19.0,0.4,1034.2,0.0,0.0,7.0,2.0,4.0,88.0,7.0,206.0
2023-01-23,De Bilt,260,2.4,51.0,2.6,1037.6,1.6,0.0,7.0,2.0,3.0,86.0,8.0,300.0
2023-01-24,De Bilt,260,2.7,78.0,1.7,1039.0,0.0,0.0,7.0,1.0,4.0,82.0,8.0,121.0
2023-01-25,De Bilt,260,2.1,199.0,-0.7,1031.9,0.0,0.0,6.0,1.0,3.0,90.0,8.0,95.0
2023-01-26,De Bilt,260,3.3,350.0,4.1,1025.1,3.7,0.5,10.0,1.0,5.0,86.0,7.0,403.0
2023-01-27,De Bilt,260,3.9,37.0,4.0,1028.2,1.8,0.0,10.0,2.0,6.0,76.0,7.0,238.0
2023-01-28,De Bilt,260,1.6,319.0,3.2,1030.6,5.0,0.0,5.0,1.0,2.0,73.0,7.0,530.0
2023-01-29,De Bilt,260,4.5,220.0,4.3,1024.3,0.0,0.0,12.0,2.0,6.0,80.0,8.0,128.0
2023-01-30,De Bilt,260,4.9,279.0,6.7,1019.5,2.5,2.3,16.0,2.0,7.0,77.0,5.0,305.0
2023-01-31,De Bilt,260,4.6,247.0,6.4,1020.8,1.0,0.0,13.0,3.0,7.0,80.0,6.0,205.0
2023-02-01,De Bilt,260,6.5,269.0,7.8,1018.7,1.0,1.0,19.0,5.0,8.0,73.0,8.0,229.0
2023-02-02,De Bilt,260,4.5,263.0,8.3,1023.1,0.0,2.8,12.0,3.0,6.0,86.0,8.0,186.0
2023-02-03,De Bilt,260,4.9,277.0,9.2,1027.0,0.2,0.1,15.0,2.0,7.0,79.0,8.0,201.0
2023-02-04,De Bilt,260,1.2,284.0,7.3,1036.2,1.8,0.1,6.0,0.0,2.0,89.0,8.0,384.0
2023-02-05,De Bilt,260,4.5,344.0,6.5,1039.9,1.9,1.1,16.0,1.0,8.0,81.0,7.0,408.0
2023-02-06,De Bilt,260,1.5,11.0,3.1,1041.7,5.3,0.0,6.0,1.0,3.0,88.0,5.0,601.0
2023-02-07,De Bilt,260,1.5,126.0,-0.3,1040.0,8.5,0.0,4.0,0.0,2.0,85.0,0.0,830.0
2023-02-08,De Bilt,260,2.1,145.0,0.1,1036.0,8.5,0.0,5.0,1.0,3.0,69.0,5.0,801.0
2023-02-09,De Bilt,260,2.6,211.0,1.8,1032.3,3.8,0.0,6.0,2.0,4.0,76.0,8.0,463.0
2023-02-10,De Bilt,260,3.4,220.0,3.6,1035.4,6.5,0.0,10.0,1.0,5.0,84.0,7.0,704.0
2023-02-11,De Bilt,260,2.8,254.0,7.7,1035.1,2.4,0.0,8.0,1.0,4.0,85.0,8.0,410.0
2023-02-12,De Bilt,260,1.3,182.0,7.1,1038.6,0.0,0.0,4.0,1.0,2.0,82.0,8.0,176.0
2023-02-13,De Bilt,260,2.0,115.0,6.7,1036.1,8.7,0.0,5.0,1.0,3.0,83.0,3.0,826.0
2023-02-14,De Bilt,260,1.7,147.0,4.0,1032.2,8.7,0.0,5.0,1.0,2.0,88.0,1.0,852.0
2023-02-15,De Bilt,260,2.3,182.0,5.3,1025.2,8.0,0.0,6.0,1.0,4.0,81.0,6.0,738.0
2023-02-16,De Bilt,260,4.0,208.0,8.3,1021.1,1.3,2.4,11.0,2.0,5.0,86.0,8.0,375.0
2023-02-17,De Bilt,260,6.1,243.0,10.4,1019.1,1.5,0.1,16.0,3.0,8.0,88.0,8.0,269.0
2023-02-18,De Bilt,260,5.3,245.0,10.3,1018.2,0.4,4.9,16.0,3.0,7.0,89.0,8.0,295.0
2023-02-19,De Bilt,260,3.4,271.0,7.8,1023.0,0.4,1.5,11.0,2.0,5.0,89.0,8.0,254.0
2023-02-20,De Bilt,260,5.6,236.0,8.1,1021.5,0.0,0.0,12.0,4.0,6.0,88.0,8.0,197.0
2023-02-21,De Bilt,260,2.8,222.0,7.9,1018.3,0.0,0.0,9.0,2.0,5.0,93.0,8.0,144.0
2023-02-22,De Bilt,260,2.6,176.0,7.0,1012.1,0.0,0.8,8.0,1.0,3.0,90.0,8.0,370.0
2023-02-23,De Bilt,260,2.1,330.0,6.4,1015.5,0.0,1.1,9.0,1.0,4.0,90.0,7.0,263.0
2023-02-24,De Bilt,260,3.4,282.0,4.4,1008.6,1.7,2.8,11.0,1.0,5.0,82.0,7.0,356.0
2023-02-25,De Bilt,260,3.6,354.0,3.5,1013.0,5.9,2.4,13.0,1.0,7.0,72.0,3.0,850.0
2023-02-26,De Bilt,260,3.8,31.0,2.5,1025.6,9.9,0.0,14.0,2.0,7.0,61.0,2.0,1160.0
2023-02-27,De Bilt,260,3.2,38.0,1.7,1030.7,8.8,0.0,12.0,1.0,6.0,73.0,2.0,1009.0
2023-02-28,De Bilt,260,2.4,66.0,2.3,1031.6,6.5,0.1,8.0,1.0,5.0,70.0,4.0,983.0
2023-03-01,De Bilt,260,2.8,49.0,1.6,1028.1,10.0,0.0,9.0,1.0,5.0,68.0,0.0,1231.0
2023-03-02,De Bilt,260,3.7,32.0,3.5,1024.6,9.9,0.0,9.0,2.0,5.0,80.0,1.0,1246.0
2023-03-03,De Bilt,260,2.9,10.0,4.3,1026.4,4.0,0.0,8.0,2.0,4.0,78.0,7.0,721.0
2023-03-04,De Bilt,260,2.8,336.0,5.8,1025.0,1.2,0.3,10.0,1.0,4.0,78.0,8.0,481.0
2023-03-05,De Bilt,260,1.8,280.0,4.0,1015.6,1.3,0.3,6.0,1.0,3.0,80.0,8.0,539.0
2023-03-06,De Bilt,260,3.5,235.0,4.0,1003.7,2.5,3.1,12.0,2.0,7.0,81.0,8.0,725.0
2023-03-07,De Bilt,260,2.6,262.0,2.1,998.1,0.0,5.9,9.0,1.0,4.0,89.0,6.0,391.0
2023-03-08,De Bilt,260,3.0,75.0,0.4,994.5,0.1,2.2,8.0,1.0,5.0,92.0,8.0,422.0
2023-03-09,De Bilt,260,3.2,67.0,1.6,994.4,0.0,11.4,9.0,2.0,5.0,92.0,8.0,275.0
2023-03-10,De Bilt,260,4.0,5.0,1.7,993.2,0.0,14.4,17.0,2.0,8.0,91.0,8.0,186.0
2023-03-11,De Bilt,260,1.8,236.0,1.7,1010.7,10.2,0.0,6.0,0.0,3.0,70.0,8.0,1369.0
2023-03-12,De Bilt,260,4.4,208.0,7.0,1006.7,1.4,1.5,14.0,2.0,7.0,82.0,8.0,480.0
2023-03-13,De Bilt,260,7.1,221.0,12.7,993.2,7.2,5.1,22.0,3.0,11.0,75.0,6.0,1081.0
2023-03-14,De Bilt,260,4.9,275.0,6.6,999.4,4.7,8.6,14.0,2.0,6.0,72.0,7.0,954.0
2023-03-15,De Bilt,260,2.3,197.0,4.9,1017.0,11.0,0.0,7.0,1.0,4.0,68.0,6.0,1445.0
2023-03-16,De Bilt,260,4.7,163.0,8.6,1011.8,5.1,0.2,12.0,3.0,7.0,65.0,8.0,1012.0
2023-03-17,De Bilt,260,2.8,175.0,11.6,1006.7,4.8,0.0,7.0,1.0,4.0,66.0,8.0,992.0
2023-03-18,De Bilt,260,3.2,183.0,12.2,1009.5,6.3,0.6,12.0,1.0,5.0,79.0,7.0,1031.0
2023-03-19,De Bilt,260,2.8,237.0,9.4,1014.7,0.2,0.0,8.0,2.0,4.0,88.0,7.0,450.0
2023-03-20,De Bilt,260,4.2,213.0,8.3,1017.7,0.0,3.1,10.0,3.0,6.0,89.0,8.0,403.0
2023-03-21,De Bilt,260,4.4,204.0,10.6,1011.9,1.1,2.0,11.0,2.0,6.0,84.0,8.0,587.0
2023-03-22,De Bilt,260,5.7,197.0,10.8,1004.6,0.4,1.9,14.0,4.0,8.0,84.0,8.0,357.0
2023-03-23,De Bilt,260,5.8,211.0,12.7,1001.0,4.7,11.9,14.0,4.0,7.0,77.0,8.0,946.0
2023-03-24,De Bilt,260,6.2,227.0,11.3,1000.1,6.0,1.7,17.0,3.0,7.0,75.0,7.0,1041.0
2023-03-25,De Bilt,260,6.3,244.0,9.4,1002.8,2.2,6.7,19.0,2.0,10.0,79.0,7.0,789.0
2023-03-26,De Bilt,260,3.5,16.0,7.2,1006.5,1.6,5.9,13.0,1.0,6.0,80.0,8.0,584.0
2023-03-27,De Bilt,260,3.5,308.0,4.4,1022.2,9.9,1.4,14.0,2.0,6.0,72.0,3.0,1515.0
2023-03-28,De Bilt,260,3.3,188.0,4.5,1022.8,4.1,0.4,10.0,1.0,6.0,75.0,7.0,1006.0
2023-03-29,De Bilt,260,3.5,187.0,10.6,1011.4,0.0,0.0,9.0,2.0,5.0,79.0,8.0,585.0
2023-03-30,De Bilt,260,6.4,233.0,12.9,1005.0,6.8,0.1,18.0,4.0,9.0,73.0,6.0,1228.0
2023-03-31,De Bilt,260,4.9,193.0,10.7,992.8,0.2,11.9,13.0,4.0,7.0,90.0,8.0,557.0
2023-04-01,De Bilt,260,4.3,339.0,9.3,999.7,0.0,13.2,11.0,3.0,6.0,94.0,8.0,440.0
2023-04-02,De Bilt,260,4.6,39.0,5.8,1023.4,8.2,0.0,11.0,2.0,6.0,70.0,4.0,1717.0
2023-04-03,De Bilt,260,3.9,75.0,4.6,1031.3,12.2,0.0,11.0,2.0,7.0,61.0,1.0,2084.0
2023-04-04,De Bilt,260,2.1,45.0,4.7,1028.2,11.2,0.0,6.0,1.0,4.0,65.0,5.0,1887.0
2023-04-05,De Bilt,260,1.5,150.0,4.8,1021.8,12.4,0.0,6.0,1.0,3.0,68.0,2.0,1961.0
2023-04-06,De Bilt,260,3.5,163.0,6.7,1014.8,0.0,6.2,11.0,1.0,6.0,82.0,8.0,516.0
2023-04-07,De Bilt,260,2.1,303.0,8.6,1018.3,0.0,0.1,7.0,1.0,3.0,88.0,8.0,458.0
2023-04-08,De Bilt,260,2.2,29.0,9.1,1025.2,8.5,0.0,7.0,1.0,4.0,79.0,5.0,1803.0
2023-04-09,De Bilt,260,2.8,124.0,10.9,1023.6,8.0,0.0,7.0,2.0,4.0,69.0,7.0,1624.0
2023-04-10,De Bilt,260,4.8,181.0,10.5,1013.1,0.5,6.2,14.0,3.0,6.0,75.0,7.0,730.0
2023-04-11,De Bilt,260,5.3,240.0,10.4,1010.1,11.5,0.3,16.0,2.0,7.0,63.0,5.0,1970.0
2023-04-12,De Bilt,260,5.0,191.0,9.0,997.2,4.6,8.2,15.0,3.0,8.0,76.0,7.0,1278.0
2023-04-13,De Bilt,260,4.6,229.0,8.4,1001.7,6.7,4.9,14.0,2.0,7.0,72.0,5.0,1330.0
2023-04-14,De Bilt,260,3.1,138.0,9.1,1008.3,11.1,0.0,10.0,1.0,5.0,66.0,4.0,2075.0
2023-04-15,De Bilt,260,4.9,10.0,8.9,1015.9,6.6,0.1,12.0,3.0,7.0,73.0,6.0,1681.0
2023-04-16,De Bilt,260,3.5,344.0,8.9,1024.8,0.0,0.0,9.0,3.0,4.0,89.0,8.0,422.0
2023-04-17,De Bilt,260,3.5,21.0,10.2,1027.2,5.4,0.0,9.0,2.0,5.0,79.0,5.0,1371.0
2023-04-18,De Bilt,260,5.0,63.0,9.6,1027.4,4.6,0.0,12.0,3.0,7.0,66.0,5.0,1219.0
2023-04-19,De Bilt,260,6.0,54.0,10.9,1025.9,13.0,0.0,15.0,4.0,8.0,50.0,2.0,2383.0
2023-04-20,De Bilt,260,4.9,51.0,8.9,1018.9,3.3,0.6,12.0,3.0,7.0,62.0,7.0,979.0
2023-04-21,De Bilt,260,3.4,91.0,10.7,1011.9,4.0,5.8,16.0,1.0,5.0,83.0,7.0,1279.0
2023-04-22,De Bilt,260,1.5,191.0,8.9,1007.0,3.8,3.0,6.0,0.0,3.0,92.0,7.0,1028.0
2023-04-23,De Bilt,260,3.8,176.0,11.5,1002.5,5.3,5.2,13.0,2.0,7.0,84.0,7.0,1401.0
2023-04-24,De Bilt,260,4.3,279.0,8.6,1005.7,3.0,11.3,13.0,1.0,6.0,80.0,8.0,957.0
2023-04-25,De Bilt,260,3.1,312.0,6.4,1015.8,7.5,0.3,12.0,1.0,5.0,71.0,5.0,1788.0
2023-04-26,De Bilt,260,1.7,342.0,5.2,1019.8,4.0,0.0,6.0,0.0,3.0,74.0,6.0,1213.0
2023-04-27,De Bilt,260,2.9,117.0,7.9,1019.1,11.0,0.0,8.0,1.0,4.0,61.0,7.0,2189.0
2023-04-28,De Bilt,260,3.4,241.0,10.6,1011.3,0.0,1.7,9.0,2.0,5.0,84.0,8.0,517.0
2023-04-29,De Bilt,260,3.0,353.0,11.1,1020.2,8.8,0.0,8.0,1.0,5.0,69.0,4.0,2009.0
2023-04-30,De Bilt,260,1.9,99.0,11.0,1021.9,10.6,0.0,6.0,1.0,3.0,73.0,6.0,2147.0
2023-05-01,De Bilt,260,2.0,320.0,11.8,1016.6,4.5,0.1,9.0,0.0,4.0,74.0,7.0,1248.0
2023-05-02,De Bilt,260,3.3,360.0,9.2,1026.5,8.8,0.0,9.0,2.0,5.0,65.0,5.0,2188.0
2023-05-03,De Bilt,260,3.1,56.0,9.3,1027.5,13.0,0.0,9.0,1.0,5.0,64.0,7.0,2564.0
2023-05-04,De Bilt,260,3.9,91.0,14.9,1018.0,12.1,0.0,10.0,1.0,6.0,56.0,8.0,2356.0
2023-05-05,De Bilt,260,2.0,211.0,13.8,1016.2,6.7,10.6,8.0,1.0,3.0,85.0,6.0,1134.0
2023-05-06,De Bilt,260,1.9,169.0,14.8,1016.2,4.6,0.4,11.0,1.0,4.0,83.0,7.0,1803.0
2023-05-07,De Bilt,260,1.8,77.0,15.2,1017.9,4.1,16.6,8.0,0.0,4.0,89.0,7.0,1514.0
2023-05-08,De Bilt,260,1.6,235.0,14.8,1020.2,1.9,0.0,6.0,1.0,3.0,87.0,7.0,1273.0
2023-05-09,De Bilt,260,2.5,187.0,13.7,1011.3,0.0,13.6,8.0,1.0,4.0,94.0,8.0,499.0
2023-05-10,De Bilt,260,1.8,274.0,13.0,1011.5,1.9,9.5,7.0,1.0,3.0,91.0,8.0,785.0
2023-05-11,De Bilt,260,1.6,8.0,13.2,1015.5,1.0,1.5,7.0,0.0,3.0,88.0,8.0,889.0
2023-05-12,De Bilt,260,3.7,30.0,15.5,1018.5,4.2,3.4,15.0,1.0,5.0,79.0,7.0,1753.0
2023-05-13,De Bilt,260,3.6,8.0,16.4,1021.2,14.0,0.0,10.0,2.0,5.0,67.0,1.0,2557.0
2023-05-14,De Bilt,260,2.9,335.0,14.6,1017.9,11.3,0.0,8.0,2.0,4.0,78.0,8.0,2276.0
2023-05-15,De Bilt,260,3.3,311.0,11.3,1016.1,1.8,0.0,11.0,2.0,5.0,84.0,8.0,966.0
2023-05-16,De Bilt,260,3.2,313.0,10.7,1022.3,10.0,0.0,9.0,1.0,5.0,70.0,3.0,1952.0
2023-05-17,De Bilt,260,3.0,358.0,10.5,1027.7,14.1,0.0,9.0,1.0,5.0,65.0,2.0,2774.0
2023-05-18,De Bilt,260,3.1,41.0,10.2,1028.4,10.7,0.0,9.0,1.0,4.0,64.0,8.0,2430.0
2023-05-19,De Bilt,260,3.4,38.0,13.8,1025.8,12.4,0.0,10.0,2.0,4.0,62.0,5.0,2563.0
2023-05-20,De Bilt,260,4.6,47.0,15.9,1022.3,8.7,0.0,14.0,3.0,8.0,58.0,6.0,2165.0
2023-05-21,De Bilt,260,3.8,9.0,16.9,1017.4,8.4,0.0,10.0,2.0,6.0,73.0,6.0,2196.0
2023-05-22,De Bilt,260,3.1,331.0,18.0,1016.0,12.1,0.0,10.0,1.0,5.0,78.0,3.0,2572.0
2023-05-23,De Bilt,260,4.4,350.0,12.4,1023.3,6.7,0.0,13.0,1.0,7.0,70.0,5.0,1770.0
2023-05-24,De Bilt,260,2.7,354.0,11.6,1024.9,8.9,0.0,8.0,1.0,4.0,72.0,4.0,1951.0
2023-05-25,De Bilt,260,3.3,23.0,12.0,1028.6,9.6,0.0,10.0,1.0,5.0,73.0,3.0,2085.0
2023-05-26,De Bilt,260,4.3,34.0,12.4,1030.7,14.5,0.0,11.0,2.0,6.0,65.0,0.0,2887.0
2023-05-27,De Bilt,260,3.0,48.0,14.7,1025.5,14.5,0.0,8.0,2.0,5.0,67.0,1.0,2886.0
2023-05-28,De Bilt,260,4.1,14.0,15.7,1022.2,11.2,0.0,13.0,1.0,7.0,70.0,4.0,2575.0
2023-05-29,De Bilt,260,4.7,21.0,12.8,1026.3,14.5,0.0,12.0,3.0,6.0,64.0,6.0,2744.0
2023-05-30,De Bilt,260,3.7,28.0,12.7,1027.6,6.7,0.0,10.0,1.0,5.0,72.0,6.0,2014.0
2023-05-31,De Bilt,260,4.2,23.0,15.4,1025.3,15.2,0.0,11.0,3.0,6.0,73.0,3.0,2945.0
2023-06-01,De Bilt,260,4.4,15.0,12.5,1023.4,3.5,0.0,10.0,3.0,5.0,73.0,8.0,1788.0
2023-06-02,De Bilt,260,3.4,21.0,13.9,1022.2,4.1,0.0,9.0,3.0,4.0,67.0,6.0,1621.0
2023-06-03,De Bilt,260,3.9,47.0,16.6,1022.1,15.2,0.0,12.0,2.0,5.0,49.0,1.0,3004.0
2023-06-04,De Bilt,260,3.9,24.0,15.9,1022.9,15.2,0.0,10.0,2.0,5.0,60.0,1.0,2908.0
2023-06-05,De Bilt,260,3.9,16.0,14.5,1022.4,14.6,0.0,9.0,2.0,5.0,72.0,1.0,2865.0
2023-06-06,De Bilt,260,4.0,12.0,15.7,1021.4,15.2,0.0,9.0,3.0,5.0,71.0,3.0,2975.0
2023-06-07,De Bilt,260,3.4,19.0,15.9,1020.8,11.2,0.0,9.0,3.0,5.0,71.0,5.0,2664.0
2023-06-08,De Bilt,260,4.1,30.0,17.8,1017.3,12.5,0.0,11.0,3.0,6.0,66.0,2.0,2702.0
2023-06-09,De Bilt,260,3.8,71.0,21.8,1014.6,14.5,0.0,10.0,3.0,5.0,54.0,1.0,2723.0
2023-06-10,De Bilt,260,3.5,68.0,23.6,1015.4,15.3,0.0,10.0,2.0,5.0,44.0,0.0,2910.0
2023-06-11,De Bilt,260,3.5,112.0,24.5,1015.3,15.3,0.0,13.0,2.0,5.0,48.0,1.0,2942.0
2023-06-12,De Bilt,260,3.6,79.0,24.3,1015.2,14.0,0.0,12.0,2.0,6.0,37.0,5.0,2860.0
2023-06-13,De Bilt,260,4.3,60.0,22.4,1014.4,15.3,0.0,13.0,2.0,8.0,39.0,0.0,3004.0
2023-06-14,De Bilt,260,4.0,74.0,20.3,1017.5,15.3,0.0,12.0,2.0,7.0,46.0,0.0,3035.0
2023-06-15,De Bilt,260,2.4,18.0,20.0,1019.6,14.2,0.0,8.0,0.0,4.0,56.0,1.0,2690.0
2023-06-16,De Bilt,260,2.2,348.0,19.1,1018.7,15.3,0.0,9.0,0.0,5.0,56.0,0.0,2964.0
2023-06-17,De Bilt,260,1.6,347.0,20.5,1015.3,13.7,0.0,5.0,0.0,3.0,52.0,5.0,2831.0
2023-06-18,De Bilt,260,2.6,109.0,21.9,1011.4,1.3,0.0,8.0,2.0,4.0,55.0,8.0,1166.0
2023-06-19,De Bilt,260,4.0,227.0,21.3,1011.8,8.4,0.0,13.0,2.0,6.0,64.0,7.0,2229.0
2023-06-20,De Bilt,260,3.1,139.0,22.1,1010.6,5.2,7.0,13.0,1.0,5.0,71.0,8.0,1920.0
2023-06-21,De Bilt,260,2.8,241.0,20.8,1016.7,13.5,0.0,10.0,1.0,5.0,73.0,5.0,2708.0
2023-06-22,De Bilt,260,2.5,2.0,18.9,1017.5,3.8,3.7,7.0,1.0,4.0,82.0,7.0,1086.0
2023-06-23,De Bilt,260,2.3,316.0,20.2,1023.1,13.0,0.0,7.0,1.0,3.0,70.0,4.0,2811.0
2023-06-24,De Bilt,260,1.9,245.0,21.3,1023.1,14.3,0.0,6.0,1.0,3.0,68.0,1.0,2870.0
2023-06-25,De Bilt,260,2.5,165.0,24.5,1016.0,15.3,0.0,9.0,1.0,4.0,59.0,0.0,2974.0
2023-06-26,De Bilt,260,3.6,279.0,19.2,1017.5,12.4,0.0,11.0,1.0,6.0,67.0,5.0,2574.0
2023-06-27,De Bilt,260,2.6,281.0,17.7,1019.9,4.4,0.9,9.0,1.0,5.0,68.0,8.0,1955.0
2023-06-28,De Bilt,260,2.4,196.0,18.4,1017.7,0.2,2.0,7.0,1.0,3.0,82.0,8.0,751.0
2023-06-29,De Bilt,260,3.0,262.0,18.6,1014.4,1.7,0.7,10.0,1.0,5.0,80.0,8.0,1383.0
2023-06-30,De Bilt,260,3.2,233.0,17.6,1012.2,8.1,0.0,10.0,1.0,5.0,63.0,6.0,2058.0
2023-07-01,De Bilt,260,4.4,235.0,17.6,1004.7,0.5,4.0,12.0,3.0,6.0,82.0,8.0,849.0
2023-07-02,De Bilt,260,4.5,253.0,17.3,1009.6,9.9,0.0,13.0,2.0,6.0,59.0,6.0,2389.0
2023-07-03,De Bilt,260,4.9,241.0,16.6,1009.6,2.9,7.8,15.0,3.0,7.0,65.0,8.0,1288.0
2023-07-04,De Bilt,260,3.5,221.0,16.8,1010.5,5.3,3.3,13.0,1.0,6.0,69.0,8.0,1856.0
2023-07-05,De Bilt,260,5.2,236.0,14.3,1008.3,3.5,25.4,18.0,2.0,9.0,83.0,7.0,1022.0
2023-07-06,De Bilt,260,2.9,221.0,16.9,1017.3,8.6,0.2,10.0,1.0,5.0,72.0,7.0,2134.0
2023-07-07,De Bilt,260,3.0,120.0,21.0,1019.0,15.3,0.0,8.0,1.0,4.0,54.0,2.0,3033.0
2023-07-08,De Bilt,260,2.4,119.0,24.7,1016.4,13.7,0.0,7.0,1.0,4.0,56.0,2.0,2761.0
2023-07-09,De Bilt,260,2.2,320.0,22.0,1018.6,5.8,2.4,15.0,1.0,5.0,80.0,7.0,1785.0
2023-07-10,De Bilt,260,2.5,276.0,20.5,1020.1,13.3,0.0,9.0,1.0,4.0,67.0,5.0,2760.0
2023-07-11,De Bilt,260,3.3,228.0,21.5,1011.4,10.1,3.6,12.0,1.0,6.0,70.0,7.0,2571.0
2023-07-12,De Bilt,260,4.5,237.0,18.8,1011.3,10.3,2.4,12.0,3.0,6.0,71.0,6.0,2281.0
2023-07-13,De Bilt,260,3.4,235.0,17.8,1016.2,7.4,2.3,12.0,2.0,5.0,75.0,5.0,1809.0
2023-07-14,De Bilt,260,3.0,160.0,19.3,1011.8,4.6,0.0,8.0,2.0,4.0,68.0,8.0,1784.0
2023-07-15,De Bilt,260,4.1,209.0,21.0,1005.0,6.9,1.3,14.0,2.0,7.0,66.0,6.0,1719.0
2023-07-16,De Bilt,260,5.7,215.0,19.1,1011.9,8.5,0.0,17.0,3.0,9.0,62.0,5.0,1912.0
2023-07-17,De Bilt,260,4.0,232.0,17.3,1018.3,9.5,6.2,12.0,2.0,5.0,73.0,5.0,1967.0
2023-07-18,De Bilt,260,2.2,221.0,18.0,1017.9,9.0,0.0,7.0,1.0,3.0,72.0,7.0,2254.0
2023-07-19,De Bilt,260,2.1,301.0,17.7,1013.8,3.9,1.1,9.0,0.0,4.0,78.0,8.0,1546.0
2023-07-20,De Bilt,260,1.8,322.0,17.1,1014.6,8.3,0.0,6.0,1.0,3.0,69.0,4.0,1987.0
2023-07-21,De Bilt,260,2.2,273.0,15.6,1012.2,7.0,0.9,12.0,0.0,5.0,76.0,7.0,1827.0
2023-07-22,De Bilt,260,2.9,212.0,15.4,1012.0,0.6,6.2,10.0,1.0,5.0,86.0,8.0,870.0
2023-07-23,De Bilt,260,4.5,209.0,18.0,1005.2,2.1,0.8,15.0,2.0,6.0,84.0,8.0,1102.0
2023-07-24,De Bilt,260,3.6,252.0,16.9,1003.8,2.4,4.3,10.0,2.0,5.0,82.0,7.0,1287.0
2023-07-25,De Bilt,260,2.8,308.0,15.0,1008.7,8.5,0.0,10.0,1.0,5.0,72.0,6.0,2239.0
2023-07-26,De Bilt,260,2.5,245.0,15.4,1011.7,9.9,5.2,10.0,1.0,5.0,75.0,5.0,2191.0
2023-07-27,De Bilt,260,4.0,218.0,17.0,1004.3,0.0,14.1,11.0,2.0,5.0,95.0,8.0,603.0
2023-07-28,De Bilt,260,3.3,226.0,19.8,1006.5,3.6,1.0,9.0,2.0,5.0,84.0,8.0,1521.0
2023-07-29,De Bilt,260,3.8,229.0,18.8,1007.0,5.5,1.9,12.0,2.0,5.0,77.0,6.0,1346.0
2023-07-30,De Bilt,260,4.8,226.0,17.4,1010.1,4.5,12.6,14.0,3.0,7.0,80.0,8.0,1646.0
2023-07-31,De Bilt,260,4.8,222.0,17.1,1004.2,0.0,14.1,13.0,2.0,6.0,94.0,8.0,496.0
2023-08-01,De Bilt,260,3.9,250.0,17.1,999.9,5.5,5.3,13.0,2.0,6.0,80.0,7.0,1464.0
2023-08-02,De Bilt,260,4.6,199.0,17.3,991.2,4.0,17.0,15.0,2.0,7.0,86.0,7.0,1418.0
2023-08-03,De Bilt,260,3.5,275.0,17.0,1000.0,2.8,4.6,11.0,1.0,5.0,86.0,8.0,1254.0
2023-08-04,De Bilt,260,2.2,314.0,16.5,1014.4,4.6,0.1,9.0,0.0,5.0,83.0,7.0,1632.0
2023-08-05,De Bilt,260,2.9,155.0,15.2,1010.1,1.9,2.6,10.0,1.0,5.0,89.0,8.0,974.0
2023-08-06,De Bilt,260,3.7,305.0,14.6,1008.3,0.3,14.8,13.0,2.0,6.0,93.0,8.0,588.0
2023-08-07,De Bilt,260,4.1,281.0,15.4,1015.3,7.5,2.5,12.0,2.0,6.0,78.0,6.0,1608.0
2023-08-08,De Bilt,260,3.6,252.0,15.9,1013.0,5.8,2.5,13.0,1.0,6.0,77.0,7.0,1616.0
2023-08-09,De Bilt,260,2.8,263.0,16.2,1017.1,10.9,0.0,10.0,1.0,5.0,79.0,5.0,2128.0
2023-08-10,De Bilt,260,1.8,194.0,17.8,1021.0,7.9,0.0,6.0,0.0,3.0,74.0,5.0,1816.0
2023-08-11,De Bilt,260,2.6,204.0,20.9,1018.7,7.5,0.0,9.0,1.0,5.0,77.0,5.0,1854.0
2023-08-12,De Bilt,260,3.1,221.0,19.5,1015.5,7.8,19.8,11.0,2.0,5.0,79.0,6.0,1733.0
2023-08-13,De Bilt,260,2.7,212.0,18.0,1015.9,5.3,0.2,8.0,1.0,5.0,81.0,6.0,1256.0
2023-08-14,De Bilt,260,2.2,166.0,19.5,1013.5,10.7,0.0,8.0,1.0,4.0,77.0,5.0,2172.0
2023-08-15,De Bilt,260,2.5,262.0,18.6,1016.2,6.8,0.0,9.0,0.0,4.0,81.0,5.0,1469.0
2023-08-16,De Bilt,260,3.0,44.0,18.7,1020.9,10.2,0.0,9.0,0.0,4.0,71.0,8.0,2156.0
2023-08-17,De Bilt,260,3.9,44.0,18.1,1019.9,1.2,0.0,9.0,2.0,5.0,81.0,8.0,1092.0
2023-08-18,De Bilt,260,2.8,88.0,21.0,1015.5,7.9,0.0,6.0,2.0,4.0,83.0,7.0,2002.0
2023-08-19,De Bilt,260,2.7,211.0,21.8,1015.8,3.9,0.0,11.0,1.0,6.0,80.0,7.0,1137.0
2023-08-20,De Bilt,260,1.9,270.0,19.8,1022.4,11.2,0.0,6.0,0.0,3.0,76.0,4.0,2123.0
2023-08-21,De Bilt,260,1.5,287.0,19.7,1022.9,11.5,0.0,8.0,0.0,3.0,75.0,4.0,2109.0
2023-08-22,De Bilt,260,1.9,246.0,18.2,1020.5,7.1,0.0,7.0,0.0,3.0,81.0,5.0,1599.0
2023-08-23,De Bilt,260,2.0,246.0,18.8,1019.7,11.9,0.0,7.0,1.0,3.0,77.0,4.0,2101.0
2023-08-24,De Bilt,260,2.1,156.0,20.5,1012.9,3.6,0.4,7.0,1.0,3.0,82.0,7.0,1096.0
2023-08-25,De Bilt,260,1.9,245.0,19.2,1008.0,2.3,2.7,7.0,1.0,4.0,89.0,8.0,754.0
2023-08-26,De Bilt,260,3.1,196.0,15.9,1009.7,8.0,4.4,10.0,1.0,5.0,84.0,5.0,1423.0
2023-08-27,De Bilt,260,3.0,222.0,15.0,1009.1,5.8,0.6,10.0,1.0,5.0,85.0,6.0,1218.0
2023-08-28,De Bilt,260,1.7,328.0,15.8,1012.4,9.4,0.0,7.0,0.0,4.0,81.0,6.0,1897.0
2023-08-29,De Bilt,260,1.4,206.0,14.1,1011.2,2.4,1.8,5.0,0.0,3.0,86.0,8.0,932.0
2023-08-30,De Bilt,260,2.8,236.0,13.9,1006.2,4.0,7.4,9.0,2.0,4.0,84.0,6.0,1028.0
2023-08-31,De Bilt,260,2.7,260.0,15.2,1010.1,9.4,9.4,11.0,0.0,5.0,78.0,6.0,1851.0
2023-09-01,De Bilt,260,1.5,111.0,15.9,1013.2,1.1,4.9,5.0,1.0,2.0,91.0,8.0,674.0
2023-09-02,De Bilt,260,1.4,28.0,16.5,1021.4,3.6,0.0,6.0,1.0,3.0,91.0,7.0,985.0
2023-09-03,De Bilt,260,1.0,62.0,16.1,1027.8,8.3,0.0,4.0,0.0,2.0,79.0,8.0,1673.0
2023-09-04,De Bilt,260,2.1,94.0,17.8,1024.7,11.6,0.0,6.0,1.0,3.0,77.0,7.0,1898.0
2023-09-05,De Bilt,260,2.8,123.0,21.0,1019.0,12.3,0.0,8.0,1.0,4.0,71.0,0.0,2033.0
2023-09-06,De Bilt,260,1.9,140.0,21.7,1019.6,12.2,0.0,6.0,1.0,3.0,74.0,1.0,1993.0
2023-09-07,De Bilt,260,2.3,110.0,20.7,1018.5,12.2,0.0,8.0,1.0,4.0,75.0,1.0,1979.0
2023-09-08,De Bilt,260,1.5,158.0,21.6,1016.5,11.8,0.0,6.0,0.0,3.0,78.0,3.0,1865.0
2023-09-09,De Bilt,260,1.0,352.0,20.7,1016.8,9.7,0.0,4.0,0.0,2.0,82.0,1.0,1721.0
2023-09-10,De Bilt,260,2.0,141.0,23.3,1016.4,11.1,0.0,6.0,1.0,3.0,78.0,4.0,1710.0
2023-09-11,De Bilt,260,2.1,269.0,22.0,1013.0,8.1,1.1,7.0,1.0,3.0,81.0,6.0,1573.0
2023-09-12,De Bilt,260,1.3,296.0,19.7,1013.0,3.4,0.0,5.0,0.0,2.0,88.0,8.0,1079.0
2023-09-13,De Bilt,260,3.0,17.0,16.6,1018.7,8.0,0.2,13.0,0.0,6.0,80.0,6.0,1417.0
2023-09-14,De Bilt,260,1.5,135.0,14.1,1022.0,8.9,0.0,6.0,0.0,3.0,83.0,6.0,1420.0
2023-09-15,De Bilt,260,1.8,117.0,14.9,1017.3,9.9,0.0,7.0,1.0,4.0,82.0,5.0,1668.0
2023-09-16,De Bilt,260,2.0,47.0,18.1,1014.3,8.6,0.0,7.0,1.0,4.0,73.0,5.0,1418.0
2023-09-17,De Bilt,260,2.3,67.0,16.6,1011.7,0.8,19.1,7.0,1.0,4.0,92.0,8.0,376.0
2023-09-18,De Bilt,260,4.5,204.0,18.6,1003.3,5.1,3.5,16.0,2.0,7.0,84.0,7.0,991.0
2023-09-19,De Bilt,260,6.2,211.0,16.6,1007.8,2.3,0.3,18.0,3.0,9.0,77.0,8.0,760.0
2023-09-20,De Bilt,260,5.0,187.0,18.5,1004.1,3.2,0.0,16.0,3.0,8.0,75.0,8.0,777.0
2023-09-21,De Bilt,260,2.5,167.0,15.5,997.0,0.0,11.9,10.0,1.0,4.0,91.0,8.0,261.0
2023-09-22,De Bilt,260,3.6,209.0,14.0,1001.4,3.8,0.8,14.0,2.0,6.0,85.0,8.0,982.0
2023-09-23,De Bilt,260,2.9,229.0,13.4,1014.8,4.5,6.5,9.0,1.0,4.0,89.0,6.0,1008.0
2023-09-24,De Bilt,260,3.1,170.0,13.9,1023.1,10.3,0.0,10.0,2.0,6.0,77.0,3.0,1547.0
2023-09-25,De Bilt,260,2.4,170.0,15.8,1021.6,5.5,0.0,7.0,1.0,4.0,77.0,8.0,1197.0
2023-09-26,De Bilt,260,2.0,151.0,15.9,1019.9,5.1,0.0,6.0,1.0,3.0,84.0,7.0,1041.0
2023-09-27,De Bilt,260,2.4,144.0,17.4,1016.9,4.8,0.0,7.0,1.0,4.0,82.0,7.0,1083.0
2023-09-28,De Bilt,260,3.0,205.0,17.0,1015.8,2.7,0.0,9.0,1.0,5.0,81.0,6.0,734.0
2023-09-29,De Bilt,260,3.1,230.0,15.8,1017.7,3.0,4.2,10.0,1.0,5.0,86.0,6.0,517.0
2023-09-30,De Bilt,260,1.9,197.0,14.7,1025.3,7.0,0.0,7.0,1.0,3.0,83.0,7.0,1040.0
2023-10-01,De Bilt,260,2.9,204.0,17.6,1021.7,9.8,0.0,9.0,1.0,5.0,78.0,7.0,1285.0
2023-10-02,De Bilt,260,2.0,176.0,18.2,1017.0,6.1,0.0,6.0,1.0,3.0,88.0,8.0,1021.0
2023-10-03,De Bilt,260,4.2,248.0,15.9,1015.6,3.0,4.8,14.0,3.0,7.0,82.0,6.0,558.0
2023-10-04,De Bilt,260,3.8,223.0,14.6,1024.6,5.1,0.0,11.0,2.0,6.0,79.0,7.0,737.0
2023-10-05,De Bilt,260,3.4,223.0,15.4,1023.8,2.7,0.0,9.0,2.0,4.0,80.0,8.0,619.0
2023-10-06,De Bilt,260,5.0,220.0,16.1,1022.2,6.7,0.0,12.0,4.0,7.0,81.0,7.0,989.0
2023-10-07,De Bilt,260,4.1,238.0,18.1,1020.9,4.2,0.0,13.0,2.0,6.0,83.0,7.0,906.0
2023-10-08,De Bilt,260,2.3,114.0,15.0,1023.7,0.4,0.0,8.0,1.0,4.0,91.0,8.0,458.0
2023-10-09,De Bilt,260,2.5,259.0,17.6,1020.0,0.5,0.0,8.0,1.0,4.0,86.0,8.0,538.0
2023-10-10,De Bilt,260,3.0,204.0,17.4,1016.8,7.4,0.0,10.0,1.0,5.0,79.0,8.0,1004.0
2023-10-11,De Bilt,260,4.3,223.0,17.4,1012.0,0.3,0.2,11.0,2.0,6.0,85.0,8.0,364.0
2023-10-12,De Bilt,260,2.5,191.0,15.5,1012.2,0.0,36.7,8.0,1.0,4.0,97.0,8.0,107.0
2023-10-13,De Bilt,260,5.2,210.0,17.8,1002.9,0.1,36.7,18.0,2.0,8.0,89.0,8.0,243.0
2023-10-14,De Bilt,260,3.2,277.0,10.9,1012.7,6.1,7.8,13.0,2.0,6.0,74.0,4.0,716.0
2023-10-15,De Bilt,260,2.0,263.0,7.5,1021.6,5.2,11.1,10.0,1.0,3.0,90.0,6.0,802.0
2023-10-16,De Bilt,260,1.6,37.0,8.8,1022.4,5.5,0.3,4.0,1.0,2.0,88.0,8.0,695.0
2023-10-17,De Bilt,260,3.6,79.0,8.4,1018.4,9.4,0.0,9.0,2.0,5.0,84.0,5.0,1056.0
2023-10-18,De Bilt,260,5.2,96.0,9.4,1003.3,5.6,11.3,12.0,4.0,6.0,78.0,8.0,760.0
2023-10-19,De Bilt,260,3.4,133.0,15.0,990.0,1.9,2.1,8.0,2.0,5.0,93.0,8.0,441.0
2023-10-20,De Bilt,260,4.9,97.0,11.6,980.5,0.0,19.4,14.0,2.0,7.0,97.0,7.0,99.0
2023-10-21,De Bilt,260,4.7,168.0,13.0,990.9,1.2,4.4,14.0,3.0,6.0,86.0,8.0,402.0
2023-10-22,De Bilt,260,3.7,214.0,11.3,1005.8,5.9,3.3,14.0,1.0,7.0,88.0,6.0,767.0
2023-10-23,De Bilt,260,2.9,88.0,10.5,1009.9,1.3,3.6,9.0,1.0,5.0,95.0,7.0,428.0
2023-10-24,De Bilt,260,3.8,193.0,11.4,1001.1,1.7,3.8,11.0,3.0,5.0,91.0,6.0,324.0
2023-10-25,De Bilt,260,2.9,56.0,9.2,996.1,0.0,15.7,8.0,2.0,4.0,97.0,7.0,117.0
2023-10-26,De Bilt,260,2.3,125.0,9.4,995.1,1.3,0.1,5.0,1.0,3.0,97.0,8.0,371.0
2023-10-27,De Bilt,260,2.0,149.0,10.4,992.2,0.0,11.0,6.0,1.0,3.0,97.0,8.0,178.0
2023-10-28,De Bilt,260,3.9,167.0,11.8,994.0,1.5,6.7,11.0,3.0,5.0,88.0,8.0,365.0
2023-10-29,De Bilt,260,5.7,201.0,12.8,992.0,2.0,5.6,16.0,4.0,7.0,80.0,6.0,387.0
2023-10-30,De Bilt,260,3.3,194.0,11.0,997.4,1.6,16.8,8.0,1.0,5.0,91.0,6.0,328.0
2023-10-31,De Bilt,260,3.3,221.0,11.0,1001.4,4.2,18.5,13.0,2.0,5.0,93.0,8.0,546.0
2023-11-01,De Bilt,260,4.9,180.0,12.2,996.8,0.4,0.9,14.0,3.0,7.0,88.0,7.0,336.0
2023-11-02,De Bilt,260,8.6,175.0,10.9,975.0,0.3,9.1,23.0,4.0,11.0,79.0,8.0,242.0
2023-11-03,De Bilt,260,6.6,206.0,9.5,982.4,3.2,7.1,17.0,5.0,9.0,83.0,7.0,458.0
2023-11-04,De Bilt,260,5.0,167.0,9.4,976.4,0.8,10.7,15.0,4.0,7.0,89.0,8.0,237.0
2023-11-05,De Bilt,260,4.1,222.0,10.4,978.9,1.1,6.2,15.0,2.0,6.0,88.0,8.0,226.0
2023-11-06,De Bilt,260,5.5,212.0,9.8,999.3,4.6,0.9,15.0,4.0,8.0,85.0,5.0,480.0
2023-11-07,De Bilt,260,4.7,210.0,9.6,1007.8,5.0,2.0,11.0,3.0,6.0,85.0,6.0,521.0
2023-11-08,De Bilt,260,5.3,195.0,9.3,1007.5,2.1,20.4,13.0,4.0,7.0,92.0,8.0,330.0
2023-11-09,De Bilt,260,4.4,200.0,9.4,998.5,3.7,3.7,13.0,3.0,6.0,88.0,8.0,440.0
2023-11-10,De Bilt,260,3.7,205.0,7.4,995.6,0.2,4.5,10.0,1.0,6.0,90.0,8.0,134.0
2023-11-11,De Bilt,260,3.0,240.0,7.5,1003.9,4.0,6.1,10.0,2.0,4.0,87.0,7.0,433.0
2023-11-12,De Bilt,260,1.9,173.0,5.3,1006.6,2.4,0.1,7.0,1.0,3.0,96.0,7.0,342.0
2023-11-13,De Bilt,260,5.0,212.0,10.2,1000.1,0.7,6.9,19.0,2.0,8.0,88.0,7.0,113.0
2023-11-14,De Bilt,260,4.9,236.0,11.9,1002.0,0.2,13.2,15.0,2.0,7.0,86.0,8.0,197.0
2023-11-15,De Bilt,260,4.3,252.0,11.0,1012.6,6.0,3.7,13.0,3.0,6.0,83.0,7.0,534.0
2023-11-16,De Bilt,260,1.8,37.0,6.8,1013.6,0.0,3.7,9.0,1.0,3.0,96.0,8.0,166.0
2023-11-17,De Bilt,260,1.6,179.0,5.1,1020.0,3.4,0.0,6.0,0.0,3.0,93.0,6.0,363.0
2023-11-18,De Bilt,260,4.2,176.0,8.3,1015.2,0.0,12.8,12.0,2.0,6.0,96.0,8.0,65.0
2023-11-19,De Bilt,260,5.7,232.0,12.4,1006.7,1.7,6.1,15.0,5.0,7.0,87.0,7.0,284.0
2023-11-20,De Bilt,260,3.5,232.0,9.8,1008.2,2.8,8.3,11.0,1.0,5.0,92.0,7.0,286.0
2023-11-21,De Bilt,260,2.3,8.0,7.2,1019.0,0.0,0.2,9.0,1.0,5.0,96.0,7.0,111.0
2023-11-22,De Bilt,260,2.7,194.0,4.6,1027.9,1.7,0.2,9.0,1.0,5.0,94.0,8.0,291.0
2023-11-23,De Bilt,260,5.0,260.0,11.2,1018.4,1.3,1.0,16.0,4.0,7.0,86.0,6.0,246.0
2023-11-24,De Bilt,260,4.8,313.0,6.4,1011.7,2.3,4.9,18.0,3.0,6.0,77.0,6.0,279.0
2023-11-25,De Bilt,260,3.1,307.0,5.0,1013.2,3.3,1.9,13.0,1.0,5.0,85.0,5.0,316.0
2023-11-26,De Bilt,260,2.5,227.0,5.0,1013.7,0.0,1.5,9.0,1.0,5.0,93.0,8.0,154.0
2023-11-27,De Bilt,260,4.3,103.0,4.2,998.0,0.0,16.3,11.0,2.0,6.0,95.0,8.0,67.0
2023-11-28,De Bilt,260,3.3,292.0,2.1,1005.4,6.8,4.9,11.0,1.0,6.0,82.0,4.0,444.0
2023-11-29,De Bilt,260,2.5,249.0,2.4,1001.9,3.9,1.8,12.0,1.0,6.0,89.0,7.0,292.0
2023-11-30,De Bilt,260,1.3,62.0,-0.3,1002.4,0.0,0.0,4.0,1.0,3.0,99.0,8.0,193.0
2023-12-01,De Bilt,260,1.8,61.0,-1.2,1008.2,3.8,0.0,5.0,1.0,3.0,89.0,6.0,343.0
2023-12-02,De Bilt,260,1.9,225.0,-0.4,1014.5,2.3,0.0,8.0,0.0,3.0,93.0,7.0,280.0
2023-12-03,De Bilt,260,3.9,164.0,0.8,1017.5,3.1,2.2,10.0,2.0,6.0,89.0,7.0,272.0
2023-12-04,De Bilt,260,4.8,122.0,1.8,1004.9,0.0,3.4,10.0,4.0,5.0,86.0,8.0,144.0
2023-12-05,De Bilt,260,3.0,11.0,1.8,1004.1,0.0,2.6,7.0,2.0,4.0,96.0,8.0,67.0
2023-12-06,De Bilt,260,1.8,274.0,2.5,1015.4,2.8,0.2,5.0,0.0,3.0,91.0,4.0,274.0
2023-12-07,De Bilt,260,3.6,132.0,0.3,1015.6,0.0,0.0,10.0,1.0,6.0,94.0,7.0,110.0
2023-12-08,De Bilt,260,3.3,174.0,5.4,1007.2,0.0,0.6,8.0,2.0,4.0,95.0,8.0,73.0
2023-12-09,De Bilt,260,5.5,191.0,8.1,999.3,0.0,7.7,15.0,4.0,8.0,89.0,7.0,90.0
2023-12-10,De Bilt,260,6.8,235.0,9.7,1000.1,1.0,9.0,20.0,5.0,9.0,80.0,7.0,191.0
2023-12-11,De Bilt,260,5.0,248.0,9.2,1001.5,0.0,5.4,19.0,2.0,9.0,89.0,8.0,118.0
2023-12-12,De Bilt,260,2.6,172.0,8.0,1001.3,0.2,11.0,7.0,2.0,4.0,95.0,7.0,167.0
2023-12-13,De Bilt,260,2.4,94.0,8.2,999.5,0.0,2.1,9.0,0.0,4.0,96.0,8.0,129.0
2023-12-14,De Bilt,260,2.5,284.0,5.6,1019.7,1.6,0.0,7.0,1.0,4.0,88.0,8.0,233.0
2023-12-15,De Bilt,260,2.7,240.0,8.4,1033.9,0.0,0.0,7.0,2.0,3.0,82.0,8.0,146.0
2023-12-16,De Bilt,260,4.1,227.0,8.7,1037.6,0.8,0.0,11.0,3.0,5.0,90.0,7.0,90.0
2023-12-17,De Bilt,260,4.8,219.0,8.6,1034.4,3.1,0.0,10.0,4.0,6.0,85.0,5.0,239.0
2023-12-18,De Bilt,260,4.8,210.0,7.5,1028.6,0.0,0.0,12.0,3.0,6.0,89.0,8.0,127.0
2023-12-19,De Bilt,260,4.7,230.0,7.9,1017.6,0.0,12.4,13.0,2.0,7.0,96.0,7.0,33.0
2023-12-20,De Bilt,260,5.2,257.0,8.6,1012.0,0.7,1.9,14.0,3.0,7.0,84.0,7.0,138.0
2023-12-21,De Bilt,260,7.4,271.0,9.8,999.2,0.3,8.9,21.0,5.0,10.0,82.0,8.0,66.0
2023-12-22,De Bilt,260,6.3,281.0,9.0,1004.0,0.0,9.6,20.0,3.0,9.0,82.0,8.0,99.0
2023-12-23,De Bilt,260,6.7,257.0,10.3,1007.4,0.0,3.5,18.0,2.0,8.0,80.0,8.0,118.0
2023-12-24,De Bilt,260,7.5,242.0,11.6,1003.2,0.0,18.9,18.0,6.0,9.0,92.0,8.0,32.0
2023-12-25,De Bilt,260,5.2,244.0,11.6,1005.6,0.4,17.1,17.0,3.0,8.0,89.0,8.0,160.0
2023-12-26,De Bilt,260,4.0,260.0,7.6,1014.0,2.1,2.3,14.0,1.0,7.0,82.0,7.0,191.0
2023-12-27,De Bilt,260,4.5,170.0,7.0,1012.4,0.0,3.4,14.0,1.0,7.0,89.0,8.0,54.0
2023-12-28,De Bilt,260,8.1,213.0,10.9,1008.0,0.4,0.8,22.0,6.0,9.0,75.0,8.0,171.0
2023-12-29,De Bilt,260,6.0,232.0,9.3,1006.0,0.4,3.8,20.0,2.0,9.0,83.0,7.0,181.0
2023-12-30,De Bilt,260,4.2,197.0,8.1,1009.2,1.9,0.0,10.0,3.0,5.0,84.0,8.0,177.0
2023-12-31,De Bilt,260,6.4,187.0,8.8,995.7,1.2,2.8,17.0,4.0,8.0,79.0,8.0,130.0
2021-01-01,De Kooy,235,1.7,252.0,4.4,1007.5,2.8,0.0,5.0,1.0,3.0,88.0,7.0,247.0
2021-01-02,De Kooy,235,1.5,13.0,3.2,1013.0,4.5,0.3,6.0,0.0,4.0,92.0,4.0,253.0
2021-01-03,De Kooy,235,6.3,58.0,3.5,1018.2,1.5,0.0,16.0,1.0,12.0,88.0,8.0,176.0
2021-01-04,De Kooy,235,11.0,56.0,3.2,1020.1,0.0,0.3,18.0,9.0,13.0,82.0,8.0,99.0
2021-01-05,De Kooy,235,9.2,60.0,3.2,1019.5,0.0,0.6,15.0,8.0,10.0,88.0,8.0,110.0
2021-01-06,De Kooy,235,3.3,34.0,2.4,1017.2,0.0,0.8,13.0,1.0,9.0,87.0,8.0,99.0
2021-01-07,De Kooy,235,3.5,336.0,3.2,1012.0,0.0,12.9,12.0,1.0,7.0,89.0,8.0,107.0
2021-01-08,De Kooy,235,1.4,353.0,2.3,1016.5,5.8,0.4,6.0,1.0,2.0,92.0,5.0,344.0
2021-01-09,De Kooy,235,3.0,317.0,4.0,1023.4,4.6,0.5,10.0,1.0,5.0,76.0,4.0,311.0
2021-01-10,De Kooy,235,5.6,248.0,4.9,1021.9,0.0,0.3,10.0,4.0,7.0,85.0,8.0,81.0
2021-01-11,De Kooy,235,9.3,240.0,6.7,1012.2,0.8,3.9,16.0,6.0,11.0,84.0,8.0,137.0
2021-01-12,De Kooy,235,6.0,308.0,5.8,1008.7,4.6,6.1,15.0,4.0,9.0,77.0,5.0,325.0
2021-01-13,De Kooy,235,6.5,300.0,5.0,1014.5,1.8,1.7,15.0,3.0,9.0,75.0,7.0,209.0
2021-01-14,De Kooy,235,5.0,76.0,2.2,1020.9,4.5,0.0,11.0,2.0,8.0,77.0,7.0,362.0
2021-01-15,De Kooy,235,1.6,89.0,1.8,1028.6,0.0,0.0,8.0,1.0,5.0,82.0,8.0,93.0
2021-01-16,De Kooy,235,5.6,183.0,1.1,1020.7,0.0,0.9,14.0,1.0,9.0,87.0,8.0,80.0
2021-01-17,De Kooy,235,3.8,291.0,5.2,1017.8,2.2,3.2,9.0,1.0,5.0,88.0,7.0,219.0
2021-01-18,De Kooy,235,6.6,249.0,6.0,1017.6,1.2,0.8,13.0,4.0,8.0,86.0,8.0,230.0
2021-01-19,De Kooy,235,10.5,220.0,7.6,1001.7,0.2,11.4,21.0,7.0,14.0,92.0,8.0,141.0
2021-01-20,De Kooy,235,12.2,200.0,8.6,991.3,0.2,0.5,21.0,8.0,14.0,78.0,8.0,171.0
2021-01-21,De Kooy,235,12.0,209.0,6.7,983.4,5.2,4.5,26.0,4.0,16.0,80.0,7.0,402.0
2021-01-22,De Kooy,235,7.0,248.0,5.2,989.8,7.0,0.5,15.0,3.0,10.0,77.0,5.0,497.0
2021-01-23,De Kooy,235,4.4,234.0,3.1,992.9,1.9,2.6,13.0,2.0,8.0,87.0,8.0,266.0
2021-01-24,De Kooy,235,2.2,245.0,1.9,997.5,3.1,0.2,10.0,1.0,4.0,83.0,8.0,352.0
2021-01-25,De Kooy,235,5.0,277.0,2.3,1003.7,5.0,3.2,18.0,0.0,11.0,84.0,7.0,446.0
2021-01-26,De Kooy,235,4.8,268.0,5.0,1014.0,4.4,0.5,16.0,2.0,9.0,81.0,7.0,404.0
2021-01-27,De Kooy,235,5.7,242.0,5.2,1009.1,0.0,1.3,14.0,2.0,9.0,92.0,8.0,126.0
2021-01-28,De Kooy,235,4.4,104.0,3.9,1002.6,0.6,5.8,11.0,1.0,8.0,93.0,8.0,143.0
2021-01-29,De Kooy,235,6.2,279.0,5.2,994.1,0.0,13.3,15.0,2.0,10.0,91.0,8.0,152.0
2021-01-30,De Kooy,235,6.9,78.0,0.4,1004.1,2.9,0.0,12.0,5.0,8.0,82.0,6.0,374.0
2021-01-31,De Kooy,235,4.5,92.0,-0.2,1001.9,7.9,0.0,10.0,3.0,6.0,79.0,6.0,615.0
2021-02-01,De Kooy,235,3.6,67.0,-0.4,996.5,2.1,0.0,9.0,1.0,7.0,88.0,7.0,298.0
2021-02-02,De Kooy,235,4.1,102.0,1.0,998.4,0.0,2.4,9.0,1.0,6.0,95.0,8.0,154.0
2021-02-03,De Kooy,235,5.0,231.0,7.3,995.5,0.0,4.6,13.0,2.0,8.0,94.0,8.0,139.0
2021-02-04,De Kooy,235,4.2,76.0,4.0,1011.0,0.3,0.2,10.0,1.0,6.0,94.0,8.0,252.0
2021-02-05,De Kooy,235,4.8,101.0,4.2,1011.4,0.0,6.5,10.0,4.0,6.0,94.0,8.0,177.0
2021-02-06,De Kooy,235,9.7,80.0,1.4,1011.0,0.0,0.5,19.0,5.0,14.0,85.0,8.0,112.0
2021-02-07,De Kooy,235,15.7,63.0,-3.3,1005.1,0.0,7.4,24.0,15.0,17.0,82.0,8.0,153.0
2021-02-08,De Kooy,235,11.7,69.0,-2.8,1005.0,0.0,0.6,22.0,9.0,15.0,73.0,8.0,230.0
2021-02-09,De Kooy,235,6.3,75.0,-1.6,1009.4,6.6,0.0,14.0,4.0,9.0,72.0,5.0,694.0
2021-02-10,De Kooy,235,3.7,66.0,-2.3,1016.9,5.2,0.0,9.0,2.0,5.0,78.0,6.0,522.0
2021-02-11,De Kooy,235,1.6,120.0,-2.9,1030.4,8.7,0.0,5.0,1.0,3.0,77.0,3.0,868.0
2021-02-12,De Kooy,235,6.8,88.0,-3.6,1036.6,8.9,0.0,12.0,3.0,9.0,72.0,1.0,850.0
2021-02-13,De Kooy,235,5.2,113.0,-4.1,1039.8,8.9,0.0,10.0,4.0,6.0,69.0,2.0,888.0
2021-02-14,De Kooy,235,6.4,150.0,-0.9,1032.9,6.9,0.0,13.0,4.0,8.0,56.0,8.0,616.0
2021-02-15,De Kooy,235,6.3,194.0,2.8,1020.4,0.0,7.2,12.0,4.0,8.0,89.0,8.0,125.0
2021-02-16,De Kooy,235,7.1,201.0,6.2,1011.3,0.7,5.9,15.0,4.0,10.0,90.0,8.0,379.0
2021-02-17,De Kooy,235,8.6,211.0,7.7,1012.2,1.0,0.5,17.0,6.0,11.0,89.0,7.0,411.0
2021-02-18,De Kooy,235,7.1,183.0,7.6,1006.7,2.2,3.6,17.0,5.0,9.0,83.0,7.0,415.0
2021-02-19,De Kooy,235,7.0,194.0,7.2,1012.1,6.0,0.1,14.0,6.0,10.0,82.0,6.0,678.0
2021-02-20,De Kooy,235,6.6,166.0,11.3,1009.2,7.8,0.0,13.0,5.0,8.0,75.0,8.0,733.0
2021-02-21,De Kooy,235,4.1,167.0,10.4,1011.9,6.9,0.0,12.0,1.0,8.0,75.0,5.0,802.0
2021-02-22,De Kooy,235,5.2,201.0,9.9,1017.1,3.2,0.0,13.0,2.0,9.0,71.0,5.0,590.0
2021-02-23,De Kooy,235,6.7,208.0,11.0,1025.8,3.7,0.0,18.0,2.0,12.0,82.0,7.0,564.0
2021-02-24,De Kooy,235,8.7,204.0,13.1,1025.1,4.2,0.0,18.0,4.0,12.0,70.0,8.0,644.0
2021-02-25,De Kooy,235,5.3,237.0,9.0,1026.1,2.2,0.0,12.0,2.0,8.0,82.0,8.0,518.0
2021-02-26,De Kooy,235,3.5,302.0,5.6,1035.0,9.7,0.0,9.0,2.0,5.0,89.0,1.0,1082.0
2021-02-27,De Kooy,235,1.5,273.0,4.1,1040.5,8.8,0.0,5.0,1.0,4.0,92.0,6.0,1022.0
2021-02-28,De Kooy,235,2.2,55.0,2.3,1038.2,4.4,0.0,6.0,0.0,4.0,99.0,8.0,700.0
2021-03-01,De Kooy,235,5.4,77.0,4.2,1034.5,4.0,0.0,9.0,4.0,7.0,95.0,6.0,741.0
2021-03-02,De Kooy,235,4.0,71.0,4.2,1030.8,4.6,0.0,8.0,2.0,6.0,96.0,4.0,814.0
2021-03-03,De Kooy,235,2.7,294.0,3.0,1027.2,0.0,0.0,6.0,0.0,4.0,95.0,7.0,287.0
2021-03-04,De Kooy,235,4.0,13.0,4.1,1022.8,0.5,0.1,14.0,2.0,8.0,80.0,7.0,300.0
2021-03-05,De Kooy,235,3.5,29.0,3.4,1030.9,7.4,0.0,11.0,1.0,6.0,68.0,2.0,1038.0
2021-03-06,De Kooy,235,1.9,314.0,2.3,1033.4,2.0,0.0,6.0,1.0,4.0,80.0,6.0,632.0
2021-03-07,De Kooy,235,3.8,293.0,4.0,1025.6,2.4,0.0,8.0,1.0,6.0,68.0,8.0,562.0
2021-03-08,De Kooy,235,4.3,241.0,5.3,1021.4,0.7,7.9,9.0,2.0,6.0,85.0,8.0,454.0
2021-03-09,De Kooy,235,3.3,324.0,5.1,1017.3,0.1,1.1,9.0,1.0,6.0,86.0,8.0,450.0
2021-03-10,De Kooy,235,9.3,194.0,5.3,1009.5,0.0,6.4,24.0,2.0,17.0,85.0,8.0,277.0
2021-03-11,De Kooy,235,12.4,227.0,8.0,992.6,3.0,1.1,26.0,6.0,17.0,83.0,7.0,622.0
2021-03-12,De Kooy,235,8.8,231.0,6.4,999.4,2.8,2.1,18.0,4.0,12.0,82.0,7.0,629.0
2021-03-13,De Kooy,235,12.2,245.0,6.6,990.4,2.9,6.2,24.0,8.0,15.0,80.0,8.0,615.0
2021-03-14,De Kooy,235,6.5,280.0,6.5,1007.0,8.3,3.4,14.0,5.0,8.0,83.0,7.0,1254.0
2021-03-15,De Kooy,235,6.6,314.0,6.6,1014.8,2.8,0.0,15.0,5.0,9.0,83.0,7.0,858.0
2021-03-16,De Kooy,235,3.6,313.0,5.6,1023.6,0.4,4.0,10.0,1.0,6.0,87.0,8.0,563.0
2021-03-17,De Kooy,235,4.2,354.0,5.4,1027.5,2.1,0.2,11.0,2.0,5.0,83.0,8.0,737.0
2021-03-18,De Kooy,235,3.6,6.0,5.3,1024.2,2.3,0.4,11.0,1.0,8.0,85.0,7.0,651.0
2021-03-19,De Kooy,235,4.8,34.0,5.2,1027.5,11.3,0.0,9.0,3.0,6.0,76.0,1.0,1586.0
2021-03-20,De Kooy,235,3.9,273.0,4.6,1028.1,3.0,0.0,9.0,1.0,6.0,87.0,6.0,817.0
2021-03-21,De Kooy,235,5.4,340.0,6.5,1024.8,2.7,0.0,13.0,4.0,7.0,77.0,8.0,807.0
2021-03-22,De Kooy,235,3.0,293.0,5.4,1025.2,6.0,0.0,7.0,2.0,5.0,81.0,6.0,1159.0
2021-03-23,De Kooy,235,4.3,215.0,5.3,1023.7,7.2,0.0,12.0,1.0,8.0,91.0,6.0,1321.0
2021-03-24,De Kooy,235,5.1,221.0,6.9,1020.6,9.8,0.0,12.0,2.0,8.0,86.0,6.0,1483.0
2021-03-25,De Kooy,235,5.3,212.0,6.9,1018.3,5.2,0.2,12.0,2.0,8.0,86.0,5.0,1062.0
2021-03-26,De Kooy,235,8.9,209.0,9.6,1012.1,7.7,5.0,19.0,4.0,13.0,74.0,7.0,1492.0
2021-03-27,De Kooy,235,8.7,253.0,6.7,1017.9,8.1,0.2,17.0,4.0,11.0,74.0,6.0,1296.0
2021-03-28,De Kooy,235,10.3,218.0,8.2,1022.0,0.4,1.1,18.0,7.0,13.0,86.0,8.0,584.0
2021-03-29,De Kooy,235,8.9,223.0,9.3,1025.9,7.2,0.0,17.0,5.0,11.0,80.0,4.0,1337.0
2021-03-30,De Kooy,235,3.0,231.0,11.2,1028.5,11.4,0.0,7.0,1.0,5.0,66.0,3.0,1814.0
2021-03-31,De Kooy,235,1.8,250.0,12.5,1021.2,10.0,0.0,6.0,1.0,4.0,65.0,4.0,1597.0
2021-04-01,De Kooy,235,5.5,19.0,7.4,1024.6,11.3,0.0,12.0,2.0,7.0,79.0,3.0,1805.0
2021-04-02,De Kooy,235,5.4,353.0,6.3,1027.6,2.0,0.0,12.0,4.0,7.0,72.0,7.0,799.0
2021-04-03,De Kooy,235,5.0,360.0,6.6,1029.0,2.9,0.0,12.0,4.0,6.0,69.0,7.0,1075.0
2021-04-04,De Kooy,235,6.0,253.0,6.5,1021.3,2.7,0.0,15.0,2.0,10.0,76.0,8.0,942.0
2021-04-05,De Kooy,235,9.7,315.0,3.9,1010.0,7.3,1.1,24.0,8.0,12.0,73.0,6.0,1404.0
2021-04-06,De Kooy,235,8.0,316.0,3.2,1011.9,8.1,1.0,17.0,7.0,9.0,71.0,5.0,1452.0
2021-04-07,De Kooy,235,8.3,309.0,4.5,1016.2,7.3,4.8,21.0,6.0,12.0,74.0,6.0,1448.0
2021-04-08,De Kooy,235,8.2,235.0,6.3,1019.1,3.8,0.0,16.0,4.0,11.0,63.0,8.0,1314.0
2021-04-09,De Kooy,235,5.2,251.0,6.6,1012.4,1.5,1.9,14.0,1.0,9.0,83.0,8.0,602.0
2021-04-10,De Kooy,235,6.9,46.0,4.7,1014.1,0.1,2.6,14.0,3.0,10.0,75.0,8.0,819.0
2021-04-11,De Kooy,235,5.3,343.0,4.6,1015.7,8.3,0.1,12.0,2.0,7.0,73.0,5.0,1763.0
2021-04-12,De Kooy,235,5.3,286.0,4.4,1026.2,10.2,1.2,13.0,3.0,8.0,75.0,4.0,1866.0
2021-04-13,De Kooy,235,3.8,294.0,5.5,1031.9,12.7,0.0,10.0,1.0,6.0,72.0,3.0,2132.0
2021-04-14,De Kooy,235,3.1,2.0,4.7,1031.9,10.0,0.4,11.0,1.0,5.0,75.0,5.0,1899.0
2021-04-15,De Kooy,235,4.3,37.0,6.2,1031.7,12.4,0.1,9.0,2.0,6.0,70.0,6.0,2183.0
2021-04-16,De Kooy,235,4.5,22.0,7.0,1030.0,12.8,0.0,10.0,3.0,7.0,76.0,0.0,2247.0
2021-04-17,De Kooy,235,3.9,13.0,7.0,1027.1,12.8,0.0,9.0,2.0,6.0,77.0,2.0,2225.0
2021-04-18,De Kooy,235,2.8,23.0,8.7,1023.4,12.7,0.0,7.0,1.0,5.0,77.0,2.0,2201.0
2021-04-19,De Kooy,235,3.3,37.0,10.1,1020.7,11.4,0.0,7.0,2.0,5.0,83.0,1.0,2161.0
2021-04-20,De Kooy,235,2.4,33.0,10.6,1018.2,11.3,0.0,7.0,1.0,4.0,75.0,2.0,2031.0
2021-04-21,De Kooy,235,4.8,11.0,7.7,1021.0,9.5,0.0,12.0,1.0,7.0,71.0,6.0,1991.0
2021-04-22,De Kooy,235,3.8,339.0,6.8,1027.3,6.8,0.0,10.0,1.0,5.0,67.0,6.0,1755.0
2021-04-23,De Kooy,235,2.4,344.0,7.2,1029.9,10.1,0.0,7.0,1.0,3.0,75.0,6.0,2106.0
2021-04-24,De Kooy,235,4.3,27.0,7.9,1029.2,10.2,0.0,11.0,2.0,6.0,72.0,7.0,2097.0
2021-04-25,De Kooy,235,4.5,20.0,6.7,1028.2,2.1,0.0,10.0,2.0,6.0,63.0,7.0,1274.0
2021-04-26,De Kooy,235,4.7,44.0,7.0,1021.2,8.9,0.0,10.0,2.0,7.0,66.0,7.0,2049.0
2021-04-27,De Kooy,235,5.1,77.0,9.3,1011.5,9.4,0.0,12.0,3.0,9.0,62.0,6.0,2212.0
2021-04-28,De Kooy,235,7.0,43.0,9.8,1006.3,11.9,0.0,14.0,4.0,9.0,66.0,5.0,2313.0
2021-04-29,De Kooy,235,5.4,341.0,7.9,1006.1,0.0,3.1,13.0,2.0,9.0,82.0,8.0,267.0
2021-04-30,De Kooy,235,2.4,317.0,8.2,1013.0,1.0,0.7,6.0,1.0,3.0,83.0,8.0,1161.0
2021-05-01,De Kooy,235,3.5,313.0,7.5,1013.8,3.6,2.1,8.0,2.0,5.0,80.0,6.0,1249.0
2021-05-02,De Kooy,235,4.8,303.0,7.6,1018.5,12.7,0.0,11.0,3.0,7.0,70.0,4.0,2409.0
2021-05-03,De Kooy,235,6.8,219.0,9.3,1012.6,3.9,4.0,19.0,3.0,12.0,77.0,8.0,1589.0
2021-05-04,De Kooy,235,13.0,248.0,8.4,993.3,1.9,5.7,25.0,10.0,15.0,80.0,8.0,935.0
2021-05-05,De Kooy,235,9.0,284.0,7.5,1003.6,10.7,0.3,18.0,4.0,12.0,69.0,6.0,2222.0
2021-05-06,De Kooy,235,3.5,278.0,6.7,1005.9,10.7,0.9,11.0,1.0,5.0,73.0,6.0,2232.0
2021-05-07,De Kooy,235,4.3,271.0,7.1,1014.0,13.4,0.0,12.0,1.0,7.0,71.0,3.0,2613.0
2021-05-08,De Kooy,235,6.6,178.0,9.7,1009.3,1.3,14.6,16.0,3.0,11.0,81.0,7.0,640.0
2021-05-09,De Kooy,235,4.3,188.0,15.8,1000.4,7.9,5.4,12.0,1.0,8.0,79.0,7.0,1682.0
2021-05-10,De Kooy,235,6.0,212.0,13.3,1003.3,8.5,3.5,19.0,1.0,10.0,80.0,6.0,2074.0
2021-05-11,De Kooy,235,2.8,31.0,12.3,1009.0,2.8,7.0,9.0,1.0,5.0,88.0,8.0,1183.0
2021-05-12,De Kooy,235,4.3,242.0,11.2,1010.7,13.5,0.0,12.0,1.0,8.0,82.0,4.0,2736.0
2021-05-13,De Kooy,235,4.7,47.0,11.6,1008.5,13.0,0.0,12.0,2.0,7.0,80.0,5.0,2707.0
2021-05-14,De Kooy,235,2.6,333.0,9.3,1008.2,2.2,0.0,6.0,1.0,3.0,80.0,8.0,1199.0
2021-05-15,De Kooy,235,2.0,65.0,9.7,1002.7,1.6,4.8,5.0,0.0,4.0,87.0,8.0,1101.0
2021-05-16,De Kooy,235,3.8,232.0,10.7,999.3,8.5,1.4,9.0,1.0,6.0,88.0,7.0,2080.0
2021-05-17,De Kooy,235,3.3,291.0,10.5,1003.5,5.8,3.1,10.0,1.0,6.0,86.0,6.0,1765.0
2021-05-18,De Kooy,235,3.5,259.0,10.4,1012.3,10.6,0.0,10.0,1.0,6.0,84.0,5.0,2441.0
2021-05-19,De Kooy,235,2.8,276.0,10.9,1016.2,8.3,0.0,7.0,1.0,4.0,84.0,5.0,2179.0
2021-05-20,De Kooy,235,5.0,212.0,11.7,1014.7,6.2,2.0,16.0,2.0,8.0,77.0,7.0,1896.0
2021-05-21,De Kooy,235,13.1,216.0,11.4,997.8,0.0,2.3,25.0,9.0,15.0,78.0,8.0,917.0
2021-05-22,De Kooy,235,9.3,253.0,10.1,1000.3,1.5,4.3,21.0,4.0,13.0,83.0,7.0,1131.0
2021-05-23,De Kooy,235,5.3,213.0,11.0,1010.1,6.2,0.2,14.0,2.0,10.0,76.0,8.0,1959.0
2021-05-24,De Kooy,235,4.6,199.0,10.9,1006.0,3.1,10.6,12.0,1.0,8.0,86.0,8.0,1100.0
2021-05-25,De Kooy,235,5.1,265.0,10.4,1009.9,5.3,13.9,12.0,1.0,9.0,85.0,8.0,1878.0
2021-05-26,De Kooy,235,6.5,276.0,10.5,1010.2,4.1,5.1,15.0,4.0,10.0,85.0,7.0,1415.0
2021-05-27,De Kooy,235,5.4,319.0,10.6,1018.3,5.8,4.3,12.0,2.0,7.0,86.0,8.0,1452.0
2021-05-28,De Kooy,235,2.4,16.0,11.5,1024.9,13.7,0.0,7.0,1.0,4.0,83.0,3.0,2884.0
2021-05-29,De Kooy,235,3.2,25.0,11.1,1028.0,6.5,0.0,8.0,1.0,5.0,82.0,4.0,1931.0
2021-05-30,De Kooy,235,4.7,50.0,12.0,1028.3,10.8,0.0,9.0,3.0,6.0,81.0,3.0,2726.0
2021-05-31,De Kooy,235,4.4,56.0,13.5,1023.3,12.9,0.0,8.0,3.0,6.0,86.0,2.0,2772.0
2021-06-01,De Kooy,235,5.3,68.0,18.0,1017.9,15.2,0.0,11.0,4.0,8.0,68.0,0.0,3026.0
2021-06-02,De Kooy,235,4.8,50.0,17.5,1015.6,14.5,0.0,10.0,3.0,6.0,77.0,4.0,2921.0
2021-06-03,De Kooy,235,4.3,227.0,16.8,1018.0,11.2,0.0,10.0,1.0,7.0,82.0,5.0,2619.0
2021-06-04,De Kooy,235,3.3,3.0,16.3,1020.9,13.1,0.0,7.0,2.0,5.0,84.0,7.0,2647.0
2021-06-05,De Kooy,235,4.1,326.0,13.5,1021.5,0.0,6.0,10.0,2.0,6.0,93.0,8.0,710.0
2021-06-06,De Kooy,235,3.3,350.0,15.0,1024.6,15.3,0.0,8.0,1.0,5.0,70.0,1.0,3012.0
2021-06-07,De Kooy,235,2.8,9.0,15.9,1024.7,15.1,0.0,7.0,1.0,4.0,69.0,0.0,2945.0
2021-06-08,De Kooy,235,2.7,70.0,18.0,1023.5,15.1,0.0,5.0,2.0,4.0,73.0,3.0,2904.0
2021-06-09,De Kooy,235,2.5,245.0,16.7,1021.7,15.3,0.0,7.0,0.0,5.0,78.0,2.0,3030.0
2021-06-10,De Kooy,235,3.4,238.0,16.3,1020.3,15.4,0.0,9.0,2.0,5.0,84.0,3.0,2919.0
2021-06-11,De Kooy,235,5.2,227.0,15.0,1018.8,2.0,0.0,10.0,3.0,7.0,95.0,8.0,1433.0
2021-06-12,De Kooy,235,4.6,303.0,14.7,1021.9,9.7,0.0,12.0,2.0,7.0,78.0,5.0,2486.0
2021-06-13,De Kooy,235,2.5,261.0,15.3,1026.9,15.5,0.0,7.0,1.0,4.0,70.0,0.0,3013.0
2021-06-14,De Kooy,235,4.3,255.0,17.5,1020.8,12.9,0.0,11.0,1.0,8.0,73.0,4.0,2828.0
2021-06-15,De Kooy,235,3.2,49.0,16.4,1021.3,13.4,0.0,6.0,2.0,4.0,67.0,5.0,2779.0
2021-06-16,De Kooy,235,3.9,91.0,21.4,1013.8,14.8,0.0,9.0,2.0,6.0,68.0,1.0,2855.0
2021-06-17,De Kooy,235,4.0,231.0,21.3,1010.9,10.1,0.4,14.0,2.0,8.0,78.0,6.0,2215.0
2021-06-18,De Kooy,235,5.1,73.0,19.3,1012.4,2.7,45.4,14.0,3.0,10.0,91.0,7.0,1321.0
2021-06-19,De Kooy,235,5.8,246.0,15.9,1012.9,0.2,3.5,13.0,3.0,9.0,89.0,8.0,885.0
2021-06-20,De Kooy,235,4.4,10.0,15.3,1008.6,5.3,36.2,12.0,2.0,6.0,85.0,8.0,1599.0
2021-06-21,De Kooy,235,5.9,23.0,13.7,1012.2,0.0,2.9,13.0,3.0,8.0,80.0,8.0,605.0
2021-06-22,De Kooy,235,4.4,13.0,14.1,1018.9,7.6,0.0,10.0,3.0,6.0,65.0,7.0,2053.0
2021-06-23,De Kooy,235,3.1,9.0,13.4,1022.6,2.4,0.0,6.0,2.0,4.0,68.0,8.0,1080.0
2021-06-24,De Kooy,235,2.4,4.0,13.9,1020.9,11.2,0.0,6.0,1.0,3.0,73.0,5.0,2937.0
2021-06-25,De Kooy,235,4.3,205.0,15.4,1016.9,1.5,0.1,11.0,2.0,7.0,86.0,8.0,1156.0
2021-06-26,De Kooy,235,3.5,44.0,17.6,1019.2,6.1,0.0,9.0,0.0,7.0,87.0,5.0,1978.0
2021-06-27,De Kooy,235,6.8,48.0,18.3,1017.1,12.1,1.9,13.0,4.0,8.0,84.0,5.0,2746.0
2021-06-28,De Kooy,235,4.9,45.0,18.0,1014.2,4.7,0.2,10.0,3.0,7.0,87.0,8.0,1625.0
2021-06-29,De Kooy,235,4.2,11.0,15.2,1012.3,0.1,24.2,10.0,3.0,5.0,90.0,8.0,398.0
2021-06-30,De Kooy,235,3.5,334.0,14.0,1012.6,0.3,5.2,8.0,3.0,4.0,87.0,8.0,519.0
2021-07-01,De Kooy,235,4.7,276.0,15.7,1014.6,3.2,0.0,9.0,2.0,7.0,86.0,8.0,1764.0
2021-07-02,De Kooy,235,2.5,267.0,15.7,1016.7,12.8,0.0,7.0,1.0,4.0,86.0,3.0,2758.0
2021-07-03,De Kooy,235,3.1,119.0,18.0,1014.2,3.2,0.9,8.0,1.0,5.0,84.0,8.0,1476.0
2021-07-04,De Kooy,235,2.8,236.0,17.3,1009.3,7.3,1.1,8.0,1.0,5.0,86.0,7.0,2298.0
2021-07-05,De Kooy,235,4.9,216.0,17.0,1006.6,6.9,0.2,11.0,3.0,7.0,81.0,7.0,2003.0
2021-07-06,De Kooy,235,9.5,205.0,17.7,1003.1,7.7,0.9,23.0,4.0,16.0,76.0,6.0,2037.0
2021-07-07,De Kooy,235,6.3,214.0,16.8,1013.9,13.6,0.0,13.0,3.0,9.0,75.0,3.0,2732.0
2021-07-08,De Kooy,235,3.6,231.0,16.3,1020.5,15.1,0.0,9.0,1.0,6.0,82.0,3.0,2969.0
2021-07-09,De Kooy,235,2.5,263.0,15.7,1021.1,7.8,0.0,7.0,1.0,4.0,87.0,5.0,1780.0
2021-07-10,De Kooy,235,2.2,56.0,17.4,1016.7,4.7,0.0,8.0,1.0,6.0,77.0,7.0,1752.0
2021-07-11,De Kooy,235,3.2,67.0,18.3,1015.9,5.8,0.0,10.0,0.0,6.0,82.0,6.0,1700.0
2021-07-12,De Kooy,235,3.3,38.0,18.8,1011.5,3.9,0.0,9.0,1.0,6.0,84.0,8.0,1800.0
2021-07-13,De Kooy,235,4.1,353.0,17.8,1011.6,0.0,0.0,9.0,3.0,5.0,91.0,8.0,714.0
2021-07-14,De Kooy,235,5.2,341.0,18.0,1012.2,1.7,0.0,13.0,3.0,7.0,91.0,8.0,1248.0
2021-07-15,De Kooy,235,6.3,360.0,17.7,1017.7,2.3,0.0,14.0,4.0,7.0,82.0,8.0,1495.0
2021-07-16,De Kooy,235,4.5,356.0,17.3,1023.7,9.1,0.0,10.0,3.0,5.0,78.0,5.0,2268.0
2021-07-17,De Kooy,235,3.5,339.0,18.9,1026.6,15.1,0.0,9.0,1.0,5.0,80.0,0.0,2858.0
2021-07-18,De Kooy,235,3.3,330.0,18.7,1024.0,14.4,0.0,10.0,1.0,6.0,81.0,1.0,2750.0
2021-07-19,De Kooy,235,3.0,31.0,17.3,1022.7,10.6,0.0,8.0,1.0,5.0,74.0,4.0,2453.0
2021-07-20,De Kooy,235,2.6,39.0,17.9,1022.0,13.5,0.0,6.0,1.0,4.0,70.0,0.0,2759.0
2021-07-21,De Kooy,235,2.4,320.0,18.7,1023.5,9.5,0.0,6.0,1.0,4.0,73.0,3.0,2294.0
2021-07-22,De Kooy,235,3.3,14.0,17.6,1023.0,11.7,0.0,7.0,2.0,4.0,69.0,4.0,2655.0
2021-07-23,De Kooy,235,3.0,31.0,17.7,1018.1,1.5,0.0,8.0,1.0,5.0,72.0,6.0,879.0
2021-07-24,De Kooy,235,4.5,67.0,19.8,1010.0,6.2,0.0,12.0,2.0,8.0,80.0,7.0,1693.0
2021-07-25,De Kooy,235,3.1,265.0,19.6,1007.7,6.9,0.6,8.0,1.0,5.0,85.0,7.0,1916.0
2021-07-26,De Kooy,235,2.5,281.0,18.7,1008.9,4.3,3.3,9.0,0.0,5.0,90.0,7.0,1043.0
2021-07-27,De Kooy,235,4.5,213.0,18.0,1009.2,5.1,7.7,11.0,2.0,7.0,86.0,7.0,1428.0
2021-07-28,De Kooy,235,8.2,218.0,17.4,1006.3,3.5,7.4,18.0,4.0,12.0,84.0,7.0,1199.0
2021-07-29,De Kooy,235,9.6,238.0,17.3,1007.7,14.1,0.0,17.0,7.0,11.0,71.0,4.0,2556.0
2021-07-30,De Kooy,235,6.0,204.0,17.4,1004.8,3.2,7.6,18.0,3.0,12.0,80.0,7.0,1159.0
2021-07-31,De Kooy,235,7.7,264.0,17.1,1005.2,5.7,7.6,18.0,2.0,11.0,85.0,8.0,1744.0
2021-08-01,De Kooy,235,3.5,307.0,16.4,1009.5,6.3,0.0,10.0,1.0,5.0,78.0,7.0,1567.0
2021-08-02,De Kooy,235,3.4,311.0,15.5,1014.0,8.7,0.4,8.0,0.0,5.0,73.0,6.0,1862.0
2021-08-03,De Kooy,235,2.8,49.0,15.5,1014.2,11.1,0.0,7.0,0.0,4.0,75.0,5.0,2218.0
2021-08-04,De Kooy,235,3.9,74.0,17.8,1013.7,8.6,0.0,9.0,3.0,6.0,72.0,5.0,1918.0
2021-08-05,De Kooy,235,2.7,104.0,18.6,1007.2,8.9,0.4,7.0,1.0,5.0,78.0,3.0,1765.0
2021-08-06,De Kooy,235,7.4,206.0,17.9,1000.3,4.5,8.2,16.0,4.0,11.0,84.0,7.0,1347.0
2021-08-07,De Kooy,235,5.1,202.0,16.9,1000.1,4.3,10.7,13.0,3.0,8.0,81.0,7.0,1367.0
2021-08-08,De Kooy,235,9.3,228.0,17.2,1004.9,7.9,9.3,19.0,4.0,12.0,80.0,7.0,2001.0
2021-08-09,De Kooy,235,6.9,222.0,16.8,1012.2,3.4,16.2,15.0,5.0,9.0,83.0,8.0,978.0
2021-08-10,De Kooy,235,4.7,247.0,16.9,1014.9,9.3,1.0,10.0,2.0,6.0,82.0,4.0,1985.0
2021-08-11,De Kooy,235,3.8,217.0,17.4,1018.3,11.4,0.0,10.0,2.0,7.0,88.0,5.0,2217.0
2021-08-12,De Kooy,235,4.0,218.0,17.3,1018.7,7.6,0.0,9.0,2.0,7.0,85.0,6.0,1951.0
2021-08-13,De Kooy,235,6.1,234.0,17.7,1019.8,5.7,0.0,13.0,2.0,9.0,84.0,7.0,1633.0
2021-08-14,De Kooy,235,6.0,243.0,18.7,1018.6,6.8,0.0,11.0,4.0,8.0,80.0,7.0,1919.0
2021-08-15,De Kooy,235,5.0,230.0,18.6,1011.5,10.0,0.2,13.0,1.0,9.0,85.0,6.0,2099.0
2021-08-16,De Kooy,235,8.0,291.0,16.1,1011.1,4.4,0.7,17.0,4.0,11.0,71.0,7.0,1397.0
2021-08-17,De Kooy,235,5.3,278.0,15.8,1015.0,1.0,2.0,14.0,3.0,8.0,82.0,8.0,622.0
2021-08-18,De Kooy,235,5.9,267.0,17.2,1013.4,1.5,0.0,11.0,3.0,7.0,81.0,8.0,1065.0
2021-08-19,De Kooy,235,4.5,263.0,16.8,1012.4,0.0,2.0,10.0,3.0,6.0,88.0,8.0,415.0
2021-08-20,De Kooy,235,2.4,253.0,17.6,1015.7,2.4,0.0,8.0,0.0,5.0,88.0,7.0,1167.0
2021-08-21,De Kooy,235,2.4,128.0,19.1,1016.7,2.8,0.0,6.0,1.0,4.0,84.0,8.0,1261.0
2021-08-22,De Kooy,235,4.4,360.0,17.6,1015.7,0.0,23.6,13.0,2.0,8.0,91.0,8.0,442.0
2021-08-23,De Kooy,235,5.8,29.0,18.3,1025.8,12.7,0.0,12.0,4.0,7.0,76.0,1.0,2170.0
2021-08-24,De Kooy,235,4.4,32.0,17.3,1029.3,12.3,0.0,9.0,3.0,5.0,77.0,6.0,2184.0
2021-08-25,De Kooy,235,4.0,332.0,16.4,1022.7,3.5,0.5,11.0,2.0,6.0,82.0,7.0,1202.0
2021-08-26,De Kooy,235,4.5,356.0,16.4,1016.8,3.6,0.1,11.0,3.0,6.0,74.0,6.0,1146.0
2021-08-27,De Kooy,235,4.6,356.0,16.6,1019.6,7.7,2.3,14.0,2.0,7.0,77.0,6.0,1465.0
2021-08-28,De Kooy,235,5.6,15.0,17.1,1022.2,5.6,0.0,13.0,4.0,8.0,79.0,6.0,1546.0
2021-08-29,De Kooy,235,4.8,360.0,16.7,1021.4,0.1,0.3,11.0,3.0,6.0,84.0,8.0,458.0
2021-08-30,De Kooy,235,4.3,9.0,17.3,1022.8,5.9,0.0,10.0,2.0,6.0,83.0,7.0,1291.0
2021-08-31,De Kooy,235,3.5,360.0,16.3,1026.9,1.0,0.0,9.0,2.0,5.0,78.0,6.0,726.0
2021-09-01,De Kooy,235,2.4,357.0,16.4,1028.8,0.0,0.0,7.0,1.0,3.0,78.0,8.0,613.0
2021-09-02,De Kooy,235,1.9,29.0,15.7,1027.3,0.4,0.0,7.0,1.0,3.0,78.0,6.0,743.0
2021-09-03,De Kooy,235,4.3,49.0,15.7,1022.5,4.9,0.0,9.0,3.0,6.0,81.0,5.0,1146.0
2021-09-04,De Kooy,235,5.7,67.0,16.1,1020.2,6.8,0.0,11.0,5.0,8.0,76.0,6.0,1523.0
2021-09-05,De Kooy,235,3.5,70.0,17.0,1022.4,12.3,0.0,7.0,2.0,5.0,82.0,5.0,1912.0
2021-09-06,De Kooy,235,1.6,79.0,17.5,1024.3,6.5,0.0,4.0,0.0,3.0,80.0,7.0,1255.0
2021-09-07,De Kooy,235,2.0,133.0,19.8,1022.8,8.8,0.0,5.0,1.0,4.0,73.0,7.0,1633.0
2021-09-08,De Kooy,235,3.1,94.0,20.7,1016.0,12.2,0.0,9.0,2.0,5.0,73.0,3.0,1844.0
2021-09-09,De Kooy,235,3.4,178.0,19.1,1009.8,11.3,0.0,11.0,2.0,7.0,82.0,4.0,1676.0
2021-09-10,De Kooy,235,3.6,210.0,18.5,1011.6,2.3,0.0,9.0,2.0,6.0,89.0,8.0,824.0
2021-09-11,De Kooy,235,5.0,237.0,18.3,1014.6,0.9,0.4,10.0,4.0,6.0,90.0,8.0,574.0
2021-09-12,De Kooy,235,3.5,293.0,17.0,1017.4,5.3,0.0,8.0,1.0,5.0,82.0,8.0,1316.0
2021-09-13,De Kooy,235,3.0,61.0,16.1,1018.9,2.8,0.1,8.0,1.0,5.0,78.0,7.0,1002.0
2021-09-14,De Kooy,235,3.9,86.0,17.7,1013.9,6.0,1.6,8.0,2.0,5.0,82.0,7.0,1300.0
2021-09-15,De Kooy,235,4.7,275.0,17.2,1010.9,1.0,0.0,11.0,2.0,7.0,85.0,8.0,652.0
2021-09-16,De Kooy,235,4.2,286.0,16.3,1016.0,7.8,1.9,11.0,1.0,6.0,83.0,5.0,1332.0
2021-09-17,De Kooy,235,2.0,236.0,15.8,1015.6,5.0,0.0,7.0,0.0,5.0,90.0,8.0,1045.0
2021-09-18,De Kooy,235,2.5,104.0,16.5,1016.8,6.8,0.0,6.0,1.0,4.0,83.0,7.0,1152.0
2021-09-19,De Kooy,235,4.5,104.0,16.1,1016.3,4.6,0.0,9.0,3.0,6.0,80.0,7.0,1169.0
2021-09-20,De Kooy,235,3.5,81.0,14.5,1023.3,10.1,0.0,8.0,0.0,5.0,68.0,7.0,1520.0
2021-09-21,De Kooy,235,3.4,242.0,14.4,1029.2,7.2,0.0,10.0,1.0,6.0,80.0,7.0,1239.0
2021-09-22,De Kooy,235,5.5,238.0,17.2,1025.8,10.0,0.0,11.0,2.0,7.0,80.0,4.0,1423.0
2021-09-23,De Kooy,235,7.4,267.0,16.8,1016.5,3.0,0.0,16.0,2.0,11.0,78.0,8.0,813.0
2021-09-24,De Kooy,235,6.5,238.0,17.9,1013.8,4.6,0.0,15.0,2.0,10.0,81.0,7.0,1081.0
2021-09-25,De Kooy,235,2.3,225.0,18.4,1014.5,2.1,0.0,7.0,1.0,5.0,88.0,7.0,671.0
2021-09-26,De Kooy,235,3.2,185.0,17.4,1013.4,6.2,0.0,8.0,2.0,5.0,84.0,6.0,1019.0
2021-09-27,De Kooy,235,6.2,213.0,16.1,1012.8,2.8,2.2,19.0,3.0,11.0,79.0,5.0,649.0
2021-09-28,De Kooy,235,4.7,189.0,14.9,1018.8,7.3,3.4,12.0,1.0,7.0,75.0,7.0,1135.0
2021-09-29,De Kooy,235,6.8,269.0,12.8,1014.4,0.3,17.6,18.0,2.0,10.0,76.0,7.0,261.0
2021-09-30,De Kooy,235,9.2,228.0,13.8,1019.5,3.0,1.5,19.0,7.0,12.0,70.0,7.0,661.0
2021-10-01,De Kooy,235,7.3,194.0,13.6,1010.9,0.2,8.0,18.0,1.0,12.0,86.0,8.0,300.0
2021-10-02,De Kooy,235,6.1,169.0,13.2,1002.4,2.8,12.1,19.0,2.0,12.0,85.0,8.0,604.0
2021-10-03,De Kooy,235,6.6,214.0,13.9,998.7,0.9,17.8,20.0,2.0,12.0,83.0,8.0,325.0
2021-10-04,De Kooy,235,7.8,197.0,14.1,1010.9,9.5,0.8,17.0,5.0,11.0,79.0,5.0,1187.0
2021-10-05,De Kooy,235,7.0,187.0,13.3,1002.8,5.1,5.7,15.0,5.0,10.0,79.0,5.0,661.0
2021-10-06,De Kooy,235,4.1,288.0,13.5,1011.7,7.7,1.3,14.0,1.0,9.0,80.0,5.0,1041.0
2021-10-07,De Kooy,235,1.8,167.0,13.0,1027.3,6.7,0.0,6.0,0.0,4.0,88.0,7.0,883.0
2021-10-08,De Kooy,235,2.6,89.0,11.4,1031.3,6.1,0.0,6.0,1.0,4.0,93.0,4.0,960.0
2021-10-09,De Kooy,235,2.9,98.0,10.8,1029.6,6.4,0.0,8.0,0.0,5.0,90.0,5.0,955.0
2021-10-10,De Kooy,235,2.2,313.0,11.8,1026.7,3.9,0.2,10.0,0.0,5.0,85.0,7.0,705.0
2021-10-11,De Kooy,235,4.7,312.0,13.4,1025.7,6.0,0.7,11.0,3.0,6.0,72.0,7.0,830.0
2021-10-12,De Kooy,235,4.4,336.0,12.4,1020.9,6.1,9.1,12.0,2.0,6.0,74.0,6.0,857.0
2021-10-13,De Kooy,235,3.8,286.0,12.7,1024.4,1.7,0.8,10.0,2.0,6.0,78.0,8.0,585.0
2021-10-14,De Kooy,235,7.3,262.0,14.3,1020.0,0.1,0.5,15.0,2.0,9.0,76.0,8.0,393.0
2021-10-15,De Kooy,235,4.7,308.0,12.0,1017.8,7.1,3.6,15.0,1.0,10.0,69.0,5.0,954.0
2021-10-16,De Kooy,235,3.9,248.0,12.4,1020.2,2.1,0.9,12.0,1.0,7.0,66.0,7.0,516.0
2021-10-17,De Kooy,235,6.1,212.0,13.3,1018.5,0.8,0.0,12.0,5.0,8.0,76.0,8.0,402.0
2021-10-18,De Kooy,235,4.7,181.0,12.2,1018.8,1.6,0.3,8.0,4.0,5.0,81.0,8.0,527.0
2021-10-19,De Kooy,235,8.6,210.0,16.1,1011.9,3.4,0.4,19.0,6.0,11.0,92.0,7.0,441.0
2021-10-20,De Kooy,235,9.3,218.0,15.6,998.0,1.9,10.2,19.0,2.0,12.0,86.0,7.0,374.0
2021-10-21,De Kooy,235,7.8,303.0,10.7,1000.3,2.5,37.4,19.0,2.0,11.0,70.0,7.0,434.0
2021-10-22,De Kooy,235,9.0,288.0,10.6,1014.8,2.8,3.3,21.0,4.0,14.0,68.0,6.0,445.0
2021-10-23,De Kooy,235,3.7,187.0,10.3,1025.3,3.0,0.1,8.0,1.0,6.0,80.0,7.0,397.0
2021-10-24,De Kooy,235,4.5,170.0,9.2,1020.8,9.0,0.0,9.0,3.0,6.0,81.0,5.0,903.0
2021-10-25,De Kooy,235,5.8,201.0,11.8,1015.1,2.6,10.1,13.0,4.0,8.0,91.0,8.0,391.0
2021-10-26,De Kooy,235,6.2,227.0,13.5,1016.9,3.4,0.6,14.0,2.0,9.0,84.0,7.0,518.0
2021-10-27,De Kooy,235,8.3,217.0,14.4,1018.5,0.7,0.0,15.0,7.0,10.0,86.0,8.0,343.0
2021-10-28,De Kooy,235,5.8,176.0,12.2,1012.3,8.7,0.0,11.0,4.0,7.0,82.0,1.0,813.0
2021-10-29,De Kooy,235,7.5,176.0,12.5,1003.5,6.6,0.2,15.0,5.0,10.0,80.0,3.0,681.0
2021-10-30,De Kooy,235,5.5,180.0,12.1,1000.0,0.2,5.5,13.0,4.0,8.0,90.0,8.0,146.0
2021-10-31,De Kooy,235,6.3,179.0,11.4,997.7,0.3,6.4,16.0,3.0,9.0,87.0,7.0,219.0
2021-11-01,De Kooy,235,9.3,196.0,10.4,994.8,5.8,4.3,20.0,4.0,14.0,82.0,7.0,581.0
2021-11-02,De Kooy,235,3.5,190.0,7.8,998.1,1.0,13.4,8.0,2.0,5.0,91.0,8.0,315.0
2021-11-03,De Kooy,235,1.5,166.0,6.8,1001.5,6.3,2.0,8.0,1.0,3.0,88.0,6.0,545.0
2021-11-04,De Kooy,235,2.8,358.0,8.9,1007.7,4.7,12.9,12.0,1.0,4.0,86.0,7.0,498.0
2021-11-05,De Kooy,235,4.5,288.0,10.8,1021.7,4.2,0.1,10.0,2.0,7.0,77.0,6.0,496.0
2021-11-06,De Kooy,235,9.1,245.0,12.3,1020.4,0.0,1.6,19.0,6.0,13.0,80.0,8.0,225.0
2021-11-07,De Kooy,235,7.9,290.0,10.8,1014.5,3.0,2.8,17.0,4.0,12.0,69.0,6.0,368.0
2021-11-08,De Kooy,235,3.4,283.0,9.5,1021.4,0.9,0.8,10.0,1.0,5.0,81.0,7.0,288.0
2021-11-09,De Kooy,235,6.3,194.0,9.6,1023.5,0.0,0.0,12.0,4.0,8.0,94.0,8.0,142.0
2021-11-10,De Kooy,235,5.0,209.0,11.2,1022.8,0.4,0.5,10.0,3.0,6.0,96.0,8.0,148.0
2021-11-11,De Kooy,235,3.8,214.0,11.9,1022.5,0.5,2.9,8.0,2.0,5.0,94.0,8.0,241.0
2021-11-12,De Kooy,235,5.9,178.0,9.3,1012.7,3.2,3.7,15.0,3.0,10.0,88.0,8.0,323.0
2021-11-13,De Kooy,235,2.0,312.0,11.4,1011.4,2.5,3.7,9.0,1.0,5.0,92.0,8.0,345.0
2021-11-14,De Kooy,235,4.1,73.0,9.8,1024.4,0.0,0.0,10.0,2.0,6.0,91.0,8.0,141.0
2021-11-15,De Kooy,235,3.2,76.0,6.9,1027.2,0.0,0.0,7.0,2.0,4.0,88.0,,63.0
2021-11-16,De Kooy,235,2.8,174.0,5.5,1022.2,0.0,0.0,8.0,1.0,5.0,88.0,8.0,58.0
2021-11-17,De Kooy,235,5.9,275.0,10.8,1019.9,3.4,1.5,12.0,5.0,7.0,76.0,7.0,355.0
2021-11-18,De Kooy,235,7.0,252.0,11.9,1024.9,2.2,0.0,14.0,6.0,9.0,83.0,8.0,244.0
2021-11-19,De Kooy,235,6.0,269.0,12.2,1027.1,6.6,0.0,11.0,4.0,8.0,88.0,4.0,524.0
2021-11-20,De Kooy,235,6.6,258.0,11.0,1020.6,0.0,0.3,13.0,5.0,8.0,85.0,8.0,46.0
2021-11-21,De Kooy,235,4.6,355.0,8.9,1014.7,3.5,2.2,12.0,3.0,6.0,74.0,5.0,326.0
2021-11-22,De Kooy,235,2.6,14.0,7.9,1027.8,6.0,0.4,12.0,1.0,5.0,78.0,4.0,429.0
2021-11-23,De Kooy,235,2.4,329.0,9.3,1029.6,4.1,0.7,9.0,1.0,4.0,84.0,7.0,362.0
2021-11-24,De Kooy,235,3.5,189.0,7.6,1020.1,0.0,2.8,9.0,2.0,6.0,87.0,8.0,54.0
2021-11-25,De Kooy,235,3.9,311.0,7.8,1009.9,2.6,1.8,11.0,2.0,6.0,76.0,7.0,291.0
2021-11-26,De Kooy,235,5.7,233.0,5.8,989.8,0.0,27.0,18.0,1.0,11.0,83.0,8.0,67.0
2021-11-27,De Kooy,235,3.2,25.0,5.4,988.1,0.4,2.7,9.0,1.0,5.0,84.0,8.0,135.0
2021-11-28,De Kooy,235,3.3,357.0,4.9,999.0,1.4,7.6,12.0,1.0,5.0,73.0,6.0,184.0
2021-11-29,De Kooy,235,4.9,306.0,5.7,1007.2,3.3,9.1,17.0,2.0,11.0,78.0,7.0,275.0
2021-11-30,De Kooy,235,6.7,274.0,9.2,1003.4,0.2,6.6,17.0,2.0,12.0,91.0,8.0,114.0
2021-12-01,De Kooy,235,10.6,275.0,8.4,990.5,0.3,2.3,24.0,5.0,15.0,78.0,6.0,154.0
2021-12-02,De Kooy,235,4.0,330.0,3.6,1003.4,1.8,8.8,17.0,2.0,9.0,79.0,7.0,188.0
2021-12-03,De Kooy,235,7.6,233.0,6.5,1002.4,0.0,4.2,20.0,3.0,13.0,84.0,8.0,81.0
2021-12-04,De Kooy,235,4.5,208.0,5.8,994.7,0.0,3.3,12.0,2.0,6.0,92.0,8.0,58.0
2021-12-05,De Kooy,235,3.8,94.0,4.3,1002.9,0.5,0.7,9.0,2.0,7.0,91.0,7.0,100.0
2021-12-06,De Kooy,235,5.8,156.0,3.0,1008.7,0.6,7.3,13.0,2.0,9.0,89.0,8.0,144.0
2021-12-07,De Kooy,235,6.7,184.0,5.5,1001.0,4.7,7.4,17.0,4.0,9.0,79.0,7.0,278.0
2021-12-08,De Kooy,235,7.6,178.0,5.1,993.4,3.2,1.0,15.0,6.0,9.0,86.0,7.0,252.0
2021-12-09,De Kooy,235,5.6,176.0,4.4,999.2,0.5,4.8,10.0,4.0,7.0,92.0,8.0,154.0
2021-12-10,De Kooy,235,3.5,130.0,3.2,995.8,0.0,0.0,10.0,0.0,7.0,87.0,8.0,87.0
2021-12-11,De Kooy,235,3.4,215.0,5.4,1013.6,4.5,0.3,10.0,0.0,6.0,86.0,7.0,298.0
2021-12-12,De Kooy,235,6.5,220.0,9.7,1018.7,0.7,5.6,15.0,4.0,10.0,96.0,8.0,116.0
2021-12-13,De Kooy,235,6.9,214.0,9.7,1023.9,2.4,0.0,11.0,6.0,7.0,88.0,8.0,197.0
2021-12-14,De Kooy,235,5.4,230.0,9.8,1025.1,0.0,1.4,10.0,4.0,7.0,94.0,8.0,81.0
2021-12-15,De Kooy,235,5.2,245.0,9.7,1029.0,0.3,0.0,10.0,3.0,7.0,88.0,5.0,144.0
2021-12-16,De Kooy,235,2.0,267.0,8.4,1036.9,6.2,0.0,5.0,1.0,4.0,95.0,5.0,321.0
2021-12-17,De Kooy,235,1.4,22.0,8.3,1040.8,0.0,0.0,5.0,1.0,2.0,95.0,8.0,53.0
2021-12-18,De Kooy,235,2.3,329.0,6.8,1039.3,0.2,0.0,7.0,1.0,4.0,98.0,8.0,117.0
2021-12-19,De Kooy,235,3.8,339.0,7.4,1031.5,0.0,0.1,9.0,3.0,5.0,87.0,8.0,60.0
2021-12-20,De Kooy,235,1.8,65.0,4.2,1028.5,1.5,0.0,7.0,0.0,4.0,78.0,6.0,153.0
2021-12-21,De Kooy,235,2.0,175.0,-0.3,1026.6,6.2,0.0,4.0,1.0,3.0,88.0,1.0,385.0
2021-12-22,De Kooy,235,3.1,161.0,-0.9,1022.0,5.7,0.0,7.0,2.0,5.0,88.0,8.0,318.0
2021-12-23,De Kooy,235,6.1,218.0,4.5,1006.9,0.0,7.4,12.0,3.0,8.0,93.0,8.0,53.0
2021-12-24,De Kooy,235,5.6,306.0,6.9,1003.5,0.0,1.1,13.0,1.0,9.0,91.0,8.0,86.0
2021-12-25,De Kooy,235,8.3,88.0,-1.6,1010.5,5.7,0.0,14.0,7.0,9.0,67.0,2.0,347.0
2021-12-26,De Kooy,235,5.8,106.0,-1.4,1006.1,5.9,0.0,12.0,5.0,7.0,71.0,5.0,332.0
2021-12-27,De Kooy,235,4.3,133.0,3.5,997.3,0.0,1.2,9.0,3.0,6.0,98.0,8.0,116.0
2021-12-28,De Kooy,235,5.4,210.0,8.2,990.5,0.8,2.8,15.0,4.0,9.0,95.0,8.0,78.0
2021-12-29,De Kooy,235,5.4,234.0,9.0,1003.3,0.0,3.7,12.0,3.0,8.0,93.0,8.0,74.0
2021-12-30,De Kooy,235,9.0,225.0,10.7,1010.7,1.0,3.1,17.0,6.0,11.0,93.0,8.0,165.0
2021-12-31,De Kooy,235,9.0,228.0,10.4,1015.3,1.5,11.0,19.0,6.0,11.0,92.0,7.0,84.0
2022-01-01,De Kooy,235,8.7,209.0,11.4,1018.6,1.3,0.0,17.0,6.0,11.0,87.0,8.0,198.0
2022-01-02,De Kooy,235,8.7,229.0,9.9,1008.4,4.1,17.9,20.0,7.0,11.0,91.0,7.0,256.0
2022-01-03,De Kooy,235,8.9,236.0,9.2,1004.7,5.6,0.0,17.0,6.0,11.0,84.0,3.0,325.0
2022-01-04,De Kooy,235,5.3,290.0,6.4,996.8,0.5,0.8,15.0,4.0,9.0,78.0,7.0,149.0
2022-01-05,De Kooy,235,9.2,300.0,6.2,1004.6,2.8,4.3,22.0,6.0,12.0,76.0,5.0,231.0
2022-01-06,De Kooy,235,5.0,210.0,4.4,1015.3,4.2,1.1,18.0,1.0,12.0,81.0,5.0,277.0
2022-01-07,De Kooy,235,8.0,248.0,5.5,1006.9,4.8,4.4,17.0,5.0,11.0,75.0,6.0,305.0
2022-01-08,De Kooy,235,7.5,208.0,5.1,999.0,0.0,15.3,17.0,5.0,11.0,84.0,7.0,107.0
2022-01-09,De Kooy,235,5.9,285.0,5.8,999.0,3.0,1.0,14.0,1.0,9.0,79.0,5.0,251.0
2022-01-10,De Kooy,235,2.2,173.0,2.6,1020.9,4.5,0.0,5.0,1.0,3.0,94.0,5.0,341.0
2022-01-11,De Kooy,235,4.7,200.0,3.6,1031.1,1.1,0.6,10.0,1.0,7.0,93.0,8.0,168.0
2022-01-12,De Kooy,235,2.5,260.0,4.8,1038.2,7.0,0.0,7.0,1.0,5.0,94.0,3.0,424.0
2022-01-13,De Kooy,235,4.5,250.0,7.0,1038.0,5.7,0.0,9.0,3.0,6.0,92.0,3.0,397.0
2022-01-14,De Kooy,235,2.6,287.0,6.8,1034.6,0.0,0.0,8.0,1.0,4.0,90.0,8.0,125.0
2022-01-15,De Kooy,235,3.5,168.0,3.5,1026.9,0.0,0.0,8.0,1.0,5.0,96.0,8.0,97.0
2022-01-16,De Kooy,235,5.9,275.0,7.0,1023.4,0.2,0.0,10.0,5.0,7.0,82.0,8.0,150.0
2022-01-17,De Kooy,235,5.5,300.0,7.4,1033.5,2.7,0.0,12.0,2.0,8.0,85.0,5.0,310.0
2022-01-18,De Kooy,235,3.5,217.0,4.3,1036.4,1.8,0.0,9.0,1.0,6.0,96.0,7.0,258.0
2022-01-19,De Kooy,235,6.8,267.0,6.3,1022.8,0.4,0.9,16.0,4.0,9.0,84.0,7.0,132.0
2022-01-20,De Kooy,235,6.6,335.0,4.5,1028.8,3.4,1.4,18.0,4.0,8.0,70.0,5.0,310.0
2022-01-21,De Kooy,235,4.8,314.0,5.9,1033.1,1.3,0.2,10.0,3.0,6.0,82.0,7.0,245.0
2022-01-22,De Kooy,235,3.5,303.0,6.8,1033.7,0.0,0.9,9.0,2.0,4.0,88.0,8.0,110.0
2022-01-23,De Kooy,235,2.2,213.0,6.4,1035.0,0.0,0.0,5.0,1.0,3.0,87.0,8.0,136.0
2022-01-24,De Kooy,235,2.2,186.0,4.9,1034.4,0.0,0.0,6.0,1.0,3.0,77.0,8.0,98.0
2022-01-25,De Kooy,235,3.0,190.0,3.5,1033.6,0.0,0.0,6.0,2.0,4.0,84.0,8.0,60.0
2022-01-26,De Kooy,235,6.2,246.0,5.5,1028.7,0.0,0.0,17.0,4.0,11.0,83.0,8.0,128.0
2022-01-27,De Kooy,235,8.7,275.0,7.6,1022.4,2.7,0.0,16.0,7.0,11.0,81.0,5.0,333.0
2022-01-28,De Kooy,235,6.0,259.0,7.0,1030.6,6.8,0.1,14.0,2.0,9.0,80.0,7.0,505.0
2022-01-29,De Kooy,235,10.1,258.0,8.8,1021.0,4.4,0.0,20.0,8.0,13.0,81.0,6.0,439.0
2022-01-30,De Kooy,235,6.6,283.0,6.4,1025.0,6.1,0.3,17.0,3.0,10.0,69.0,5.0,475.0
2022-01-31,De Kooy,235,11.0,309.0,6.1,1011.5,0.0,6.7,25.0,6.0,15.0,78.0,8.0,113.0
2022-02-01,De Kooy,235,8.8,277.0,7.6,1013.0,3.0,0.9,17.0,5.0,11.0,84.0,7.0,320.0
2022-02-02,De Kooy,235,5.2,272.0,7.8,1018.0,7.0,0.3,15.0,3.0,8.0,87.0,6.0,622.0
2022-02-03,De Kooy,235,6.8,226.0,7.5,1012.3,0.1,0.4,14.0,6.0,9.0,92.0,8.0,136.0
2022-02-04,De Kooy,235,9.4,252.0,6.4,1006.6,0.2,8.6,20.0,6.0,12.0,84.0,7.0,127.0
2022-02-05,De Kooy,235,10.4,248.0,6.7,1013.0,4.7,5.6,19.0,8.0,13.0,79.0,7.0,543.0
2022-02-06,De Kooy,235,11.4,264.0,6.9,999.8,2.0,11.2,22.0,7.0,13.0,82.0,7.0,248.0
2022-02-07,De Kooy,235,8.3,275.0,6.5,1020.3,8.2,0.1,22.0,6.0,11.0,77.0,6.0,729.0
2022-02-08,De Kooy,235,8.5,233.0,8.8,1023.1,5.3,0.0,15.0,7.0,10.0,86.0,7.0,585.0
2022-02-09,De Kooy,235,5.9,233.0,8.0,1021.9,0.0,4.3,15.0,1.0,9.0,91.0,8.0,235.0
2022-02-10,De Kooy,235,5.6,268.0,6.3,1019.0,4.2,0.6,15.0,2.0,10.0,78.0,7.0,513.0
2022-02-11,De Kooy,235,5.8,308.0,4.1,1028.3,6.6,0.9,19.0,1.0,11.0,71.0,4.0,714.0
2022-02-12,De Kooy,235,7.3,194.0,3.4,1023.4,8.7,0.0,17.0,4.0,11.0,73.0,7.0,777.0
2022-02-13,De Kooy,235,8.9,191.0,6.5,1005.4,4.2,0.0,19.0,6.0,11.0,72.0,8.0,496.0
2022-02-14,De Kooy,235,10.2,218.0,8.5,997.2,4.2,1.0,27.0,7.0,15.0,81.0,8.0,577.0
2022-02-15,De Kooy,235,8.0,227.0,7.0,1004.3,3.0,6.9,23.0,4.0,15.0,88.0,8.0,472.0
2022-02-16,De Kooy,235,11.4,227.0,9.4,990.6,0.5,4.8,22.0,5.0,16.0,89.0,7.0,268.0
2022-02-17,De Kooy,235,12.7,271.0,7.8,1001.5,8.3,0.0,27.0,5.0,18.0,71.0,3.0,853.0
2022-02-18,De Kooy,235,13.8,234.0,7.5,993.1,0.6,1.8,32.0,3.0,21.0,80.0,8.0,226.0
2022-02-19,De Kooy,235,11.4,256.0,5.3,1005.5,4.0,9.6,27.0,6.0,19.0,76.0,7.0,632.0
2022-02-20,De Kooy,235,11.5,233.0,7.4,997.7,0.0,17.6,26.0,4.0,17.0,88.0,8.0,131.0
2022-02-21,De Kooy,235,12.6,280.0,6.4,999.7,2.4,2.2,27.0,7.0,17.0,76.0,6.0,438.0
2022-02-22,De Kooy,235,8.1,256.0,7.1,1014.3,1.2,1.5,18.0,4.0,12.0,84.0,5.0,266.0
2022-02-23,De Kooy,235,8.6,229.0,7.5,1019.4,9.3,0.0,17.0,6.0,11.0,80.0,2.0,1072.0
2022-02-24,De Kooy,235,10.3,240.0,5.9,1007.6,1.3,5.6,20.0,6.0,14.0,79.0,7.0,269.0
2022-02-25,De Kooy,235,7.8,286.0,5.9,1021.0,6.7,0.1,18.0,2.0,12.0,76.0,3.0,863.0
2022-02-26,De Kooy,235,2.9,165.0,4.0,1033.3,9.9,0.0,7.0,1.0,4.0,82.0,3.0,1117.0
2022-02-27,De Kooy,235,5.1,136.0,4.8,1030.8,9.9,0.0,12.0,3.0,8.0,68.0,1.0,1192.0
2022-02-28,De Kooy,235,5.0,164.0,4.8,1028.5,9.7,0.0,10.0,3.0,7.0,64.0,4.0,1186.0
2022-03-01,De Kooy,235,2.5,97.0,4.5,1027.7,0.3,6.8,6.0,1.0,4.0,86.0,8.0,241.0
2022-03-02,De Kooy,235,4.7,69.0,5.6,1024.4,9.7,0.0,8.0,4.0,6.0,82.0,5.0,1137.0
2022-03-03,De Kooy,235,4.9,95.0,5.3,1019.8,9.8,0.0,10.0,4.0,6.0,70.0,0.0,1254.0
2022-03-04,De Kooy,235,4.7,108.0,3.9,1021.3,10.1,0.0,9.0,3.0,6.0,78.0,0.0,1301.0
2022-03-05,De Kooy,235,5.6,65.0,2.8,1023.0,10.1,0.0,13.0,3.0,9.0,77.0,2.0,1310.0
2022-03-06,De Kooy,235,5.4,51.0,4.4,1028.3,8.2,0.0,12.0,3.0,9.0,71.0,5.0,1179.0
2022-03-07,De Kooy,235,3.3,80.0,3.6,1027.1,10.1,0.0,9.0,1.0,6.0,78.0,1.0,1347.0
2022-03-08,De Kooy,235,5.2,129.0,5.1,1021.2,10.3,0.0,13.0,3.0,8.0,57.0,0.0,1371.0
2022-03-09,De Kooy,235,4.4,149.0,6.7,1021.5,10.3,0.0,9.0,3.0,6.0,55.0,0.0,1363.0
2022-03-10,De Kooy,235,3.8,131.0,8.1,1021.5,10.3,0.0,10.0,2.0,6.0,58.0,3.0,1389.0
2022-03-11,De Kooy,235,6.7,125.0,8.9,1013.3,9.6,0.0,13.0,5.0,8.0,56.0,3.0,1356.0
2022-03-12,De Kooy,235,5.3,166.0,9.7,1014.3,4.5,0.3,13.0,2.0,9.0,69.0,8.0,961.0
2022-03-13,De Kooy,235,5.1,149.0,11.4,1013.0,6.3,0.1,11.0,3.0,7.0,62.0,8.0,975.0
2022-03-14,De Kooy,235,4.3,226.0,7.8,1023.4,6.7,0.2,11.0,1.0,7.0,89.0,6.0,1169.0
2022-03-15,De Kooy,235,2.3,114.0,7.8,1024.5,3.3,0.2,6.0,1.0,3.0,84.0,7.0,695.0
2022-03-16,De Kooy,235,5.0,129.0,9.5,1021.4,4.0,0.0,12.0,2.0,7.0,74.0,7.0,1008.0
2022-03-17,De Kooy,235,6.1,253.0,7.2,1029.0,8.9,2.5,14.0,3.0,8.0,83.0,3.0,1491.0
2022-03-18,De Kooy,235,4.1,44.0,7.7,1043.7,10.9,0.0,10.0,2.0,7.0,85.0,0.0,1549.0
2022-03-19,De Kooy,235,7.5,71.0,8.0,1042.2,11.0,0.0,15.0,3.0,10.0,71.0,0.0,1630.0
2022-03-20,De Kooy,235,6.5,104.0,5.4,1029.6,6.1,0.1,13.0,3.0,9.0,71.0,3.0,1023.0
2022-03-21,De Kooy,235,3.4,137.0,7.3,1030.7,10.9,0.0,6.0,2.0,4.0,69.0,3.0,1564.0
2022-03-22,De Kooy,235,3.0,53.0,9.0,1031.3,11.1,0.0,5.0,2.0,4.0,85.0,2.0,1516.0
2022-03-23,De Kooy,235,2.8,45.0,9.8,1031.0,11.1,0.0,5.0,2.0,3.0,80.0,0.0,1592.0
2022-03-24,De Kooy,235,2.7,40.0,8.9,1030.2,10.3,0.0,6.0,1.0,4.0,80.0,0.0,1601.0
2022-03-25,De Kooy,235,2.7,27.0,8.0,1031.9,11.3,0.0,6.0,1.0,4.0,74.0,1.0,1703.0
2022-03-26,De Kooy,235,3.1,30.0,8.5,1033.3,11.5,0.0,8.0,0.0,5.0,84.0,3.0,1708.0
2022-03-27,De Kooy,235,4.8,41.0,8.1,1031.8,11.5,0.0,9.0,3.0,6.0,85.0,3.0,1774.0
2022-03-28,De Kooy,235,3.2,51.0,6.7,1022.8,1.9,0.0,7.0,2.0,5.0,92.0,8.0,885.0
2022-03-29,De Kooy,235,4.0,56.0,7.7,1013.1,4.3,0.0,8.0,2.0,5.0,80.0,8.0,1206.0
2022-03-30,De Kooy,235,5.2,42.0,5.4,1006.2,1.4,3.4,13.0,1.0,8.0,76.0,8.0,838.0
2022-03-31,De Kooy,235,10.4,45.0,2.4,1004.0,1.0,14.6,23.0,2.0,17.0,89.0,8.0,481.0
2022-04-01,De Kooy,235,10.2,47.0,4.2,1013.5,7.9,0.0,19.0,6.0,13.0,60.0,8.0,1540.0
2022-04-02,De Kooy,235,5.3,31.0,4.1,1021.1,9.9,0.3,14.0,2.0,8.0,65.0,5.0,1853.0
2022-04-03,De Kooy,235,4.2,283.0,4.3,1021.4,7.7,1.0,12.0,1.0,8.0,76.0,6.0,1496.0
2022-04-04,De Kooy,235,8.9,254.0,7.5,1005.2,0.0,10.5,21.0,3.0,15.0,90.0,8.0,276.0
2022-04-05,De Kooy,235,6.0,257.0,8.8,1003.3,0.3,1.3,12.0,1.0,9.0,91.0,8.0,666.0
2022-04-06,De Kooy,235,11.1,225.0,9.4,994.3,2.3,1.2,20.0,8.0,13.0,86.0,8.0,965.0
2022-04-07,De Kooy,235,11.9,255.0,8.0,983.4,4.8,8.7,24.0,8.0,15.0,80.0,8.0,1058.0
2022-04-08,De Kooy,235,7.3,293.0,6.8,997.8,8.4,0.1,16.0,6.0,10.0,71.0,6.0,1611.0
2022-04-09,De Kooy,235,7.0,299.0,6.0,1011.1,7.4,0.9,16.0,4.0,8.0,73.0,5.0,1478.0
2022-04-10,De Kooy,235,4.0,279.0,6.4,1019.5,12.5,0.2,12.0,1.0,6.0,69.0,7.0,2162.0
2022-04-11,De Kooy,235,4.2,90.0,9.0,1016.0,10.7,0.0,9.0,1.0,7.0,67.0,8.0,1908.0
2022-04-12,De Kooy,235,4.5,119.0,12.2,1009.6,7.3,0.0,10.0,1.0,7.0,68.0,7.0,1591.0
2022-04-13,De Kooy,235,4.9,228.0,11.5,1016.0,4.1,0.0,9.0,4.0,6.0,85.0,8.0,1317.0
2022-04-14,De Kooy,235,2.9,293.0,10.2,1022.0,11.5,0.0,8.0,2.0,5.0,86.0,5.0,2085.0
2022-04-15,De Kooy,235,3.7,48.0,8.5,1029.2,4.0,0.0,9.0,1.0,6.0,79.0,8.0,1151.0
2022-04-16,De Kooy,235,4.5,104.0,10.4,1032.6,8.7,0.0,10.0,3.0,6.0,68.0,4.0,1952.0
2022-04-17,De Kooy,235,4.0,122.0,11.7,1025.6,13.2,0.0,8.0,2.0,6.0,53.0,2.0,2359.0
2022-04-18,De Kooy,235,3.6,193.0,11.9,1017.7,12.0,0.0,9.0,2.0,7.0,54.0,5.0,2238.0
2022-04-19,De Kooy,235,5.0,54.0,11.9,1016.4,12.6,0.0,13.0,2.0,9.0,72.0,8.0,2250.0
2022-04-20,De Kooy,235,6.6,60.0,11.1,1017.7,12.5,0.0,14.0,4.0,9.0,66.0,0.0,2352.0
2022-04-21,De Kooy,235,6.3,56.0,11.6,1014.4,13.0,0.0,14.0,3.0,9.0,71.0,5.0,2300.0
2022-04-22,De Kooy,235,8.4,54.0,12.1,1009.3,13.2,0.0,14.0,7.0,9.0,76.0,2.0,2365.0
2022-04-23,De Kooy,235,8.9,69.0,13.1,1006.6,12.5,0.0,15.0,7.0,10.0,69.0,0.0,2305.0
2022-04-24,De Kooy,235,8.5,46.0,10.9,1008.5,12.6,0.0,15.0,7.0,10.0,72.0,1.0,2433.0
2022-04-25,De Kooy,235,7.5,40.0,9.3,1014.1,1.8,0.0,14.0,4.0,9.0,75.0,6.0,660.0
2022-04-26,De Kooy,235,4.5,352.0,9.2,1020.9,12.0,0.0,10.0,3.0,6.0,73.0,4.0,2386.0
2022-04-27,De Kooy,235,3.0,327.0,9.4,1027.3,3.8,0.0,8.0,1.0,4.0,65.0,7.0,1500.0
2022-04-28,De Kooy,235,4.5,42.0,8.9,1031.7,2.8,0.0,10.0,1.0,6.0,70.0,8.0,1250.0
2022-04-29,De Kooy,235,5.0,39.0,8.6,1031.0,3.2,0.0,10.0,3.0,7.0,73.0,8.0,1130.0
2022-04-30,De Kooy,235,3.2,344.0,8.5,1027.4,6.8,0.0,9.0,1.0,6.0,74.0,5.0,1304.0
2022-05-01,De Kooy,235,2.5,52.0,8.7,1024.0,9.9,0.0,6.0,0.0,5.0,77.0,5.0,2023.0
2022-05-02,De Kooy,235,2.6,35.0,10.0,1021.1,13.4,0.0,7.0,1.0,4.0,72.0,2.0,2462.0
2022-05-03,De Kooy,235,3.4,14.0,9.2,1020.5,3.6,0.2,8.0,1.0,5.0,75.0,8.0,1170.0
2022-05-04,De Kooy,235,1.7,279.0,9.1,1019.6,10.7,0.0,5.0,0.0,3.0,69.0,8.0,2216.0
2022-05-05,De Kooy,235,2.6,249.0,11.7,1022.7,7.8,0.0,6.0,1.0,4.0,82.0,7.0,1902.0
2022-05-06,De Kooy,235,4.1,231.0,12.2,1024.3,10.6,0.0,10.0,1.0,7.0,82.0,7.0,2337.0
2022-05-07,De Kooy,235,4.1,25.0,12.5,1025.0,4.4,0.1,10.0,1.0,6.0,83.0,6.0,1701.0
2022-05-08,De Kooy,235,4.7,38.0,10.2,1029.3,12.2,0.0,8.0,3.0,6.0,69.0,4.0,2530.0
2022-05-09,De Kooy,235,2.7,150.0,13.8,1024.3,12.6,0.0,6.0,1.0,4.0,63.0,5.0,2548.0
2022-05-10,De Kooy,235,6.4,215.0,14.4,1014.6,1.4,0.4,16.0,3.0,11.0,76.0,8.0,1186.0
2022-05-11,De Kooy,235,7.7,232.0,12.6,1009.5,2.6,3.3,18.0,5.0,11.0,85.0,7.0,1517.0
2022-05-12,De Kooy,235,6.0,244.0,12.8,1016.6,14.2,0.0,12.0,4.0,8.0,79.0,3.0,2725.0
2022-05-13,De Kooy,235,7.8,241.0,13.0,1017.7,10.9,0.0,14.0,5.0,10.0,79.0,7.0,2376.0
2022-05-14,De Kooy,235,2.6,278.0,13.7,1021.2,14.3,0.0,8.0,1.0,4.0,78.0,2.0,2727.0
2022-05-15,De Kooy,235,5.7,66.0,16.1,1019.1,12.9,0.0,12.0,3.0,8.0,75.0,5.0,2600.0
2022-05-16,De Kooy,235,6.0,201.0,16.0,1015.2,6.9,0.0,14.0,4.0,10.0,78.0,6.0,1883.0
2022-05-17,De Kooy,235,3.6,111.0,17.5,1019.2,7.4,0.0,8.0,2.0,5.0,76.0,7.0,2171.0
2022-05-18,De Kooy,235,3.2,344.0,17.3,1019.9,13.0,0.0,8.0,1.0,5.0,75.0,7.0,2480.0
2022-05-19,De Kooy,235,3.5,231.0,15.6,1018.1,2.9,9.7,12.0,2.0,6.0,90.0,7.0,939.0
2022-05-20,De Kooy,235,3.5,214.0,13.0,1017.6,4.1,14.9,12.0,0.0,8.0,87.0,7.0,1037.0
2022-05-21,De Kooy,235,6.1,261.0,12.9,1019.3,10.3,0.0,14.0,1.0,9.0,84.0,5.0,2285.0
2022-05-22,De Kooy,235,3.0,167.0,15.4,1014.3,13.2,0.0,7.0,2.0,4.0,72.0,6.0,2540.0
2022-05-23,De Kooy,235,3.8,260.0,14.9,1001.1,1.7,7.1,11.0,1.0,6.0,82.0,8.0,1061.0
2022-05-24,De Kooy,235,6.1,243.0,12.8,1004.5,9.3,0.5,14.0,2.0,10.0,83.0,5.0,2262.0
2022-05-25,De Kooy,235,7.8,227.0,13.4,1012.4,5.5,1.2,19.0,3.0,12.0,83.0,6.0,1792.0
2022-05-26,De Kooy,235,7.6,246.0,14.3,1017.9,6.8,5.1,16.0,4.0,10.0,84.0,6.0,2067.0
2022-05-27,De Kooy,235,7.4,288.0,13.1,1020.4,13.1,0.0,15.0,4.0,9.0,70.0,5.0,2627.0
2022-05-28,De Kooy,235,6.3,322.0,12.0,1021.1,11.8,0.0,12.0,4.0,7.0,67.0,5.0,2490.0
2022-05-29,De Kooy,235,4.3,342.0,10.8,1015.7,2.6,1.5,11.0,1.0,6.0,72.0,7.0,1354.0
2022-05-30,De Kooy,235,2.4,282.0,11.3,1013.8,13.3,0.0,9.0,1.0,4.0,68.0,5.0,2678.0
2022-05-31,De Kooy,235,2.8,138.0,12.9,1013.0,4.3,0.0,8.0,1.0,5.0,68.0,8.0,1566.0
2022-06-01,De Kooy,235,3.3,297.0,12.5,1015.3,12.0,1.8,10.0,1.0,6.0,75.0,3.0,2607.0
2022-06-02,De Kooy,235,3.3,11.0,13.3,1021.6,14.7,0.0,8.0,1.0,6.0,72.0,3.0,2933.0
2022-06-03,De Kooy,235,6.9,57.0,15.3,1020.6,15.1,0.0,14.0,4.0,9.0,71.0,4.0,3009.0
2022-06-04,De Kooy,235,8.2,48.0,13.8,1022.4,10.5,0.0,13.0,7.0,10.0,78.0,6.0,2516.0
2022-06-05,De Kooy,235,5.7,50.0,15.3,1014.4,0.0,19.6,13.0,1.0,10.0,89.0,8.0,707.0
2022-06-06,De Kooy,235,8.3,251.0,12.8,1010.8,0.0,18.9,15.0,5.0,10.0,88.0,8.0,518.0
2022-06-07,De Kooy,235,6.2,257.0,12.7,1010.8,5.1,0.1,16.0,2.0,11.0,84.0,6.0,1495.0
2022-06-08,De Kooy,235,4.3,218.0,14.8,1005.7,1.5,3.3,10.0,2.0,6.0,88.0,8.0,916.0
2022-06-09,De Kooy,235,5.5,259.0,15.1,1014.2,15.3,0.0,11.0,4.0,7.0,80.0,0.0,3059.0
2022-06-10,De Kooy,235,6.5,221.0,16.1,1019.2,7.6,0.1,14.0,4.0,9.0,84.0,4.0,2068.0
2022-06-11,De Kooy,235,6.3,233.0,16.0,1021.1,14.4,0.0,11.0,3.0,8.0,78.0,1.0,3073.0
2022-06-12,De Kooy,235,4.5,256.0,15.4,1021.4,13.0,0.0,10.0,2.0,7.0,78.0,5.0,2929.0
2022-06-13,De Kooy,235,5.0,290.0,13.9,1022.7,13.3,0.0,11.0,1.0,7.0,71.0,5.0,2835.0
2022-06-14,De Kooy,235,3.4,266.0,15.2,1022.5,11.8,0.0,8.0,2.0,6.0,68.0,5.0,2656.0
2022-06-15,De Kooy,235,3.8,60.0,17.3,1020.3,14.2,0.0,9.0,2.0,5.0,65.0,6.0,2940.0
2022-06-16,De Kooy,235,2.2,115.0,18.0,1023.0,13.5,0.0,6.0,1.0,4.0,64.0,4.0,2863.0
2022-06-17,De Kooy,235,6.1,208.0,22.0,1020.2,10.6,0.0,14.0,2.0,9.0,55.0,6.0,2638.0
2022-06-18,De Kooy,235,4.3,9.0,16.9,1016.8,9.1,0.0,11.0,2.0,8.0,73.0,5.0,2237.0
2022-06-19,De Kooy,235,4.0,345.0,14.0,1013.7,3.6,5.8,11.0,3.0,6.0,75.0,8.0,1712.0
2022-06-20,De Kooy,235,4.2,329.0,14.5,1016.9,14.8,0.0,11.0,1.0,7.0,72.0,3.0,2901.0
2022-06-21,De Kooy,235,2.0,290.0,14.3,1015.6,14.1,0.0,6.0,1.0,4.0,77.0,5.0,2953.0
2022-06-22,De Kooy,235,3.6,47.0,16.4,1014.3,15.7,0.0,9.0,1.0,6.0,76.0,0.0,3106.0
2022-06-23,De Kooy,235,3.6,62.0,21.3,1010.5,14.8,0.0,8.0,1.0,5.0,73.0,3.0,2816.0
2022-06-24,De Kooy,235,3.9,223.0,18.6,1006.2,5.7,17.5,10.0,1.0,7.0,83.0,7.0,1704.0
2022-06-25,De Kooy,235,3.8,214.0,17.7,1010.6,6.2,9.9,10.0,1.0,6.0,80.0,7.0,1886.0
2022-06-26,De Kooy,235,3.1,246.0,17.5,1014.5,10.3,2.1,9.0,1.0,6.0,76.0,7.0,2521.0
2022-06-27,De Kooy,235,2.6,212.0,16.8,1016.6,3.4,5.5,9.0,1.0,5.0,81.0,6.0,890.0
2022-06-28,De Kooy,235,4.2,218.0,18.1,1019.4,15.3,0.4,10.0,2.0,6.0,66.0,1.0,3006.0
2022-06-29,De Kooy,235,3.5,118.0,20.0,1013.6,13.2,0.0,10.0,1.0,6.0,70.0,4.0,2649.0
2022-06-30,De Kooy,235,3.9,278.0,17.4,1012.0,8.3,7.7,11.0,1.0,7.0,82.0,6.0,2213.0
2022-07-01,De Kooy,235,6.6,231.0,16.7,1016.6,12.7,0.0,14.0,3.0,9.0,73.0,3.0,2685.0
2022-07-02,De Kooy,235,4.9,215.0,17.8,1019.3,11.5,0.0,11.0,2.0,8.0,67.0,7.0,2663.0
2022-07-03,De Kooy,235,3.8,258.0,16.6,1018.2,10.5,0.0,10.0,2.0,6.0,78.0,4.0,2492.0
2022-07-04,De Kooy,235,4.7,259.0,16.8,1019.8,13.7,0.0,11.0,2.0,7.0,71.0,4.0,2897.0
2022-07-05,De Kooy,235,4.7,286.0,16.1,1023.0,11.8,0.0,10.0,3.0,6.0,68.0,5.0,2400.0
2022-07-06,De Kooy,235,6.0,258.0,16.6,1023.4,7.5,0.3,13.0,3.0,9.0,72.0,7.0,1818.0
2022-07-07,De Kooy,235,6.2,324.0,15.8,1024.8,2.4,0.3,14.0,3.0,8.0,73.0,8.0,1451.0
2022-07-08,De Kooy,235,4.4,273.0,17.2,1030.1,11.6,0.0,9.0,3.0,7.0,81.0,6.0,2621.0
2022-07-09,De Kooy,235,4.6,330.0,17.0,1027.9,7.5,0.0,12.0,2.0,7.0,72.0,7.0,2228.0
2022-07-10,De Kooy,235,4.6,303.0,16.9,1025.7,3.1,0.0,9.0,2.0,6.0,78.0,8.0,1629.0
2022-07-11,De Kooy,235,2.5,20.0,17.0,1024.5,7.5,0.0,6.0,2.0,3.0,84.0,7.0,2136.0
2022-07-12,De Kooy,235,3.8,213.0,20.1,1023.2,5.5,0.0,10.0,1.0,7.0,73.0,7.0,2010.0
2022-07-13,De Kooy,235,3.8,317.0,19.0,1020.5,13.6,0.0,10.0,1.0,6.0,72.0,6.0,2751.0
2022-07-14,De Kooy,235,3.5,313.0,16.1,1021.5,10.8,0.0,11.0,1.0,7.0,72.0,5.0,2356.0
2022-07-15,De Kooy,235,4.7,259.0,16.9,1022.1,7.5,0.0,10.0,1.0,7.0,69.0,6.0,2159.0
2022-07-16,De Kooy,235,3.8,326.0,16.1,1025.2,14.3,0.0,9.0,1.0,5.0,67.0,3.0,2805.0
2022-07-17,De Kooy,235,2.1,226.0,18.0,1026.6,12.5,0.0,7.0,1.0,4.0,70.0,5.0,2653.0
2022-07-18,De Kooy,235,2.9,210.0,22.7,1021.1,11.2,0.0,7.0,1.0,5.0,51.0,5.0,2590.0
2022-07-19,De Kooy,235,3.1,130.0,28.3,1015.3,15.1,0.0,9.0,1.0,6.0,46.0,0.0,2679.0
2022-07-20,De Kooy,235,6.1,220.0,22.0,1015.4,12.4,0.0,14.0,3.0,10.0,70.0,5.0,2304.0
2022-07-21,De Kooy,235,3.7,309.0,17.4,1018.3,0.1,8.2,12.0,2.0,6.0,87.0,8.0,437.0
2022-07-22,De Kooy,235,2.3,327.0,16.2,1020.5,1.7,0.0,6.0,1.0,3.0,71.0,8.0,1079.0
2022-07-23,De Kooy,235,2.1,240.0,17.5,1019.3,13.0,0.0,8.0,1.0,4.0,71.0,4.0,2555.0
2022-07-24,De Kooy,235,6.0,212.0,21.8,1014.6,12.5,0.0,17.0,2.0,10.0,65.0,6.0,2601.0
2022-07-25,De Kooy,235,6.9,239.0,20.0,1008.9,5.2,0.1,16.0,2.0,11.0,77.0,7.0,1746.0
2022-07-26,De Kooy,235,4.3,331.0,16.8,1017.5,5.4,1.4,11.0,2.0,6.0,67.0,8.0,1970.0
2022-07-27,De Kooy,235,3.5,9.0,16.4,1020.9,8.9,0.0,8.0,2.0,5.0,63.0,6.0,2102.0
2022-07-28,De Kooy,235,5.4,67.0,17.0,1019.9,8.9,0.0,12.0,2.0,8.0,65.0,8.0,2204.0
2022-07-29,De Kooy,235,5.4,40.0,18.0,1018.3,12.3,0.0,11.0,1.0,8.0,74.0,5.0,2589.0
2022-07-30,De Kooy,235,3.1,242.0,18.7,1018.3,7.2,0.0,8.0,1.0,5.0,71.0,5.0,1979.0
2022-07-31,De Kooy,235,5.1,248.0,18.7,1014.5,0.2,8.7,13.0,3.0,8.0,91.0,8.0,631.0
2022-08-01,De Kooy,235,3.3,50.0,17.6,1018.7,12.8,0.0,7.0,2.0,4.0,70.0,7.0,2579.0
2022-08-02,De Kooy,235,6.7,204.0,19.3,1015.0,8.4,0.0,14.0,4.0,10.0,80.0,5.0,1815.0
2022-08-03,De Kooy,235,5.0,215.0,19.8,1013.5,5.6,0.0,11.0,2.0,7.0,85.0,6.0,1364.0
2022-08-04,De Kooy,235,3.1,292.0,19.5,1014.0,9.4,0.0,8.0,2.0,5.0,78.0,6.0,2155.0
2022-08-05,De Kooy,235,4.2,312.0,17.2,1020.3,11.1,0.0,11.0,1.0,7.0,66.0,4.0,2307.0
2022-08-06,De Kooy,235,2.9,294.0,16.7,1027.7,13.5,0.0,8.0,1.0,4.0,65.0,6.0,2514.0
2022-08-07,De Kooy,235,2.4,273.0,16.3,1025.8,13.6,0.0,9.0,0.0,5.0,75.0,3.0,2492.0
2022-08-08,De Kooy,235,2.8,348.0,18.3,1027.1,9.8,0.0,9.0,1.0,5.0,76.0,5.0,2101.0
2022-08-09,De Kooy,235,3.8,55.0,19.3,1029.2,14.0,0.0,9.0,0.0,6.0,72.0,2.0,2560.0
2022-08-10,De Kooy,235,5.1,54.0,20.7,1026.7,13.9,0.0,10.0,4.0,6.0,78.0,1.0,2519.0
2022-08-11,De Kooy,235,4.4,49.0,22.3,1022.7,13.9,0.0,9.0,3.0,6.0,73.0,0.0,2477.0
2022-08-12,De Kooy,235,4.4,47.0,23.1,1019.5,13.9,0.0,10.0,3.0,6.0,74.0,0.0,2452.0
2022-08-13,De Kooy,235,3.8,72.0,24.4,1016.0,13.9,0.0,8.0,3.0,5.0,62.0,1.0,2412.0
2022-08-14,De Kooy,235,3.8,80.0,24.6,1008.0,11.9,0.0,8.0,2.0,5.0,69.0,4.0,2211.0
2022-08-15,De Kooy,235,3.3,226.0,21.7,1003.6,3.9,0.0,9.0,1.0,6.0,79.0,8.0,1476.0
2022-08-16,De Kooy,235,3.6,246.0,20.9,1007.9,8.3,0.0,9.0,1.0,6.0,82.0,7.0,1922.0
2022-08-17,De Kooy,235,3.7,34.0,19.5,1012.1,0.0,37.0,10.0,1.0,6.0,87.0,8.0,331.0
2022-08-18,De Kooy,235,3.0,48.0,19.8,1013.7,11.2,2.0,6.0,2.0,4.0,81.0,3.0,2165.0
2022-08-19,De Kooy,235,3.6,254.0,19.8,1013.6,7.7,0.0,8.0,2.0,6.0,81.0,6.0,1720.0
2022-08-20,De Kooy,235,3.5,237.0,18.4,1016.5,12.2,0.0,10.0,1.0,6.0,72.0,1.0,2206.0
2022-08-21,De Kooy,235,3.3,247.0,18.2,1015.8,12.4,0.0,10.0,0.0,6.0,78.0,5.0,2142.0
2022-08-22,De Kooy,235,3.2,87.0,19.9,1015.6,12.2,0.0,10.0,1.0,5.0,73.0,4.0,2045.0
2022-08-23,De Kooy,235,2.6,217.0,20.9,1015.5,6.5,0.0,7.0,1.0,4.0,81.0,7.0,1650.0
2022-08-24,De Kooy,235,3.5,223.0,22.1,1018.1,9.9,0.0,8.0,1.0,6.0,83.0,6.0,1862.0
2022-08-25,De Kooy,235,4.4,33.0,23.5,1015.2,9.7,0.0,12.0,2.0,7.0,72.0,5.0,1949.0
2022-08-26,De Kooy,235,3.6,345.0,18.7,1017.4,4.0,0.6,9.0,1.0,5.0,74.0,5.0,1113.0
2022-08-27,De Kooy,235,4.2,21.0,18.3,1018.9,9.2,0.0,10.0,1.0,6.0,66.0,4.0,1835.0
2022-08-28,De Kooy,235,3.8,5.0,17.9,1021.9,7.6,0.0,9.0,2.0,5.0,65.0,5.0,1611.0
2022-08-29,De Kooy,235,4.4,36.0,18.2,1022.7,5.9,0.0,10.0,2.0,6.0,71.0,8.0,1570.0
2022-08-30,De Kooy,235,6.6,54.0,19.0,1023.2,12.8,0.0,14.0,4.0,10.0,67.0,5.0,2139.0
2022-08-31,De Kooy,235,8.1,58.0,18.5,1024.2,12.7,0.0,14.0,7.0,10.0,65.0,1.0,2138.0
2022-09-01,De Kooy,235,6.2,67.0,18.5,1021.4,12.3,0.0,13.0,4.0,9.0,69.0,0.0,2069.0
2022-09-02,De Kooy,235,4.5,95.0,19.5,1015.0,11.5,0.0,9.0,4.0,6.0,61.0,7.0,1822.0
2022-09-03,De Kooy,235,4.7,93.0,20.0,1012.2,12.2,0.0,10.0,4.0,6.0,60.0,2.0,1967.0
2022-09-04,De Kooy,235,2.8,96.0,20.4,1017.2,6.6,0.0,6.0,2.0,4.0,76.0,8.0,1410.0
2022-09-05,De Kooy,235,3.5,155.0,22.2,1018.1,7.9,0.0,11.0,1.0,6.0,66.0,8.0,1557.0
2022-09-06,De Kooy,235,3.0,189.0,20.7,1014.4,7.4,9.7,10.0,1.0,6.0,78.0,7.0,1512.0
2022-09-07,De Kooy,235,3.3,187.0,19.3,1011.3,9.7,5.7,8.0,0.0,5.0,80.0,6.0,1605.0
2022-09-08,De Kooy,235,4.0,192.0,17.5,1006.7,5.1,11.5,10.0,2.0,7.0,84.0,6.0,996.0
2022-09-09,De Kooy,235,4.6,167.0,16.2,1005.4,5.2,4.0,10.0,3.0,7.0,88.0,7.0,923.0
2022-09-10,De Kooy,235,2.8,46.0,17.2,1012.2,9.0,0.3,7.0,1.0,5.0,84.0,4.0,1546.0
2022-09-11,De Kooy,235,1.5,246.0,17.2,1018.3,7.9,0.0,5.0,0.0,3.0,81.0,4.0,1252.0
2022-09-12,De Kooy,235,4.0,213.0,18.5,1012.8,7.2,5.3,10.0,1.0,7.0,79.0,8.0,1456.0
2022-09-13,De Kooy,235,2.7,318.0,17.1,1010.0,7.9,1.3,9.0,1.0,4.0,77.0,7.0,1471.0
2022-09-14,De Kooy,235,2.3,343.0,16.7,1006.5,4.9,0.2,10.0,1.0,4.0,72.0,7.0,1196.0
2022-09-15,De Kooy,235,5.3,319.0,15.2,1008.5,3.4,3.3,14.0,3.0,7.0,69.0,7.0,996.0
2022-09-16,De Kooy,235,6.6,324.0,14.2,1010.5,8.8,3.1,17.0,4.0,9.0,64.0,5.0,1446.0
2022-09-17,De Kooy,235,6.9,326.0,13.4,1014.1,7.2,4.3,16.0,6.0,8.0,66.0,6.0,1139.0
2022-09-18,De Kooy,235,6.0,325.0,13.4,1014.6,1.3,7.8,14.0,5.0,7.0,68.0,7.0,406.0
2022-09-19,De Kooy,235,4.5,333.0,14.3,1020.3,5.8,5.2,12.0,2.0,6.0,67.0,7.0,1175.0
2022-09-20,De Kooy,235,2.5,347.0,13.4,1024.1,5.0,1.4,10.0,1.0,4.0,71.0,6.0,1064.0
2022-09-21,De Kooy,235,1.4,165.0,12.5,1026.1,7.4,0.0,6.0,0.0,2.0,76.0,4.0,1156.0
2022-09-22,De Kooy,235,2.6,190.0,12.8,1021.1,10.0,0.0,8.0,1.0,4.0,73.0,5.0,1419.0
2022-09-23,De Kooy,235,2.8,182.0,13.6,1014.0,0.0,8.3,6.0,1.0,4.0,90.0,8.0,402.0
2022-09-24,De Kooy,235,4.8,25.0,14.7,1014.2,7.0,5.0,11.0,2.0,6.0,75.0,5.0,1309.0
2022-09-25,De Kooy,235,3.3,298.0,13.5,1013.6,7.5,4.2,12.0,1.0,8.0,73.0,6.0,1209.0
2022-09-26,De Kooy,235,6.8,265.0,13.4,997.0,1.7,10.3,16.0,2.0,11.0,76.0,8.0,665.0
2022-09-27,De Kooy,235,3.3,300.0,9.9,996.0,0.5,15.5,14.0,1.0,6.0,82.0,7.0,454.0
2022-09-28,De Kooy,235,1.9,259.0,10.7,996.5,8.1,1.3,8.0,1.0,4.0,83.0,6.0,1375.0
2022-09-29,De Kooy,235,1.3,181.0,10.9,1003.1,7.3,2.2,6.0,1.0,2.0,85.0,6.0,922.0
2022-09-30,De Kooy,235,5.9,193.0,12.6,1005.5,8.6,10.2,17.0,1.0,11.0,81.0,5.0,1210.0
2022-10-01,De Kooy,235,7.9,264.0,15.2,1003.7,7.8,6.8,17.0,5.0,11.0,76.0,5.0,1034.0
2022-10-02,De Kooy,235,5.5,291.0,15.0,1018.0,10.0,0.0,13.0,3.0,8.0,71.0,4.0,1310.0
2022-10-03,De Kooy,235,2.4,239.0,14.3,1025.2,8.8,0.0,6.0,1.0,4.0,77.0,7.0,1070.0
2022-10-04,De Kooy,235,6.5,204.0,14.6,1017.5,5.1,0.0,14.0,3.0,8.0,83.0,8.0,888.0
2022-10-05,De Kooy,235,10.8,226.0,16.0,1012.1,2.8,1.7,21.0,8.0,13.0,78.0,7.0,661.0
2022-10-06,De Kooy,235,8.0,241.0,14.3,1025.3,10.2,0.0,17.0,4.0,11.0,70.0,2.0,1253.0
2022-10-07,De Kooy,235,8.3,223.0,15.5,1018.1,6.4,1.8,16.0,4.0,11.0,80.0,7.0,861.0
2022-10-08,De Kooy,235,5.3,280.0,13.0,1020.1,8.5,0.0,12.0,1.0,8.0,70.0,3.0,1049.0
2022-10-09,De Kooy,235,3.8,163.0,11.0,1019.9,10.3,0.0,10.0,1.0,6.0,75.0,6.0,1205.0
2022-10-10,De Kooy,235,5.0,271.0,11.8,1016.1,5.1,0.9,12.0,3.0,7.0,76.0,5.0,598.0
2022-10-11,De Kooy,235,2.6,265.0,11.4,1025.5,9.2,0.0,7.0,1.0,4.0,74.0,5.0,1090.0
2022-10-12,De Kooy,235,3.5,179.0,10.7,1021.5,7.3,0.1,8.0,2.0,5.0,79.0,7.0,957.0
2022-10-13,De Kooy,235,2.3,220.0,12.3,1015.3,1.4,6.1,7.0,0.0,4.0,92.0,6.0,459.0
2022-10-14,De Kooy,235,3.2,200.0,12.5,1009.2,0.6,1.3,9.0,2.0,6.0,92.0,7.0,303.0
2022-10-15,De Kooy,235,5.7,209.0,14.3,1004.3,4.1,1.9,15.0,2.0,9.0,88.0,7.0,545.0
2022-10-16,De Kooy,235,6.1,222.0,14.3,1012.5,6.2,3.6,15.0,2.0,10.0,77.0,6.0,896.0
2022-10-17,De Kooy,235,5.3,205.0,15.5,1018.7,1.4,1.5,14.0,3.0,8.0,91.0,8.0,307.0
2022-10-18,De Kooy,235,2.5,306.0,13.1,1027.8,9.1,0.0,8.0,0.0,5.0,79.0,5.0,1031.0
2022-10-19,De Kooy,235,5.3,92.0,11.8,1025.3,7.0,0.0,11.0,2.0,7.0,73.0,8.0,894.0
2022-10-20,De Kooy,235,5.1,134.0,11.7,1010.5,0.8,1.4,11.0,4.0,7.0,91.0,7.0,323.0
2022-10-21,De Kooy,235,3.8,180.0,14.5,1005.9,3.4,0.0,12.0,2.0,8.0,90.0,7.0,566.0
2022-10-22,De Kooy,235,4.7,203.0,14.3,1010.7,4.7,0.5,12.0,2.0,7.0,88.0,8.0,574.0
2022-10-23,De Kooy,235,4.0,141.0,14.2,1006.1,0.3,1.9,13.0,1.0,6.0,88.0,7.0,333.0
2022-10-24,De Kooy,235,8.7,218.0,15.3,1003.0,5.5,1.1,22.0,6.0,13.0,81.0,5.0,625.0
2022-10-25,De Kooy,235,5.7,227.0,14.1,1012.6,6.9,0.1,12.0,3.0,8.0,85.0,6.0,702.0
2022-10-26,De Kooy,235,6.1,199.0,14.8,1014.3,8.6,0.0,15.0,3.0,10.0,85.0,7.0,773.0
2022-10-27,De Kooy,235,4.5,167.0,16.0,1017.8,4.1,0.3,12.0,2.0,7.0,83.0,8.0,492.0
2022-10-28,De Kooy,235,4.5,207.0,15.4,1016.5,2.4,0.0,15.0,1.0,9.0,89.0,8.0,467.0
2022-10-29,De Kooy,235,3.0,170.0,15.2,1016.7,3.0,0.0,10.0,1.0,6.0,88.0,8.0,476.0
2022-10-30,De Kooy,235,3.6,212.0,15.2,1016.5,5.2,0.0,7.0,2.0,5.0,88.0,7.0,551.0
2022-10-31,De Kooy,235,4.3,147.0,13.4,1015.1,8.1,0.0,9.0,2.0,6.0,86.0,7.0,782.0
2022-11-01,De Kooy,235,11.0,205.0,13.9,1008.7,4.4,17.0,24.0,6.0,15.0,79.0,7.0,482.0
2022-11-02,De Kooy,235,9.5,224.0,12.5,1013.6,5.9,0.2,19.0,8.0,12.0,70.0,6.0,610.0
2022-11-03,De Kooy,235,6.7,181.0,12.3,1001.9,0.4,10.4,14.0,3.0,9.0,82.0,8.0,286.0
2022-11-04,De Kooy,235,3.3,300.0,10.8,1007.0,4.8,8.3,12.0,1.0,5.0,76.0,6.0,472.0
2022-11-05,De Kooy,235,6.8,219.0,11.0,1013.1,3.9,2.9,16.0,3.0,11.0,79.0,6.0,376.0
2022-11-06,De Kooy,235,9.1,198.0,11.1,1005.1,0.0,16.4,17.0,7.0,12.0,90.0,7.0,87.0
2022-11-07,De Kooy,235,9.2,214.0,13.4,1005.6,0.7,16.3,17.0,7.0,11.0,85.0,7.0,251.0
2022-11-08,De Kooy,235,8.3,188.0,12.7,1002.1,3.6,1.6,18.0,6.0,11.0,81.0,8.0,382.0
2022-11-09,De Kooy,235,8.7,227.0,12.7,1006.0,1.7,3.8,17.0,6.0,10.0,80.0,6.0,261.0
2022-11-10,De Kooy,235,8.3,228.0,13.6,1019.9,0.9,0.0,15.0,6.0,10.0,81.0,8.0,207.0
2022-11-11,De Kooy,235,7.2,211.0,11.7,1027.2,0.2,0.0,16.0,3.0,10.0,90.0,8.0,147.0
2022-11-12,De Kooy,235,2.4,141.0,9.2,1029.5,3.4,0.0,5.0,1.0,3.0,93.0,5.0,352.0
2022-11-13,De Kooy,235,3.4,84.0,9.6,1022.1,5.4,0.0,8.0,1.0,5.0,86.0,6.0,537.0
2022-11-14,De Kooy,235,4.5,124.0,6.8,1011.2,7.5,0.0,10.0,3.0,6.0,87.0,4.0,544.0
2022-11-15,De Kooy,235,5.8,155.0,10.0,1002.2,4.9,2.4,12.0,3.0,8.0,88.0,8.0,426.0
2022-11-16,De Kooy,235,5.6,143.0,10.4,995.9,6.8,6.8,16.0,2.0,10.0,86.0,5.0,509.0
2022-11-17,De Kooy,235,8.8,137.0,9.8,985.8,0.0,39.3,19.0,5.0,12.0,90.0,8.0,107.0
2022-11-18,De Kooy,235,5.8,115.0,7.1,1001.7,0.4,0.8,13.0,4.0,8.0,91.0,7.0,187.0
2022-11-19,De Kooy,235,6.5,91.0,1.8,1013.7,7.5,0.0,15.0,1.0,10.0,71.0,2.0,560.0
2022-11-20,De Kooy,235,3.4,135.0,0.6,1008.1,0.3,6.8,9.0,1.0,5.0,87.0,7.0,208.0
2022-11-21,De Kooy,235,4.7,138.0,4.1,998.2,0.0,3.7,12.0,2.0,8.0,95.0,7.0,179.0
2022-11-22,De Kooy,235,6.2,163.0,6.4,990.5,0.3,1.7,11.0,5.0,7.0,88.0,7.0,133.0
2022-11-23,De Kooy,235,6.4,175.0,8.2,994.8,3.5,2.1,13.0,4.0,8.0,90.0,7.0,346.0
2022-11-24,De Kooy,235,6.8,199.0,9.7,1005.4,5.9,7.2,17.0,5.0,9.0,83.0,6.0,401.0
2022-11-25,De Kooy,235,5.1,235.0,9.9,1014.3,5.0,0.7,11.0,3.0,7.0,84.0,4.0,371.0
2022-11-26,De Kooy,235,4.8,190.0,8.6,1024.9,2.7,0.0,12.0,3.0,7.0,92.0,7.0,334.0
2022-11-27,De Kooy,235,5.6,174.0,6.8,1015.6,0.0,8.0,11.0,3.0,8.0,91.0,8.0,97.0
2022-11-28,De Kooy,235,2.1,212.0,8.5,1009.6,1.9,2.1,7.0,1.0,5.0,94.0,8.0,232.0
2022-11-29,De Kooy,235,1.8,323.0,7.4,1018.9,2.5,0.0,8.0,0.0,4.0,91.0,7.0,267.0
2022-11-30,De Kooy,235,1.5,57.0,6.5,1025.6,0.0,0.0,4.0,1.0,2.0,93.0,6.0,199.0
2022-12-01,De Kooy,235,2.4,60.0,6.0,1028.4,6.0,0.1,7.0,1.0,4.0,85.0,5.0,379.0
2022-12-02,De Kooy,235,7.1,66.0,3.6,1026.6,3.3,0.0,13.0,4.0,9.0,79.0,7.0,307.0
2022-12-03,De Kooy,235,8.1,77.0,3.2,1022.4,0.0,0.0,14.0,7.0,9.0,78.0,8.0,159.0
2022-12-04,De Kooy,235,7.8,77.0,2.2,1019.7,0.0,0.0,14.0,7.0,10.0,82.0,8.0,51.0
2022-12-05,De Kooy,235,5.4,43.0,5.9,1020.9,0.2,0.1,12.0,3.0,8.0,89.0,8.0,148.0
2022-12-06,De Kooy,235,2.6,337.0,6.0,1019.0,2.1,2.8,9.0,1.0,4.0,83.0,7.0,224.0
2022-12-07,De Kooy,235,3.9,317.0,5.7,1014.4,4.0,1.8,14.0,2.0,5.0,75.0,6.0,263.0
2022-12-08,De Kooy,235,2.4,311.0,2.3,1006.6,2.1,2.0,11.0,0.0,5.0,85.0,5.0,236.0
2022-12-09,De Kooy,235,3.1,187.0,-0.2,1005.9,5.8,0.0,6.0,1.0,4.0,95.0,4.0,403.0
2022-12-10,De Kooy,235,3.0,176.0,0.8,1008.8,1.0,2.0,7.0,0.0,5.0,98.0,8.0,147.0
2022-12-11,De Kooy,235,3.6,168.0,1.0,1009.2,4.2,0.0,7.0,2.0,5.0,89.0,7.0,291.0
2022-12-12,De Kooy,235,2.8,162.0,-1.4,1011.7,6.3,0.0,5.0,2.0,3.0,88.0,1.0,358.0
2022-12-13,De Kooy,235,2.4,161.0,-2.3,1009.8,6.3,0.0,6.0,2.0,3.0,83.0,4.0,413.0
2022-12-14,De Kooy,235,1.8,228.0,-1.1,1003.9,6.5,0.5,8.0,1.0,3.0,83.0,2.0,478.0
2022-12-15,De Kooy,235,4.5,294.0,3.8,1007.0,3.9,1.8,11.0,2.0,7.0,75.0,5.0,265.0
2022-12-16,De Kooy,235,2.2,39.0,0.9,1016.4,5.4,0.0,8.0,0.0,5.0,80.0,3.0,337.0
2022-12-17,De Kooy,235,5.3,177.0,-1.5,1023.7,6.1,0.0,9.0,3.0,6.0,91.0,4.0,357.0
2022-12-18,De Kooy,235,5.2,157.0,-2.0,1022.3,0.7,0.8,12.0,3.0,8.0,85.0,8.0,131.0
2022-12-19,De Kooy,235,10.1,196.0,7.8,1010.9,0.0,3.8,18.0,7.0,12.0,89.0,8.0,78.0
2022-12-20,De Kooy,235,7.5,205.0,9.5,1008.0,0.2,1.4,19.0,2.0,13.0,90.0,8.0,76.0
2022-12-21,De Kooy,235,6.3,204.0,6.7,1006.6,4.2,0.5,15.0,2.0,10.0,94.0,7.0,273.0
2022-12-22,De Kooy,235,3.4,216.0,7.1,1002.4,4.9,1.3,10.0,1.0,6.0,94.0,7.0,302.0
2022-12-23,De Kooy,235,2.4,90.0,6.5,1002.3,0.0,12.0,7.0,1.0,5.0,97.0,8.0,46.0
2022-12-24,De Kooy,235,5.3,229.0,8.1,1009.4,4.4,0.0,12.0,3.0,8.0,92.0,5.0,250.0
2022-12-25,De Kooy,235,4.6,193.0,8.9,1009.6,0.0,1.5,12.0,2.0,7.0,95.0,8.0,76.0
2022-12-26,De Kooy,235,8.9,251.0,7.6,1011.9,3.4,1.6,18.0,6.0,13.0,77.0,6.0,238.0
2022-12-27,De Kooy,235,8.8,229.0,7.1,1018.5,4.0,0.8,18.0,6.0,12.0,79.0,6.0,254.0
2022-12-28,De Kooy,235,12.2,210.0,9.0,1002.8,0.0,9.1,23.0,8.0,15.0,92.0,8.0,87.0
2022-12-29,De Kooy,235,10.1,230.0,9.1,999.1,3.9,1.6,20.0,8.0,13.0,81.0,7.0,267.0
2022-12-30,De Kooy,235,9.6,199.0,8.2,1000.0,0.0,0.6,21.0,6.0,14.0,89.0,7.0,115.0
2022-12-31,De Kooy,235,10.5,216.0,11.3,1001.2,0.0,14.3,21.0,7.0,14.0,90.0,8.0,89.0
2023-01-01,De Kooy,235,8.1,214.0,10.3,1009.2,1.7,6.3,20.0,2.0,12.0,88.0,8.0,222.0
2023-01-02,De Kooy,235,5.0,264.0,7.7,1015.0,1.1,2.9,10.0,2.0,7.0,85.0,6.0,169.0
2023-01-03,De Kooy,235,7.0,195.0,6.4,1021.6,1.4,2.1,21.0,3.0,15.0,86.0,7.0,125.0
2023-01-04,De Kooy,235,11.8,229.0,10.6,1010.1,0.5,18.1,22.0,10.0,15.0,90.0,8.0,163.0
2023-01-05,De Kooy,235,7.0,244.0,9.8,1016.3,1.8,0.2,14.0,5.0,9.0,89.0,8.0,200.0
2023-01-06,De Kooy,235,8.4,220.0,9.2,1013.5,3.4,1.2,19.0,5.0,14.0,89.0,7.0,257.0
2023-01-07,De Kooy,235,9.1,189.0,9.9,1005.4,2.0,2.1,21.0,8.0,11.0,83.0,8.0,206.0
2023-01-08,De Kooy,235,8.0,195.0,7.8,995.8,6.3,1.6,17.0,6.0,11.0,82.0,4.0,365.0
2023-01-09,De Kooy,235,5.8,249.0,7.2,997.9,2.6,2.0,15.0,3.0,8.0,83.0,7.0,243.0
2023-01-10,De Kooy,235,9.3,210.0,7.9,1008.7,0.5,5.2,21.0,5.0,15.0,87.0,8.0,104.0
2023-01-11,De Kooy,235,9.1,235.0,9.4,1005.4,5.9,0.4,19.0,7.0,13.0,83.0,6.0,356.0
2023-01-12,De Kooy,235,11.1,228.0,10.0,999.7,0.0,6.9,22.0,9.0,15.0,89.0,7.0,133.0
2023-01-13,De Kooy,235,12.2,252.0,8.9,1003.2,0.0,0.5,21.0,9.0,14.0,73.0,7.0,132.0
2023-01-14,De Kooy,235,9.5,222.0,7.9,999.0,0.0,9.6,22.0,5.0,15.0,85.0,8.0,65.0
2023-01-15,De Kooy,235,10.7,246.0,6.5,994.5,0.6,4.5,23.0,5.0,16.0,75.0,7.0,159.0
2023-01-16,De Kooy,235,5.0,129.0,3.6,982.4,0.0,10.8,16.0,1.0,8.0,90.0,8.0,65.0
2023-01-17,De Kooy,235,6.0,276.0,3.6,986.1,5.8,1.0,14.0,4.0,8.0,63.0,3.0,440.0
2023-01-18,De Kooy,235,8.5,250.0,4.4,992.3,1.6,4.5,19.0,6.0,12.0,76.0,6.0,230.0
2023-01-19,De Kooy,235,5.5,286.0,3.8,1003.4,4.3,2.1,18.0,1.0,9.0,73.0,5.0,392.0
2023-01-20,De Kooy,235,4.8,128.0,1.6,1015.6,0.7,0.9,9.0,4.0,6.0,89.0,8.0,184.0
2023-01-21,De Kooy,235,1.6,22.0,0.5,1032.8,4.6,0.0,7.0,0.0,4.0,89.0,3.0,424.0
2023-01-22,De Kooy,235,4.6,45.0,2.8,1034.9,0.0,0.0,10.0,2.0,6.0,79.0,8.0,188.0
2023-01-23,De Kooy,235,3.0,78.0,3.2,1038.2,0.0,0.1,6.0,2.0,4.0,83.0,8.0,154.0
2023-01-24,De Kooy,235,2.6,110.0,2.0,1039.3,0.0,0.0,6.0,1.0,4.0,85.0,8.0,119.0
2023-01-25,De Kooy,235,3.9,193.0,2.2,1030.5,0.0,3.2,8.0,2.0,6.0,92.0,8.0,155.0
2023-01-26,De Kooy,235,4.4,7.0,6.3,1025.8,3.4,1.3,11.0,1.0,6.0,85.0,7.0,350.0
2023-01-27,De Kooy,235,4.2,49.0,3.8,1029.3,0.7,0.0,11.0,1.0,7.0,80.0,7.0,263.0
2023-01-28,De Kooy,235,2.2,237.0,4.2,1029.9,3.6,0.0,7.0,1.0,5.0,76.0,7.0,425.0
2023-01-29,De Kooy,235,7.5,245.0,6.5,1022.0,0.5,0.2,15.0,5.0,9.0,84.0,8.0,203.0
2023-01-30,De Kooy,235,9.0,293.0,7.2,1017.8,6.6,0.6,20.0,4.0,12.0,75.0,4.0,551.0
2023-01-31,De Kooy,235,9.3,261.0,7.5,1018.5,4.9,0.0,17.0,6.0,11.0,78.0,5.0,481.0
2023-02-01,De Kooy,235,11.0,277.0,7.5,1016.4,2.7,0.6,21.0,6.0,14.0,78.0,6.0,256.0
2023-02-02,De Kooy,235,7.5,265.0,8.1,1021.3,0.0,1.6,15.0,5.0,9.0,88.0,8.0,208.0
2023-02-03,De Kooy,235,7.5,276.0,8.5,1025.7,0.2,0.0,17.0,4.0,11.0,82.0,8.0,203.0
2023-02-04,De Kooy,235,2.1,246.0,7.3,1035.8,1.2,0.7,6.0,1.0,3.0,91.0,8.0,373.0
2023-02-05,De Kooy,235,5.4,344.0,6.8,1040.3,7.2,2.1,14.0,3.0,8.0,81.0,7.0,619.0
2023-02-06,De Kooy,235,1.6,347.0,4.5,1041.7,5.8,0.0,5.0,0.0,3.0,89.0,4.0,602.0
2023-02-07,De Kooy,235,1.8,182.0,1.6,1039.7,8.5,0.0,5.0,0.0,4.0,89.0,1.0,735.0
2023-02-08,De Kooy,235,3.0,170.0,0.9,1035.3,8.5,0.0,7.0,1.0,5.0,75.0,4.0,794.0
2023-02-09,De Kooy,235,4.3,249.0,4.4,1030.7,1.3,0.0,9.0,3.0,6.0,82.0,8.0,246.0
2023-02-10,De Kooy,235,6.1,242.0,6.4,1033.4,6.1,0.0,15.0,3.0,9.0,82.0,8.0,601.0
2023-02-11,De Kooy,235,4.4,272.0,7.1,1034.0,1.3,0.0,9.0,2.0,6.0,91.0,5.0,414.0
2023-02-12,De Kooy,235,1.6,239.0,6.0,1038.4,0.0,0.0,7.0,1.0,4.0,82.0,8.0,255.0
2023-02-13,De Kooy,235,2.1,107.0,6.1,1036.2,1.0,0.0,6.0,1.0,3.0,86.0,5.0,330.0
2023-02-14,De Kooy,235,1.6,212.0,4.3,1031.9,7.9,0.0,6.0,0.0,4.0,92.0,3.0,805.0
2023-02-15,De Kooy,235,4.0,202.0,5.3,1024.1,8.6,0.0,10.0,1.0,6.0,85.0,7.0,714.0
2023-02-16,De Kooy,235,6.9,219.0,8.3,1019.1,0.4,1.1,15.0,5.0,9.0,91.0,8.0,364.0
2023-02-17,De Kooy,235,8.0,241.0,9.0,1016.7,3.1,0.0,19.0,3.0,12.0,89.0,8.0,481.0
2023-02-18,De Kooy,235,7.8,246.0,9.1,1016.0,2.5,1.0,15.0,5.0,11.0,90.0,8.0,478.0
2023-02-19,De Kooy,235,4.7,267.0,7.1,1022.2,1.7,0.5,12.0,2.0,7.0,86.0,8.0,447.0
2023-02-20,De Kooy,235,8.9,238.0,8.4,1019.0,5.0,0.0,16.0,7.0,10.0,89.0,6.0,770.0
2023-02-21,De Kooy,235,4.5,235.0,8.0,1017.2,0.0,0.1,10.0,2.0,7.0,93.0,7.0,216.0
2023-02-22,De Kooy,235,3.3,194.0,6.8,1011.6,0.6,0.0,7.0,2.0,5.0,89.0,8.0,384.0
2023-02-23,De Kooy,235,3.1,336.0,6.3,1015.5,0.7,0.1,10.0,1.0,5.0,83.0,7.0,286.0
2023-02-24,De Kooy,235,7.0,303.0,6.0,1007.7,4.7,3.3,15.0,5.0,9.0,78.0,7.0,626.0
2023-02-25,De Kooy,235,5.8,12.0,5.1,1013.6,6.6,0.3,15.0,3.0,8.0,65.0,4.0,899.0
2023-02-26,De Kooy,235,6.2,50.0,4.6,1026.5,9.9,0.0,14.0,4.0,9.0,63.0,3.0,1119.0
2023-02-27,De Kooy,235,3.4,43.0,3.9,1031.5,9.2,0.0,9.0,0.0,6.0,78.0,3.0,1141.0
2023-02-28,De Kooy,235,2.5,40.0,3.8,1032.0,4.3,0.0,9.0,1.0,5.0,83.0,4.0,625.0
2023-03-01,De Kooy,235,3.5,54.0,3.2,1029.0,8.4,0.0,10.0,0.0,7.0,87.0,4.0,1147.0
2023-03-02,De Kooy,235,5.3,49.0,4.0,1026.2,4.2,0.0,10.0,3.0,7.0,88.0,4.0,738.0
2023-03-03,De Kooy,235,3.4,358.0,5.6,1026.7,2.5,0.0,9.0,3.0,4.0,73.0,6.0,608.0
2023-03-04,De Kooy,235,4.0,343.0,5.8,1024.9,1.4,1.9,11.0,3.0,6.0,78.0,8.0,597.0
2023-03-05,De Kooy,235,3.2,304.0,4.5,1015.1,7.6,0.8,9.0,2.0,5.0,77.0,8.0,988.0
2023-03-06,De Kooy,235,5.5,246.0,4.1,1002.2,3.9,7.4,15.0,1.0,10.0,81.0,8.0,718.0
2023-03-07,De Kooy,235,5.3,293.0,3.6,996.8,2.5,2.2,14.0,3.0,9.0,71.0,6.0,620.0
2023-03-08,De Kooy,235,4.0,87.0,2.2,995.1,3.3,0.0,10.0,0.0,7.0,73.0,8.0,753.0
2023-03-09,De Kooy,235,6.1,83.0,2.3,995.4,1.2,4.0,14.0,4.0,10.0,83.0,8.0,589.0
2023-03-10,De Kooy,235,8.8,33.0,1.6,994.6,0.0,13.7,19.0,4.0,14.0,86.0,8.0,200.0
2023-03-11,De Kooy,235,3.1,266.0,2.7,1010.0,9.0,0.7,11.0,1.0,6.0,72.0,6.0,1186.0
2023-03-12,De Kooy,235,7.3,212.0,6.1,1004.6,3.7,0.9,16.0,3.0,10.0,88.0,8.0,690.0
2023-03-13,De Kooy,235,13.3,218.0,10.2,989.8,7.4,2.7,24.0,10.0,16.0,82.0,5.0,1136.0
2023-03-14,De Kooy,235,7.5,294.0,5.9,998.4,7.3,7.2,16.0,5.0,10.0,72.0,7.0,1182.0
2023-03-15,De Kooy,235,3.8,227.0,4.2,1016.2,11.0,0.0,10.0,1.0,6.0,73.0,5.0,1435.0
2023-03-16,De Kooy,235,6.6,173.0,7.9,1010.0,1.2,1.1,14.0,4.0,9.0,71.0,8.0,499.0
2023-03-17,De Kooy,235,3.8,197.0,9.7,1005.9,2.1,0.3,12.0,1.0,7.0,80.0,8.0,739.0
2023-03-18,De Kooy,235,4.0,199.0,11.0,1008.6,5.4,3.5,10.0,2.0,6.0,86.0,8.0,1111.0
2023-03-19,De Kooy,235,4.2,234.0,7.7,1014.1,0.0,0.0,10.0,2.0,6.0,95.0,7.0,449.0
2023-03-20,De Kooy,235,6.5,219.0,7.9,1015.9,0.2,1.6,13.0,5.0,9.0,92.0,8.0,421.0
2023-03-21,De Kooy,235,8.2,210.0,9.1,1010.0,1.4,3.5,16.0,6.0,10.0,90.0,7.0,683.0
2023-03-22,De Kooy,235,10.6,209.0,9.9,1002.1,0.0,2.8,20.0,9.0,13.0,89.0,8.0,357.0
2023-03-23,De Kooy,235,9.7,215.0,10.7,998.9,9.0,9.2,19.0,4.0,12.0,85.0,6.0,1537.0
2023-03-24,De Kooy,235,10.1,224.0,9.7,997.6,11.0,1.7,20.0,9.0,12.0,86.0,4.0,1702.0
2023-03-25,De Kooy,235,9.3,246.0,8.6,1000.5,5.2,2.2,19.0,4.0,13.0,84.0,7.0,997.0
2023-03-26,De Kooy,235,4.8,23.0,6.2,1007.5,3.8,0.4,13.0,1.0,7.0,72.0,7.0,1063.0
2023-03-27,De Kooy,235,5.5,317.0,5.0,1021.9,10.7,1.0,13.0,3.0,8.0,68.0,3.0,1635.0
2023-03-28,De Kooy,235,4.7,195.0,5.1,1021.5,3.0,2.7,12.0,1.0,8.0,74.0,7.0,782.0
2023-03-29,De Kooy,235,5.9,196.0,9.5,1010.0,0.0,1.4,13.0,4.0,8.0,90.0,8.0,560.0
2023-03-30,De Kooy,235,9.2,223.0,10.2,1002.6,6.2,0.0,17.0,7.0,11.0,88.0,6.0,1356.0
2023-03-31,De Kooy,235,6.4,179.0,10.3,991.6,0.9,9.7,16.0,4.0,10.0,92.0,8.0,703.0
2023-04-01,De Kooy,235,7.4,36.0,8.2,1001.4,0.2,1.2,16.0,4.0,10.0,91.0,8.0,654.0
2023-04-02,De Kooy,235,9.5,55.0,5.7,1025.3,12.0,0.0,17.0,6.0,12.0,69.0,2.0,2000.0
2023-04-03,De Kooy,235,5.9,84.0,5.8,1032.4,12.2,0.0,12.0,4.0,8.0,61.0,3.0,2078.0
2023-04-04,De Kooy,235,2.5,66.0,5.7,1028.7,11.6,0.0,6.0,1.0,4.0,65.0,5.0,1993.0
2023-04-05,De Kooy,235,2.4,119.0,6.1,1021.8,12.5,0.0,8.0,1.0,4.0,67.0,4.0,1910.0
2023-04-06,De Kooy,235,5.2,174.0,7.3,1013.6,0.0,4.3,12.0,3.0,8.0,82.0,8.0,579.0
2023-04-07,De Kooy,235,3.4,328.0,8.3,1017.9,0.1,0.0,9.0,1.0,5.0,92.0,6.0,622.0
2023-04-08,De Kooy,235,4.1,58.0,7.4,1026.0,8.1,0.0,7.0,3.0,5.0,85.0,4.0,1678.0
2023-04-09,De Kooy,235,3.1,123.0,9.5,1023.7,3.5,0.0,7.0,2.0,5.0,80.0,7.0,769.0
2023-04-10,De Kooy,235,7.8,191.0,10.1,1011.1,0.4,8.1,19.0,4.0,13.0,78.0,8.0,628.0
2023-04-11,De Kooy,235,8.6,242.0,8.9,1008.4,9.4,0.6,16.0,5.0,11.0,75.0,6.0,1893.0
2023-04-12,De Kooy,235,7.5,194.0,8.7,995.6,7.6,7.2,17.0,5.0,10.0,77.0,6.0,1584.0
2023-04-13,De Kooy,235,8.1,229.0,8.0,999.5,6.8,5.2,18.0,3.0,12.0,80.0,4.0,1489.0
2023-04-14,De Kooy,235,5.1,120.0,9.3,1008.3,10.8,0.0,10.0,3.0,7.0,74.0,4.0,1820.0
2023-04-15,De Kooy,235,5.8,20.0,8.8,1017.1,8.1,0.1,12.0,4.0,7.0,80.0,6.0,1724.0
2023-04-16,De Kooy,235,4.2,358.0,8.2,1025.3,0.0,0.0,9.0,3.0,5.0,91.0,8.0,488.0
2023-04-17,De Kooy,235,4.3,34.0,8.6,1028.5,5.4,0.0,10.0,3.0,7.0,89.0,4.0,1294.0
2023-04-18,De Kooy,235,8.4,62.0,10.0,1029.0,9.0,0.0,14.0,6.0,10.0,71.0,2.0,2022.0
2023-04-19,De Kooy,235,8.8,60.0,9.9,1028.1,13.2,0.0,15.0,6.0,11.0,65.0,2.0,2383.0
2023-04-20,De Kooy,235,8.5,53.0,9.0,1020.8,5.6,0.1,15.0,5.0,11.0,77.0,6.0,1230.0
2023-04-21,De Kooy,235,5.2,79.0,11.0,1012.6,0.6,14.5,20.0,2.0,8.0,82.0,8.0,715.0
2023-04-22,De Kooy,235,2.8,202.0,8.6,1006.8,5.6,1.3,6.0,2.0,4.0,88.0,6.0,1095.0
2023-04-23,De Kooy,235,4.4,183.0,10.9,1002.1,6.2,14.0,12.0,2.0,8.0,88.0,7.0,1606.0
2023-04-24,De Kooy,235,6.6,302.0,8.3,1004.6,1.3,5.5,15.0,3.0,10.0,84.0,8.0,1034.0
2023-04-25,De Kooy,235,5.0,321.0,6.8,1015.5,8.0,0.6,13.0,3.0,7.0,67.0,5.0,1910.0
2023-04-26,De Kooy,235,2.9,305.0,6.4,1019.6,8.7,0.0,9.0,0.0,4.0,68.0,6.0,1857.0
2023-04-27,De Kooy,235,4.0,108.0,8.2,1019.3,5.4,0.0,11.0,2.0,8.0,68.0,8.0,1747.0
2023-04-28,De Kooy,235,4.5,74.0,9.0,1011.3,0.2,2.2,9.0,2.0,6.0,87.0,8.0,585.0
2023-04-29,De Kooy,235,3.3,11.0,10.0,1020.9,13.7,0.0,7.0,2.0,4.0,75.0,2.0,2557.0
2023-04-30,De Kooy,235,2.8,90.0,10.6,1022.4,9.9,0.0,7.0,1.0,4.0,81.0,7.0,2131.0
2023-05-01,De Kooy,235,3.1,293.0,10.9,1016.8,3.0,0.0,10.0,1.0,6.0,82.0,7.0,1087.0
2023-05-02,De Kooy,235,3.7,348.0,8.2,1027.0,2.5,0.0,10.0,1.0,5.0,67.0,7.0,1456.0
2023-05-03,De Kooy,235,5.1,57.0,9.0,1028.6,8.8,0.0,13.0,2.0,9.0,67.0,8.0,2216.0
2023-05-04,De Kooy,235,5.9,76.0,12.3,1019.2,9.5,0.0,11.0,4.0,7.0,72.0,8.0,2137.0
2023-05-05,De Kooy,235,3.0,227.0,12.9,1015.5,6.4,2.0,8.0,1.0,5.0,85.0,6.0,1476.0
2023-05-06,De Kooy,235,2.8,93.0,14.1,1016.2,9.2,4.5,7.0,1.0,4.0,86.0,7.0,2102.0
2023-05-07,De Kooy,235,2.9,113.0,14.9,1018.0,2.4,8.9,8.0,0.0,5.0,90.0,7.0,1294.0
2023-05-08,De Kooy,235,3.2,220.0,13.0,1020.0,3.9,0.0,8.0,0.0,5.0,91.0,8.0,1429.0
2023-05-09,De Kooy,235,4.5,201.0,12.9,1010.3,0.0,15.0,9.0,3.0,6.0,95.0,8.0,444.0
2023-05-10,De Kooy,235,2.6,280.0,10.8,1011.3,1.9,0.0,8.0,1.0,5.0,96.0,8.0,1374.0
2023-05-11,De Kooy,235,3.7,35.0,12.2,1016.3,7.5,1.8,10.0,1.0,6.0,89.0,8.0,2032.0
2023-05-12,De Kooy,235,5.2,22.0,13.7,1020.2,6.2,3.8,11.0,3.0,7.0,87.0,6.0,1742.0
2023-05-13,De Kooy,235,4.8,22.0,13.4,1022.9,14.5,0.0,10.0,3.0,7.0,81.0,1.0,2744.0
2023-05-14,De Kooy,235,3.5,7.0,11.4,1018.7,8.2,0.0,9.0,1.0,5.0,89.0,8.0,2079.0
2023-05-15,De Kooy,235,4.0,328.0,10.0,1016.3,0.2,0.3,14.0,1.0,8.0,88.0,7.0,681.0
2023-05-16,De Kooy,235,5.0,312.0,10.7,1022.2,9.9,0.0,11.0,3.0,6.0,75.0,6.0,2166.0
2023-05-17,De Kooy,235,3.5,2.0,9.7,1028.2,12.0,0.0,8.0,2.0,5.0,65.0,5.0,2429.0
2023-05-18,De Kooy,235,4.4,68.0,10.5,1029.3,10.8,0.0,11.0,2.0,7.0,69.0,8.0,2497.0
2023-05-19,De Kooy,235,5.6,46.0,12.9,1027.4,13.7,0.0,14.0,3.0,10.0,74.0,6.0,2764.0
2023-05-20,De Kooy,235,7.1,44.0,14.0,1024.2,13.8,0.0,14.0,5.0,9.0,78.0,1.0,2738.0
2023-05-21,De Kooy,235,4.9,25.0,14.3,1018.9,9.1,0.0,11.0,2.0,7.0,84.0,5.0,2156.0
2023-05-22,De Kooy,235,4.3,357.0,15.6,1016.8,10.2,0.0,11.0,1.0,6.0,86.0,4.0,2375.0
2023-05-23,De Kooy,235,5.1,345.0,11.4,1023.8,10.3,0.0,13.0,2.0,7.0,74.0,6.0,2287.0
2023-05-24,De Kooy,235,3.2,333.0,12.3,1025.2,12.7,0.0,8.0,2.0,5.0,75.0,4.0,2414.0
2023-05-25,De Kooy,235,5.0,29.0,12.3,1029.7,9.7,0.0,11.0,2.0,7.0,74.0,6.0,2565.0
2023-05-26,De Kooy,235,6.1,42.0,12.2,1032.1,12.9,0.0,11.0,5.0,7.0,69.0,4.0,2672.0
2023-05-27,De Kooy,235,4.8,54.0,12.7,1026.9,12.0,0.0,9.0,4.0,6.0,79.0,4.0,2758.0
2023-05-28,De Kooy,235,5.7,33.0,13.7,1024.0,13.8,0.0,12.0,3.0,7.0,75.0,3.0,2802.0
2023-05-29,De Kooy,235,6.2,29.0,12.0,1027.8,8.9,0.0,12.0,5.0,7.0,68.0,7.0,2403.0
2023-05-30,De Kooy,235,4.8,25.0,11.9,1028.6,0.9,0.0,10.0,4.0,6.0,78.0,8.0,922.0
2023-05-31,De Kooy,235,5.3,38.0,12.7,1027.1,6.6,0.0,11.0,3.0,7.0,82.0,7.0,2240.0
2023-06-01,De Kooy,235,4.7,9.0,11.5,1024.3,0.1,0.0,9.0,4.0,5.0,77.0,8.0,924.0
2023-06-02,De Kooy,235,5.3,23.0,13.1,1023.3,8.6,0.0,11.0,4.0,7.0,75.0,4.0,2230.0
2023-06-03,De Kooy,235,5.0,49.0,15.3,1023.7,14.6,0.0,10.0,3.0,7.0,61.0,1.0,2977.0
2023-06-04,De Kooy,235,5.1,36.0,13.8,1024.5,14.0,0.0,10.0,4.0,6.0,75.0,4.0,2889.0
2023-06-05,De Kooy,235,4.0,22.0,12.8,1023.8,6.6,0.0,8.0,3.0,5.0,72.0,6.0,2007.0
2023-06-06,De Kooy,235,5.6,33.0,13.1,1022.9,12.2,0.0,11.0,4.0,7.0,75.0,4.0,2850.0
2023-06-07,De Kooy,235,5.3,34.0,13.3,1022.2,10.0,0.0,10.0,4.0,7.0,77.0,6.0,2610.0
2023-06-08,De Kooy,235,7.3,44.0,14.2,1019.2,12.5,0.0,13.0,5.0,9.0,79.0,2.0,2856.0
2023-06-09,De Kooy,235,7.2,50.0,17.3,1016.2,15.0,0.0,12.0,5.0,9.0,78.0,0.0,2903.0
2023-06-10,De Kooy,235,5.4,54.0,19.1,1016.9,15.5,0.0,11.0,3.0,7.0,77.0,0.0,3089.0
2023-06-11,De Kooy,235,3.9,69.0,22.7,1016.0,15.5,0.0,7.0,3.0,5.0,66.0,2.0,2920.0
2023-06-12,De Kooy,235,4.5,57.0,21.3,1016.3,14.0,0.0,10.0,3.0,6.0,68.0,5.0,2878.0
2023-06-13,De Kooy,235,6.0,56.0,20.3,1016.1,15.5,0.0,12.0,3.0,8.0,61.0,0.0,3052.0
2023-06-14,De Kooy,235,6.6,65.0,20.0,1018.8,15.7,0.0,12.0,5.0,9.0,61.0,0.0,3014.0
2023-06-15,De Kooy,235,3.5,41.0,20.0,1020.5,15.7,0.0,7.0,1.0,4.0,65.0,0.0,3009.0
2023-06-16,De Kooy,235,2.9,338.0,18.6,1019.2,15.7,0.0,7.0,1.0,5.0,62.0,0.0,3010.0
2023-06-17,De Kooy,235,2.8,32.0,18.3,1015.5,15.0,0.0,7.0,1.0,5.0,77.0,4.0,2826.0
2023-06-18,De Kooy,235,4.1,104.0,22.5,1011.5,2.0,0.0,9.0,3.0,6.0,63.0,8.0,1444.0
2023-06-19,De Kooy,235,5.5,222.0,18.6,1011.1,7.7,0.0,14.0,1.0,9.0,78.0,7.0,2104.0
2023-06-20,De Kooy,235,4.2,135.0,21.4,1010.5,5.4,6.6,14.0,2.0,6.0,77.0,7.0,1941.0
2023-06-21,De Kooy,235,4.4,234.0,17.5,1016.4,13.1,0.0,10.0,1.0,7.0,88.0,5.0,2804.0
2023-06-22,De Kooy,235,3.7,27.0,18.6,1018.6,7.4,0.0,11.0,1.0,7.0,80.0,7.0,1838.0
2023-06-23,De Kooy,235,2.8,300.0,18.7,1023.1,11.9,0.0,7.0,1.0,4.0,74.0,5.0,2806.0
2023-06-24,De Kooy,235,3.3,244.0,20.2,1023.0,14.6,0.0,8.0,1.0,6.0,73.0,1.0,2931.0
2023-06-25,De Kooy,235,3.3,162.0,24.7,1015.7,15.7,0.0,8.0,1.0,5.0,56.0,0.0,2955.0
2023-06-26,De Kooy,235,6.1,272.0,17.9,1016.7,13.8,0.0,13.0,3.0,9.0,73.0,3.0,2810.0
2023-06-27,De Kooy,235,4.9,268.0,17.1,1019.4,5.0,0.6,11.0,3.0,7.0,72.0,8.0,2050.0
2023-06-28,De Kooy,235,4.2,215.0,18.1,1016.8,4.2,1.4,8.0,3.0,6.0,86.0,8.0,1628.0
2023-06-29,De Kooy,235,4.5,265.0,16.9,1013.9,0.8,2.8,11.0,3.0,6.0,87.0,7.0,642.0
2023-06-30,De Kooy,235,6.6,234.0,17.4,1011.1,10.0,0.3,15.0,2.0,9.0,71.0,5.0,2538.0
2023-07-01,De Kooy,235,7.7,258.0,17.4,1003.2,1.8,5.7,15.0,6.0,9.0,82.0,7.0,1188.0
2023-07-02,De Kooy,235,8.8,260.0,16.9,1008.0,7.8,0.0,16.0,7.0,11.0,62.0,6.0,2127.0
2023-07-03,De Kooy,235,9.0,252.0,16.0,1007.8,4.5,3.3,23.0,7.0,12.0,67.0,6.0,1984.0
2023-07-04,De Kooy,235,6.8,244.0,16.4,1009.5,5.5,1.5,13.0,2.0,9.0,68.0,7.0,2180.0
2023-07-05,De Kooy,235,8.3,250.0,14.7,1004.9,4.2,16.5,27.0,5.0,17.0,80.0,6.0,1230.0
2023-07-06,De Kooy,235,4.4,227.0,16.6,1016.6,14.9,0.0,11.0,2.0,7.0,73.0,6.0,2890.0
2023-07-07,De Kooy,235,4.3,118.0,20.7,1019.2,15.5,0.0,11.0,1.0,7.0,61.0,1.0,2972.0
2023-07-08,De Kooy,235,3.6,79.0,22.9,1016.9,14.0,0.0,8.0,1.0,5.0,68.0,3.0,2760.0
2023-07-09,De Kooy,235,3.0,309.0,20.3,1018.7,3.4,5.6,12.0,1.0,7.0,81.0,8.0,1628.0
2023-07-10,De Kooy,235,4.7,236.0,18.9,1019.6,12.4,0.0,11.0,3.0,8.0,72.0,5.0,2838.0
2023-07-11,De Kooy,235,6.3,214.0,19.8,1010.6,5.7,0.0,16.0,3.0,11.0,74.0,8.0,2089.0
2023-07-12,De Kooy,235,7.3,241.0,18.0,1009.9,11.4,0.0,15.0,4.0,9.0,78.0,5.0,2548.0
2023-07-13,De Kooy,235,6.0,244.0,17.9,1015.1,11.6,0.0,12.0,4.0,9.0,77.0,4.0,2686.0
2023-07-14,De Kooy,235,5.0,168.0,19.1,1011.2,4.8,0.2,10.0,3.0,6.0,73.0,8.0,1614.0
2023-07-15,De Kooy,235,8.7,218.0,20.1,1003.5,9.1,0.3,20.0,4.0,12.0,69.0,6.0,2331.0
2023-07-16,De Kooy,235,11.5,225.0,18.5,1009.7,10.7,0.0,21.0,8.0,14.0,68.0,7.0,2377.0
2023-07-17,De Kooy,235,7.5,247.0,17.7,1016.9,13.1,0.4,14.0,3.0,10.0,72.0,5.0,2753.0
2023-07-18,De Kooy,235,2.5,238.0,18.0,1017.5,6.8,0.0,8.0,1.0,5.0,79.0,8.0,2068.0
2023-07-19,De Kooy,235,2.9,296.0,17.0,1013.7,3.7,1.8,8.0,2.0,4.0,77.0,7.0,1703.0
2023-07-20,De Kooy,235,2.3,298.0,16.0,1014.6,10.7,3.3,7.0,1.0,4.0,74.0,5.0,2414.0
2023-07-21,De Kooy,235,4.5,268.0,15.7,1011.6,5.7,0.4,11.0,1.0,7.0,75.0,7.0,1732.0
2023-07-22,De Kooy,235,5.7,229.0,15.9,1010.4,0.0,14.1,18.0,1.0,11.0,83.0,8.0,688.0
2023-07-23,De Kooy,235,8.8,215.0,17.7,1003.0,5.8,11.8,17.0,7.0,11.0,88.0,7.0,1385.0
2023-07-24,De Kooy,235,4.9,287.0,16.7,1003.2,3.1,0.2,11.0,3.0,7.0,79.0,7.0,1166.0
2023-07-25,De Kooy,235,4.9,299.0,15.7,1008.3,10.3,0.0,11.0,2.0,7.0,66.0,6.0,2197.0
2023-07-26,De Kooy,235,5.4,254.0,16.2,1010.7,11.0,1.3,12.0,3.0,8.0,74.0,6.0,2385.0
2023-07-27,De Kooy,235,5.3,230.0,17.1,1002.8,0.0,14.0,11.0,2.0,7.0,94.0,8.0,708.0
2023-07-28,De Kooy,235,4.5,240.0,19.0,1005.5,6.2,0.1,9.0,3.0,6.0,87.0,7.0,1720.0
2023-07-29,De Kooy,235,6.4,230.0,18.8,1005.7,7.3,0.0,12.0,4.0,8.0,83.0,7.0,1943.0
2023-07-30,De Kooy,235,8.8,244.0,18.0,1008.1,6.8,0.9,16.0,6.0,12.0,75.0,7.0,1954.0
2023-07-31,De Kooy,235,8.0,245.0,17.9,1002.1,0.5,15.9,15.0,5.0,9.0,90.0,8.0,810.0
2023-08-01,De Kooy,235,7.7,268.0,16.4,998.3,5.5,18.7,15.0,2.0,10.0,85.0,8.0,1402.0
2023-08-02,De Kooy,235,6.6,196.0,17.0,989.8,3.8,26.1,17.0,2.0,11.0,89.0,8.0,1241.0
2023-08-03,De Kooy,235,5.1,311.0,17.0,999.4,2.9,0.5,16.0,2.0,9.0,84.0,7.0,1127.0
2023-08-04,De Kooy,235,3.6,322.0,16.9,1014.1,5.5,0.3,10.0,0.0,6.0,79.0,7.0,1760.0
2023-08-05,De Kooy,235,3.7,173.0,15.6,1009.8,2.6,6.2,12.0,1.0,6.0,84.0,8.0,903.0
2023-08-06,De Kooy,235,5.8,321.0,15.4,1008.1,0.9,24.8,18.0,2.0,10.0,86.0,8.0,1046.0
2023-08-07,De Kooy,235,7.9,291.0,16.0,1014.2,11.4,1.8,17.0,6.0,10.0,71.0,5.0,2187.0
2023-08-08,De Kooy,235,7.1,277.0,16.1,1011.7,11.3,0.0,17.0,3.0,11.0,70.0,5.0,2162.0
2023-08-09,De Kooy,235,3.9,280.0,16.2,1016.5,12.0,0.0,11.0,1.0,7.0,72.0,5.0,2393.0
2023-08-10,De Kooy,235,3.2,220.0,17.4,1020.6,5.0,0.0,10.0,0.0,7.0,74.0,6.0,1578.0
2023-08-11,De Kooy,235,5.0,212.0,19.5,1018.0,10.3,0.0,11.0,3.0,8.0,81.0,6.0,2025.0
2023-08-12,De Kooy,235,5.8,222.0,18.8,1014.4,7.9,4.2,13.0,3.0,9.0,86.0,6.0,1817.0
2023-08-13,De Kooy,235,6.0,219.0,18.2,1014.7,6.9,0.0,12.0,3.0,8.0,82.0,8.0,1702.0
2023-08-14,De Kooy,235,3.8,189.0,19.7,1012.9,6.5,0.0,10.0,2.0,6.0,73.0,7.0,1904.0
2023-08-15,De Kooy,235,4.2,247.0,18.3,1015.8,13.3,0.0,10.0,1.0,7.0,80.0,2.0,2377.0
2023-08-16,De Kooy,235,3.7,48.0,17.9,1021.9,13.0,0.0,10.0,1.0,7.0,82.0,6.0,2299.0
2023-08-17,De Kooy,235,7.5,57.0,18.4,1021.1,8.5,0.0,13.0,6.0,9.0,78.0,6.0,2011.0
2023-08-18,De Kooy,235,4.2,82.0,19.2,1016.1,3.7,0.0,9.0,3.0,6.0,85.0,8.0,1205.0
2023-08-19,De Kooy,235,5.0,210.0,20.3,1014.9,5.0,0.0,12.0,3.0,8.0,85.0,5.0,1388.0
2023-08-20,De Kooy,235,3.6,233.0,18.2,1022.0,13.3,0.0,8.0,1.0,6.0,86.0,1.0,2321.0
2023-08-21,De Kooy,235,2.6,237.0,18.0,1022.6,12.8,0.0,7.0,1.0,4.0,81.0,3.0,2281.0
2023-08-22,De Kooy,235,4.1,231.0,17.8,1019.9,8.1,0.0,10.0,2.0,6.0,87.0,4.0,1773.0
2023-08-23,De Kooy,235,2.7,270.0,18.3,1019.5,11.8,0.0,7.0,1.0,4.0,82.0,6.0,2157.0
2023-08-24,De Kooy,235,3.1,149.0,18.9,1012.7,2.2,13.8,8.0,1.0,5.0,91.0,7.0,442.0
2023-08-25,De Kooy,235,2.3,319.0,18.1,1007.9,1.4,0.0,7.0,1.0,4.0,84.0,7.0,994.0
2023-08-26,De Kooy,235,3.7,202.0,15.8,1008.6,7.2,3.3,11.0,2.0,6.0,83.0,5.0,1451.0
2023-08-27,De Kooy,235,4.7,251.0,15.5,1007.9,4.7,9.2,12.0,3.0,7.0,82.0,7.0,1254.0
2023-08-28,De Kooy,235,2.7,313.0,16.3,1012.3,10.8,2.0,8.0,0.0,5.0,78.0,3.0,1757.0
2023-08-29,De Kooy,235,2.6,238.0,15.5,1010.6,7.7,0.7,10.0,1.0,5.0,79.0,6.0,1317.0
2023-08-30,De Kooy,235,4.2,264.0,15.0,1005.0,6.3,18.5,12.0,1.0,6.0,78.0,7.0,1371.0
2023-08-31,De Kooy,235,3.7,282.0,15.1,1009.2,9.5,1.7,11.0,1.0,6.0,75.0,5.0,1793.0
2023-09-01,De Kooy,235,3.4,84.0,16.7,1013.3,3.5,0.0,8.0,1.0,6.0,78.0,8.0,1214.0
2023-09-02,De Kooy,235,3.1,50.0,17.2,1021.9,12.1,0.0,7.0,1.0,5.0,83.0,5.0,1989.0
2023-09-03,De Kooy,235,1.6,208.0,16.9,1027.8,8.4,0.0,5.0,0.0,3.0,83.0,7.0,1639.0
2023-09-04,De Kooy,235,3.1,87.0,18.9,1025.2,12.0,0.0,7.0,1.0,5.0,79.0,6.0,1862.0
2023-09-05,De Kooy,235,3.5,74.0,21.1,1019.4,12.3,0.0,6.0,2.0,4.0,79.0,1.0,1979.0
2023-09-06,De Kooy,235,2.6,99.0,22.8,1019.6,12.3,0.0,6.0,2.0,4.0,78.0,2.0,1927.0
2023-09-07,De Kooy,235,3.2,87.0,22.8,1018.9,12.2,0.0,7.0,2.0,5.0,76.0,2.0,1922.0
2023-09-08,De Kooy,235,1.7,195.0,21.4,1016.5,12.2,0.0,5.0,0.0,3.0,80.0,4.0,1786.0
2023-09-09,De Kooy,235,1.8,280.0,20.4,1016.7,12.0,0.0,5.0,1.0,3.0,83.0,1.0,1735.0
2023-09-10,De Kooy,235,2.8,126.0,23.7,1016.1,11.1,0.0,7.0,1.0,5.0,76.0,3.0,1636.0
2023-09-11,De Kooy,235,3.8,230.0,20.3,1012.5,5.9,0.4,9.0,2.0,7.0,88.0,6.0,1238.0
2023-09-12,De Kooy,235,2.2,286.0,19.2,1012.8,3.2,1.0,5.0,1.0,3.0,89.0,8.0,1073.0
2023-09-13,De Kooy,235,4.6,25.0,15.6,1019.2,7.2,30.2,19.0,1.0,11.0,78.0,6.0,1404.0
2023-09-14,De Kooy,235,2.5,182.0,15.6,1021.8,10.5,0.0,7.0,1.0,4.0,76.0,7.0,1635.0
2023-09-15,De Kooy,235,3.1,111.0,17.2,1017.5,11.1,0.0,7.0,2.0,4.0,74.0,4.0,1648.0
2023-09-16,De Kooy,235,3.9,62.0,18.5,1014.9,10.0,0.0,9.0,2.0,7.0,78.0,6.0,1471.0
2023-09-17,De Kooy,235,4.3,74.0,17.9,1012.1,2.2,0.9,10.0,2.0,7.0,86.0,7.0,788.0
2023-09-18,De Kooy,235,7.6,229.0,18.5,1001.3,5.2,21.9,19.0,3.0,12.0,84.0,7.0,1082.0
2023-09-19,De Kooy,235,12.1,230.0,17.4,1004.4,2.3,6.9,24.0,10.0,14.0,75.0,8.0,674.0
2023-09-20,De Kooy,235,9.8,200.0,18.8,1001.6,2.8,0.1,19.0,7.0,12.0,78.0,8.0,639.0
2023-09-21,De Kooy,235,3.8,194.0,15.4,996.3,0.0,12.6,18.0,1.0,9.0,90.0,8.0,408.0
2023-09-22,De Kooy,235,4.1,196.0,13.3,1000.1,3.2,19.3,11.0,1.0,7.0,90.0,8.0,645.0
2023-09-23,De Kooy,235,3.3,270.0,14.5,1013.5,7.3,13.0,13.0,1.0,5.0,83.0,6.0,1336.0
2023-09-24,De Kooy,235,5.8,187.0,15.3,1021.6,9.8,0.1,15.0,3.0,10.0,75.0,5.0,1427.0
2023-09-25,De Kooy,235,4.5,188.0,15.1,1020.6,1.3,0.0,10.0,2.0,6.0,84.0,8.0,588.0
2023-09-26,De Kooy,235,3.5,169.0,17.4,1019.2,6.2,0.0,9.0,2.0,6.0,82.0,8.0,1143.0
2023-09-27,De Kooy,235,3.5,160.0,18.1,1016.2,3.1,0.0,11.0,1.0,7.0,84.0,8.0,936.0
2023-09-28,De Kooy,235,6.3,220.0,17.6,1014.4,0.4,0.0,16.0,3.0,10.0,78.0,7.0,534.0
2023-09-29,De Kooy,235,5.4,262.0,16.8,1016.7,5.0,4.9,12.0,4.0,7.0,78.0,6.0,781.0
2023-09-30,De Kooy,235,3.4,239.0,16.4,1024.3,7.2,0.0,8.0,1.0,5.0,74.0,6.0,1089.0
2023-10-01,De Kooy,235,5.5,224.0,18.4,1020.4,3.2,0.1,12.0,4.0,8.0,85.0,8.0,837.0
2023-10-02,De Kooy,235,3.6,206.0,18.5,1016.3,2.4,2.0,8.0,2.0,5.0,91.0,8.0,754.0
2023-10-03,De Kooy,235,8.5,271.0,16.2,1013.7,2.1,3.1,18.0,5.0,11.0,77.0,7.0,524.0
2023-10-04,De Kooy,235,8.5,253.0,16.0,1022.7,3.8,0.2,15.0,7.0,10.0,71.0,8.0,805.0
2023-10-05,De Kooy,235,7.1,252.0,16.6,1022.2,3.4,0.0,14.0,6.0,10.0,78.0,8.0,786.0
2023-10-06,De Kooy,235,9.2,234.0,17.8,1019.7,2.1,0.3,16.0,8.0,11.0,80.0,8.0,672.0
2023-10-07,De Kooy,235,7.2,257.0,18.2,1019.3,3.7,0.0,14.0,3.0,9.0,83.0,8.0,778.0
2023-10-08,De Kooy,235,4.3,104.0,15.0,1023.6,3.0,0.1,10.0,2.0,7.0,83.0,8.0,738.0
2023-10-09,De Kooy,235,4.0,280.0,17.3,1019.1,1.2,0.0,9.0,2.0,5.0,86.0,8.0,420.0
2023-10-10,De Kooy,235,5.6,212.0,17.3,1015.1,4.7,0.0,12.0,2.0,8.0,88.0,8.0,815.0
2023-10-11,De Kooy,235,7.9,241.0,17.5,1010.1,3.4,16.3,15.0,3.0,10.0,87.0,8.0,633.0
2023-10-12,De Kooy,235,2.7,91.0,13.9,1011.9,0.5,0.6,8.0,1.0,5.0,83.0,8.0,310.0
2023-10-13,De Kooy,235,9.2,225.0,17.3,1000.3,0.9,21.6,21.0,5.0,13.0,85.0,8.0,277.0
2023-10-14,De Kooy,235,7.5,289.0,12.1,1011.3,7.5,2.6,16.0,5.0,10.0,60.0,4.0,905.0
2023-10-15,De Kooy,235,5.0,322.0,9.5,1020.5,5.4,9.5,18.0,2.0,7.0,72.0,6.0,811.0
2023-10-16,De Kooy,235,2.5,57.0,11.0,1022.2,7.1,6.1,9.0,1.0,4.0,73.0,8.0,806.0
2023-10-17,De Kooy,235,4.5,99.0,9.6,1019.2,9.7,0.0,10.0,1.0,6.0,75.0,3.0,1075.0
2023-10-18,De Kooy,235,7.3,101.0,9.4,1004.1,5.1,5.7,14.0,5.0,9.0,78.0,8.0,674.0
2023-10-19,De Kooy,235,5.1,121.0,13.0,989.8,0.3,12.1,13.0,3.0,8.0,94.0,8.0,256.0
2023-10-20,De Kooy,235,9.7,95.0,9.4,981.3,0.0,25.6,20.0,5.0,14.0,93.0,8.0,74.0
2023-10-21,De Kooy,235,6.4,170.0,12.9,989.4,2.4,1.3,15.0,4.0,9.0,87.0,8.0,411.0
2023-10-22,De Kooy,235,5.4,250.0,12.4,1004.4,6.4,2.3,14.0,2.0,9.0,72.0,6.0,716.0
2023-10-23,De Kooy,235,4.4,102.0,10.4,1010.4,5.3,1.7,13.0,1.0,9.0,86.0,7.0,619.0
2023-10-24,De Kooy,235,6.7,209.0,12.2,999.1,0.0,13.3,14.0,3.0,9.0,86.0,7.0,167.0
2023-10-25,De Kooy,235,3.8,129.0,10.7,996.4,0.0,0.0,12.0,1.0,7.0,87.0,8.0,215.0
2023-10-26,De Kooy,235,3.0,107.0,9.6,995.0,2.4,0.6,7.0,1.0,4.0,93.0,8.0,503.0
2023-10-27,De Kooy,235,4.0,119.0,10.3,992.0,0.0,1.6,7.0,3.0,5.0,93.0,8.0,188.0
2023-10-28,De Kooy,235,5.5,167.0,11.1,992.6,1.3,11.0,12.0,3.0,8.0,90.0,8.0,283.0
2023-10-29,De Kooy,235,9.5,211.0,12.7,989.3,2.6,12.4,21.0,6.0,13.0,82.0,7.0,390.0
2023-10-30,De Kooy,235,5.2,199.0,11.7,996.4,3.4,21.5,15.0,2.0,9.0,88.0,8.0,492.0
2023-10-31,De Kooy,235,2.9,285.0,11.3,1000.4,3.2,18.8,9.0,1.0,5.0,83.0,8.0,524.0
2023-11-01,De Kooy,235,7.0,182.0,11.9,994.7,0.3,10.0,17.0,4.0,10.0,88.0,8.0,296.0
2023-11-02,De Kooy,235,11.3,168.0,10.4,972.0,0.3,20.3,25.0,7.0,16.0,85.0,8.0,214.0
2023-11-03,De Kooy,235,10.5,229.0,11.6,978.9,3.3,9.3,20.0,9.0,12.0,80.0,7.0,462.0
2023-11-04,De Kooy,235,6.7,168.0,9.2,974.9,0.4,7.8,14.0,6.0,9.0,89.0,7.0,238.0
2023-11-05,De Kooy,235,6.7,240.0,10.8,976.9,2.2,4.8,18.0,3.0,11.0,84.0,7.0,234.0
2023-11-06,De Kooy,235,7.9,244.0,11.6,996.7,3.8,6.8,17.0,6.0,9.0,74.0,5.0,379.0
2023-11-07,De Kooy,235,7.7,248.0,11.6,1005.3,5.2,2.6,15.0,6.0,9.0,74.0,5.0,502.0
2023-11-08,De Kooy,235,8.2,216.0,10.6,1005.0,0.4,6.1,17.0,1.0,12.0,85.0,7.0,221.0
2023-11-09,De Kooy,235,5.1,200.0,9.3,996.6,1.9,7.5,16.0,1.0,9.0,83.0,8.0,342.0
2023-11-10,De Kooy,235,5.3,215.0,8.4,993.9,0.6,21.6,14.0,1.0,8.0,83.0,7.0,185.0
2023-11-11,De Kooy,235,4.0,296.0,8.6,1002.7,3.1,6.2,14.0,1.0,6.0,76.0,5.0,320.0
2023-11-12,De Kooy,235,2.4,196.0,7.5,1005.8,2.6,0.7,7.0,1.0,4.0,87.0,7.0,366.0
2023-11-13,De Kooy,235,8.7,222.0,10.2,997.6,1.4,4.5,23.0,3.0,15.0,85.0,7.0,139.0
2023-11-14,De Kooy,235,8.4,263.0,11.9,999.9,0.9,5.7,22.0,3.0,15.0,81.0,8.0,205.0
2023-11-15,De Kooy,235,7.2,271.0,10.7,1010.6,2.3,11.9,18.0,2.0,11.0,81.0,7.0,328.0
2023-11-16,De Kooy,235,1.9,32.0,6.4,1013.7,3.1,0.0,10.0,1.0,5.0,86.0,7.0,328.0
2023-11-17,De Kooy,235,3.0,193.0,6.3,1019.2,0.6,0.9,8.0,1.0,5.0,89.0,7.0,208.0
2023-11-18,De Kooy,235,6.4,178.0,8.4,1013.3,0.0,8.6,14.0,3.0,9.0,92.0,8.0,59.0
2023-11-19,De Kooy,235,9.9,245.0,12.6,1004.1,3.1,7.9,17.0,8.0,12.0,84.0,7.0,342.0
2023-11-20,De Kooy,235,5.3,265.0,10.8,1006.8,3.7,1.7,14.0,2.0,9.0,86.0,7.0,331.0
2023-11-21,De Kooy,235,4.4,40.0,9.0,1019.9,2.7,0.2,10.0,1.0,8.0,86.0,7.0,337.0
2023-11-22,De Kooy,235,5.7,229.0,7.9,1026.2,0.0,0.0,15.0,1.0,10.0,86.0,8.0,196.0
2023-11-23,De Kooy,235,10.0,276.0,11.9,1016.3,6.2,3.1,20.0,7.0,12.0,80.0,5.0,408.0
2023-11-24,De Kooy,235,9.3,325.0,7.4,1010.9,3.0,5.4,23.0,6.0,12.0,69.0,5.0,310.0
2023-11-25,De Kooy,235,5.5,334.0,7.3,1012.8,2.1,3.1,18.0,2.0,9.0,72.0,5.0,256.0
2023-11-26,De Kooy,235,3.2,276.0,7.1,1012.6,0.0,7.0,9.0,1.0,5.0,80.0,8.0,135.0
2023-11-27,De Kooy,235,7.2,87.0,5.0,998.7,0.0,15.2,17.0,4.0,13.0,90.0,8.0,85.0
2023-11-28,De Kooy,235,6.1,354.0,4.1,1004.6,5.2,3.7,17.0,1.0,13.0,76.0,5.0,375.0
2023-11-29,De Kooy,235,3.6,314.0,2.7,1001.1,1.6,3.7,15.0,1.0,10.0,83.0,7.0,227.0
2023-11-30,De Kooy,235,1.6,135.0,0.4,1002.4,5.7,1.1,7.0,0.0,3.0,91.0,3.0,418.0
2023-12-01,De Kooy,235,2.4,88.0,-0.3,1008.5,7.0,0.1,7.0,1.0,4.0,84.0,3.0,449.0
2023-12-02,De Kooy,235,1.9,202.0,0.6,1013.6,3.3,1.4,8.0,1.0,4.0,90.0,5.0,318.0
2023-12-03,De Kooy,235,5.0,165.0,1.2,1016.2,1.8,3.3,11.0,1.0,7.0,88.0,7.0,202.0
2023-12-04,De Kooy,235,6.0,125.0,2.2,1004.9,1.6,0.6,11.0,5.0,8.0,81.0,7.0,172.0
2023-12-05,De Kooy,235,5.2,50.0,2.0,1005.3,0.0,0.7,11.0,1.0,8.0,90.0,8.0,131.0
2023-12-06,De Kooy,235,2.2,326.0,4.1,1015.0,2.6,0.0,9.0,1.0,4.0,82.0,6.0,221.0
2023-12-07,De Kooy,235,4.7,134.0,1.0,1015.0,2.6,0.0,12.0,1.0,8.0,92.0,6.0,238.0
2023-12-08,De Kooy,235,5.1,172.0,5.2,1006.0,0.0,1.9,12.0,3.0,8.0,94.0,8.0,100.0
2023-12-09,De Kooy,235,8.0,198.0,8.1,997.0,0.0,12.6,17.0,6.0,11.0,89.0,7.0,50.0
2023-12-10,De Kooy,235,10.3,253.0,9.3,997.0,1.0,10.0,24.0,3.0,16.0,85.0,8.0,173.0
2023-12-11,De Kooy,235,7.2,262.0,8.8,999.4,1.5,2.0,15.0,3.0,10.0,83.0,7.0,190.0
2023-12-12,De Kooy,235,3.2,161.0,7.4,1000.3,0.0,6.7,9.0,1.0,5.0,94.0,8.0,92.0
2023-12-13,De Kooy,235,4.7,65.0,7.1,999.9,0.0,0.9,14.0,1.0,10.0,93.0,8.0,126.0
2023-12-14,De Kooy,235,3.2,250.0,6.2,1019.1,2.2,0.4,9.0,1.0,6.0,86.0,8.0,207.0
2023-12-15,De Kooy,235,3.9,262.0,8.5,1032.6,1.7,0.0,10.0,2.0,6.0,84.0,8.0,203.0
2023-12-16,De Kooy,235,7.4,243.0,9.6,1035.5,0.0,0.0,14.0,5.0,9.0,89.0,8.0,72.0
2023-12-17,De Kooy,235,8.9,231.0,9.8,1031.8,2.7,0.0,16.0,7.0,11.0,87.0,7.0,216.0
2023-12-18,De Kooy,235,8.4,228.0,9.9,1025.8,0.0,0.6,15.0,7.0,9.0,88.0,8.0,105.0
2023-12-19,De Kooy,235,5.4,259.0,9.4,1016.0,0.0,26.8,14.0,2.0,8.0,90.0,8.0,58.0
2023-12-20,De Kooy,235,10.6,271.0,9.1,1009.4,1.4,2.1,19.0,9.0,12.0,82.0,7.0,166.0
2023-12-21,De Kooy,235,12.0,282.0,9.6,996.6,1.5,1.5,28.0,10.0,15.0,77.0,7.0,141.0
2023-12-22,De Kooy,235,9.3,296.0,8.2,1002.4,0.6,3.8,20.0,6.0,12.0,77.0,8.0,123.0
2023-12-23,De Kooy,235,11.0,262.0,10.0,1004.6,0.0,3.9,22.0,5.0,15.0,83.0,8.0,99.0
2023-12-24,De Kooy,235,11.1,238.0,11.1,999.9,0.0,3.4,20.0,9.0,13.0,89.0,8.0,67.0
2023-12-25,De Kooy,235,7.6,246.0,10.3,1003.6,1.1,7.3,15.0,5.0,10.0,87.0,8.0,155.0
2023-12-26,De Kooy,235,7.3,275.0,7.5,1012.5,1.0,0.0,17.0,1.0,12.0,76.0,7.0,150.0
2023-12-27,De Kooy,235,7.0,177.0,7.2,1010.5,0.0,2.6,22.0,1.0,14.0,88.0,8.0,42.0
2023-12-28,De Kooy,235,12.4,216.0,10.5,1004.0,0.6,1.5,22.0,11.0,14.0,84.0,8.0,156.0
2023-12-29,De Kooy,235,10.5,245.0,9.5,1003.3,0.9,0.0,19.0,7.0,12.0,72.0,7.0,154.0
2023-12-30,De Kooy,235,8.3,224.0,8.4,1007.1,1.2,0.0,16.0,5.0,11.0,79.0,7.0,174.0
2023-12-31,De Kooy,235,9.5,187.0,8.4,993.1,1.1,9.4,21.0,7.0,13.0,84.0,8.0,127.0
2021-01-01,Hoek van Holland,330,4.8,255.0,4.8,1008.7,2.4,1.1,10.0,2.0,7.0,91.0,,215.0
2021-01-02,Hoek van Holland,330,2.1,196.0,4.1,1013.4,3.2,2.4,9.0,1.0,4.0,95.0,,258.0
2021-01-03,Hoek van Holland,330,7.0,56.0,3.6,1017.0,0.2,0.0,14.0,3.0,11.0,85.0,,111.0
2021-01-04,Hoek van Holland,330,9.8,49.0,3.2,1018.1,0.0,0.7,15.0,9.0,12.0,86.0,,111.0
2021-01-05,Hoek van Holland,330,7.7,56.0,3.3,1018.2,0.0,0.0,13.0,6.0,9.0,86.0,,101.0
2021-01-06,Hoek van Holland,330,5.0,30.0,2.9,1017.3,0.4,0.8,13.0,2.0,8.0,86.0,,192.0
2021-01-07,Hoek van Holland,330,9.0,338.0,4.1,1013.0,1.1,6.0,15.0,4.0,11.0,85.0,,180.0
2021-01-08,Hoek van Holland,330,4.3,2.0,3.4,1016.8,4.8,0.6,12.0,0.0,10.0,89.0,,334.0
2021-01-09,Hoek van Holland,330,4.6,339.0,4.3,1024.4,5.2,0.3,10.0,1.0,7.0,81.0,,348.0
2021-01-10,Hoek van Holland,330,5.3,256.0,4.7,1023.7,1.9,0.0,9.0,4.0,6.0,82.0,,192.0
2021-01-11,Hoek van Holland,330,9.0,242.0,6.6,1014.9,0.0,4.1,18.0,6.0,11.0,84.0,,79.0
2021-01-12,Hoek van Holland,330,9.9,310.0,6.5,1010.5,3.4,8.6,17.0,7.0,13.0,83.0,,344.0
2021-01-13,Hoek van Holland,330,9.0,301.0,5.7,1016.5,4.0,0.2,14.0,7.0,11.0,75.0,,358.0
2021-01-14,Hoek van Holland,330,5.8,82.0,2.1,1019.7,0.0,0.8,12.0,2.0,8.0,79.0,,190.0
2021-01-15,Hoek van Holland,330,4.0,80.0,2.1,1028.9,0.0,0.0,10.0,1.0,8.0,75.0,,70.0
2021-01-16,Hoek van Holland,330,7.9,186.0,1.4,1021.6,0.0,2.5,15.0,5.0,11.0,85.0,,92.0
2021-01-17,Hoek van Holland,330,8.0,307.0,6.3,1019.5,2.8,2.6,12.0,5.0,10.0,87.0,,325.0
2021-01-18,Hoek van Holland,330,7.4,240.0,6.3,1020.0,0.0,0.4,14.0,5.0,10.0,86.0,,187.0
2021-01-19,Hoek van Holland,330,12.9,213.0,7.6,1004.6,1.7,12.3,24.0,10.0,15.0,92.0,,193.0
2021-01-20,Hoek van Holland,330,12.6,185.0,8.8,993.0,0.5,0.0,20.0,12.0,14.0,74.0,,196.0
2021-01-21,Hoek van Holland,330,11.1,210.0,6.6,986.0,4.0,12.1,26.0,1.0,18.0,82.0,,364.0
2021-01-22,Hoek van Holland,330,6.8,235.0,5.3,991.9,5.3,0.1,13.0,5.0,9.0,83.0,,434.0
2021-01-23,Hoek van Holland,330,5.5,250.0,4.2,993.9,1.3,1.9,13.0,3.0,9.0,82.0,,280.0
2021-01-24,Hoek van Holland,330,6.6,261.0,3.1,997.7,2.9,1.4,14.0,4.0,10.0,80.0,,343.0
2021-01-25,Hoek van Holland,330,7.5,290.0,3.6,1005.1,7.3,0.5,19.0,1.0,15.0,83.0,,536.0
2021-01-26,Hoek van Holland,330,8.6,261.0,4.8,1015.8,5.0,0.8,18.0,5.0,14.0,82.0,,433.0
2021-01-27,Hoek van Holland,330,6.8,227.0,5.2,1010.6,0.0,1.7,16.0,1.0,11.0,97.0,,164.0
2021-01-28,Hoek van Holland,330,4.4,135.0,6.6,1001.6,0.0,11.8,11.0,1.0,7.0,99.0,,123.0
2021-01-29,Hoek van Holland,330,9.5,264.0,7.8,995.8,2.2,9.7,17.0,5.0,13.0,92.0,,341.0
2021-01-30,Hoek van Holland,330,8.9,76.0,1.1,1001.9,1.8,0.3,16.0,6.0,10.0,78.0,,307.0
2021-01-31,Hoek van Holland,330,6.4,88.0,-0.6,1000.1,7.8,0.2,11.0,5.0,8.0,83.0,,631.0
2021-02-01,Hoek van Holland,330,4.4,40.0,2.0,996.0,0.0,1.8,9.0,1.0,6.0,93.0,,195.0
2021-02-02,Hoek van Holland,330,6.5,178.0,6.0,997.8,1.2,8.0,15.0,2.0,10.0,95.0,,222.0
2021-02-03,Hoek van Holland,330,6.9,228.0,8.1,996.7,0.3,12.4,16.0,4.0,10.0,95.0,,91.0
2021-02-04,Hoek van Holland,330,5.5,183.0,7.5,1011.0,4.6,0.6,13.0,3.0,9.0,89.0,,486.0
2021-02-05,Hoek van Holland,330,3.8,152.0,7.8,1010.4,1.1,2.9,8.0,1.0,6.0,95.0,,278.0
2021-02-06,Hoek van Holland,330,8.0,75.0,3.9,1007.9,0.1,3.2,18.0,2.0,14.0,94.0,,186.0
2021-02-07,Hoek van Holland,330,12.5,58.0,-3.8,1001.1,0.0,4.8,21.0,10.0,15.0,88.0,,105.0
2021-02-08,Hoek van Holland,330,9.5,66.0,-4.7,1002.9,0.0,0.1,17.0,5.0,12.0,78.0,,327.0
2021-02-09,Hoek van Holland,330,6.3,62.0,-2.9,1008.5,6.2,0.1,12.0,4.0,9.0,78.0,,708.0
2021-02-10,Hoek van Holland,330,5.5,58.0,-3.0,1016.4,7.8,0.0,10.0,4.0,8.0,77.0,,759.0
2021-02-11,Hoek van Holland,330,3.9,93.0,-3.3,1030.0,8.9,0.0,8.0,3.0,5.0,74.0,,990.0
2021-02-12,Hoek van Holland,330,7.3,83.0,-4.3,1034.4,8.5,0.0,14.0,4.0,10.0,71.0,,870.0
2021-02-13,Hoek van Holland,330,7.8,108.0,-3.7,1038.0,9.0,0.0,15.0,6.0,12.0,64.0,,930.0
2021-02-14,Hoek van Holland,330,9.1,146.0,0.5,1032.1,7.3,0.0,16.0,7.0,11.0,51.0,,794.0
2021-02-15,Hoek van Holland,330,9.8,190.0,3.8,1021.4,0.0,9.8,16.0,6.0,12.0,89.0,,137.0
2021-02-16,Hoek van Holland,330,8.5,196.0,7.1,1012.5,1.2,2.4,16.0,6.0,11.0,88.0,,459.0
2021-02-17,Hoek van Holland,330,8.4,201.0,9.0,1013.6,2.8,0.0,14.0,6.0,10.0,85.0,,525.0
2021-02-18,Hoek van Holland,330,9.3,180.0,8.2,1007.5,1.9,2.8,17.0,7.0,12.0,81.0,,439.0
2021-02-19,Hoek van Holland,330,8.6,183.0,7.3,1013.0,5.6,0.0,15.0,6.0,11.0,83.0,,686.0
2021-02-20,Hoek van Holland,330,9.3,162.0,12.8,1009.3,8.6,0.0,16.0,8.0,11.0,67.0,,854.0
2021-02-21,Hoek van Holland,330,6.0,170.0,12.5,1011.6,6.9,0.0,12.0,2.0,9.0,64.0,,866.0
2021-02-22,Hoek van Holland,330,6.1,183.0,12.4,1017.2,2.9,0.0,11.0,4.0,8.0,61.0,,613.0
2021-02-23,Hoek van Holland,330,7.1,192.0,13.2,1026.4,5.1,0.0,14.0,4.0,10.0,75.0,,745.0
2021-02-24,Hoek van Holland,330,8.0,189.0,14.2,1025.9,6.8,0.0,14.0,6.0,10.0,68.0,,852.0
2021-02-25,Hoek van Holland,330,4.6,227.0,9.7,1026.7,3.8,0.7,10.0,1.0,7.0,83.0,,694.0
2021-02-26,Hoek van Holland,330,3.6,306.0,5.9,1035.6,9.5,0.1,7.0,2.0,6.0,93.0,,1149.0
2021-02-27,Hoek van Holland,330,2.5,360.0,4.5,1039.9,6.3,0.0,6.0,1.0,4.0,95.0,,883.0
2021-02-28,Hoek van Holland,330,4.2,43.0,5.1,1037.1,9.2,0.0,9.0,2.0,7.0,91.0,,1165.0
2021-03-01,Hoek van Holland,330,4.8,88.0,5.5,1032.3,5.5,0.0,9.0,3.0,6.0,86.0,,899.0
2021-03-02,Hoek van Holland,330,2.5,80.0,6.8,1029.7,9.8,0.0,6.0,1.0,4.0,82.0,,1190.0
2021-03-03,Hoek van Holland,330,2.8,337.0,3.9,1027.6,0.0,0.0,5.0,2.0,4.0,99.0,,407.0
2021-03-04,Hoek van Holland,330,6.2,9.0,4.3,1022.9,0.4,0.2,12.0,3.0,9.0,86.0,,267.0
2021-03-05,Hoek van Holland,330,7.2,30.0,3.6,1030.0,9.3,0.0,12.0,4.0,10.0,68.0,,1285.0
2021-03-06,Hoek van Holland,330,4.0,38.0,2.5,1033.4,7.2,0.0,9.0,2.0,7.0,78.0,,872.0
2021-03-07,Hoek van Holland,330,2.9,4.0,3.7,1025.7,0.0,0.0,7.0,1.0,5.0,67.0,,312.0
2021-03-08,Hoek van Holland,330,5.0,247.0,5.2,1023.5,5.3,2.7,12.0,3.0,8.0,75.0,,916.0
2021-03-09,Hoek van Holland,330,4.7,290.0,5.9,1018.4,1.7,2.2,12.0,2.0,8.0,93.0,,662.0
2021-03-10,Hoek van Holland,330,10.3,191.0,6.4,1011.0,0.0,3.7,22.0,5.0,16.0,82.0,,357.0
2021-03-11,Hoek van Holland,330,13.9,226.0,8.6,996.2,6.3,1.4,28.0,11.0,19.0,81.0,,1077.0
2021-03-12,Hoek van Holland,330,10.5,224.0,7.0,1002.2,2.6,3.2,22.0,9.0,13.0,82.0,,623.0
2021-03-13,Hoek van Holland,330,12.9,242.0,7.1,994.0,5.3,7.5,23.0,10.0,16.0,78.0,,840.0
2021-03-14,Hoek van Holland,330,8.3,272.0,6.7,1009.2,2.7,2.3,17.0,5.0,10.0,83.0,,931.0
2021-03-15,Hoek van Holland,330,9.5,321.0,6.4,1016.8,3.0,1.5,15.0,8.0,12.0,88.0,,838.0
2021-03-16,Hoek van Holland,330,4.8,316.0,5.5,1024.4,0.0,6.0,14.0,1.0,10.0,92.0,,538.0
2021-03-17,Hoek van Holland,330,8.0,356.0,6.0,1028.0,2.2,1.0,14.0,5.0,10.0,89.0,,724.0
2021-03-18,Hoek van Holland,330,6.3,359.0,5.7,1024.6,2.0,0.2,14.0,2.0,11.0,88.0,,696.0
2021-03-19,Hoek van Holland,330,8.5,22.0,5.0,1027.1,11.0,0.0,13.0,6.0,10.0,80.0,,1610.0
2021-03-20,Hoek van Holland,330,4.2,299.0,4.7,1029.2,4.6,0.0,9.0,1.0,6.0,86.0,,1126.0
2021-03-21,Hoek van Holland,330,8.6,348.0,6.7,1025.7,0.6,0.0,14.0,5.0,11.0,82.0,,702.0
2021-03-22,Hoek van Holland,330,4.0,321.0,6.5,1026.0,5.6,0.0,10.0,1.0,7.0,75.0,,1118.0
2021-03-23,Hoek van Holland,330,4.1,216.0,7.3,1024.8,5.5,0.0,9.0,3.0,6.0,84.0,,1044.0
2021-03-24,Hoek van Holland,330,4.2,227.0,8.0,1021.5,10.1,0.0,9.0,2.0,6.0,80.0,,1552.0
2021-03-25,Hoek van Holland,330,5.9,220.0,8.9,1019.4,7.1,0.3,13.0,3.0,8.0,79.0,,1355.0
2021-03-26,Hoek van Holland,330,8.7,199.0,10.0,1013.3,8.7,4.2,16.0,7.0,11.0,72.0,,1483.0
2021-03-27,Hoek van Holland,330,9.9,249.0,7.5,1020.3,9.9,0.0,19.0,7.0,13.0,72.0,,1740.0
2021-03-28,Hoek van Holland,330,10.5,217.0,9.5,1024.6,2.7,0.0,21.0,7.0,14.0,74.0,,819.0
2021-03-29,Hoek van Holland,330,8.7,219.0,11.1,1027.7,10.4,0.0,17.0,7.0,10.0,70.0,,1655.0
2021-03-30,Hoek van Holland,330,3.3,147.0,13.8,1028.6,12.0,0.0,8.0,2.0,5.0,58.0,,1842.0
2021-03-31,Hoek van Holland,330,2.3,187.0,14.3,1021.3,10.1,0.0,5.0,1.0,4.0,56.0,,1735.0
2021-04-01,Hoek van Holland,330,8.7,14.0,8.1,1023.9,10.4,0.0,16.0,1.0,13.0,82.0,,1717.0
2021-04-02,Hoek van Holland,330,9.5,10.0,6.4,1028.0,1.6,0.3,15.0,8.0,11.0,77.0,,774.0
2021-04-03,Hoek van Holland,330,9.6,8.0,7.1,1029.4,9.7,0.0,15.0,7.0,12.0,68.0,,1891.0
2021-04-04,Hoek van Holland,330,5.9,257.0,6.3,1023.0,1.6,0.0,16.0,2.0,11.0,77.0,,880.0
2021-04-05,Hoek van Holland,330,14.4,321.0,4.9,1012.9,6.2,1.8,25.0,9.0,17.0,72.0,,1303.0
2021-04-06,Hoek van Holland,330,12.8,321.0,2.8,1014.4,3.3,7.0,23.0,10.0,15.0,78.0,,820.0
2021-04-07,Hoek van Holland,330,13.2,306.0,4.3,1019.0,4.2,4.0,23.0,8.0,18.0,79.0,,1160.0
2021-04-08,Hoek van Holland,330,7.3,238.0,6.5,1021.1,5.0,0.0,14.0,5.0,9.0,60.0,,1448.0
2021-04-09,Hoek van Holland,330,6.5,247.0,8.0,1013.3,9.3,0.0,13.0,2.0,9.0,77.0,,1850.0
2021-04-10,Hoek van Holland,330,9.6,44.0,5.0,1012.6,0.0,10.0,18.0,6.0,15.0,84.0,,411.0
2021-04-11,Hoek van Holland,330,9.3,355.0,5.3,1016.4,10.5,0.9,18.0,5.0,15.0,74.0,,1981.0
2021-04-12,Hoek van Holland,330,5.8,313.0,4.8,1027.8,9.4,5.5,17.0,2.0,8.0,73.0,,1860.0
2021-04-13,Hoek van Holland,330,3.8,300.0,6.2,1032.7,12.1,0.0,8.0,1.0,6.0,62.0,,2196.0
2021-04-14,Hoek van Holland,330,5.5,18.0,5.2,1031.9,8.4,1.0,12.0,1.0,10.0,73.0,,1740.0
2021-04-15,Hoek van Holland,330,6.8,20.0,6.0,1031.3,7.3,0.7,12.0,3.0,10.0,73.0,,1516.0
2021-04-16,Hoek van Holland,330,8.0,18.0,6.7,1029.6,12.7,0.0,13.0,5.0,11.0,76.0,,2226.0
2021-04-17,Hoek van Holland,330,7.9,14.0,7.1,1027.1,13.0,0.0,12.0,5.0,10.0,79.0,,2310.0
2021-04-18,Hoek van Holland,330,3.5,341.0,7.5,1023.7,10.2,0.0,7.0,1.0,5.0,84.0,,2155.0
2021-04-19,Hoek van Holland,330,4.3,7.0,8.8,1020.5,6.7,2.5,10.0,1.0,6.0,91.0,,1477.0
2021-04-20,Hoek van Holland,330,2.8,5.0,9.5,1018.0,11.3,0.0,6.0,1.0,5.0,87.0,,2058.0
2021-04-21,Hoek van Holland,330,9.1,13.0,7.7,1020.8,7.3,0.0,16.0,3.0,13.0,80.0,,1723.0
2021-04-22,Hoek van Holland,330,6.4,20.0,6.9,1027.7,11.7,0.0,10.0,3.0,8.0,66.0,,2322.0
2021-04-23,Hoek van Holland,330,4.3,27.0,7.1,1029.9,13.5,0.0,9.0,2.0,8.0,80.0,,2506.0
2021-04-24,Hoek van Holland,330,6.5,32.0,8.0,1028.5,8.7,0.0,13.0,1.0,10.0,73.0,,2036.0
2021-04-25,Hoek van Holland,330,8.7,28.0,7.1,1027.8,5.7,0.0,14.0,5.0,12.0,66.0,,1658.0
2021-04-26,Hoek van Holland,330,8.0,28.0,7.1,1020.4,13.4,0.0,14.0,5.0,11.0,69.0,,2530.0
2021-04-27,Hoek van Holland,330,5.2,54.0,9.7,1010.2,10.1,0.0,10.0,2.0,8.0,57.0,,2240.0
2021-04-28,Hoek van Holland,330,7.4,24.0,9.8,1004.7,7.2,1.5,14.0,4.0,11.0,65.0,,1697.0
2021-04-29,Hoek van Holland,330,10.8,329.0,7.5,1007.5,5.3,20.2,20.0,6.0,15.0,85.0,,1118.0
2021-04-30,Hoek van Holland,330,5.0,325.0,7.6,1013.7,3.0,5.0,8.0,3.0,6.0,84.0,,889.0
2021-05-01,Hoek van Holland,330,5.8,314.0,8.1,1014.9,8.9,0.0,10.0,4.0,8.0,78.0,,2213.0
2021-05-02,Hoek van Holland,330,6.0,307.0,8.0,1019.7,12.5,0.0,9.0,4.0,7.0,70.0,,2511.0
2021-05-03,Hoek van Holland,330,7.6,216.0,10.1,1013.8,3.4,2.0,23.0,5.0,12.0,73.0,,1687.0
2021-05-04,Hoek van Holland,330,14.0,251.0,8.9,997.2,3.3,3.0,27.0,11.0,17.0,81.0,,1159.0
2021-05-05,Hoek van Holland,330,9.1,284.0,7.4,1006.3,8.9,2.4,17.0,2.0,14.0,78.0,,2079.0
2021-05-06,Hoek van Holland,330,4.5,281.0,7.6,1006.5,9.5,0.6,12.0,3.0,8.0,75.0,,2118.0
2021-05-07,Hoek van Holland,330,5.3,276.0,7.8,1015.1,11.9,5.7,14.0,2.0,8.0,76.0,,2392.0
2021-05-08,Hoek van Holland,330,7.5,169.0,11.5,1009.6,1.6,3.2,17.0,4.0,12.0,78.0,,754.0
2021-05-09,Hoek van Holland,330,6.1,179.0,17.2,1000.2,6.8,1.8,15.0,2.0,10.0,76.0,,1876.0
2021-05-10,Hoek van Holland,330,5.7,210.0,14.3,1003.8,7.3,5.9,18.0,2.0,9.0,79.0,,1819.0
2021-05-11,Hoek van Holland,330,3.3,337.0,12.4,1008.9,5.1,0.0,7.0,1.0,5.0,82.0,,1685.0
2021-05-12,Hoek van Holland,330,4.2,240.0,12.2,1011.0,10.8,0.1,10.0,2.0,7.0,76.0,,2325.0
2021-05-13,Hoek van Holland,330,4.0,52.0,12.2,1007.5,6.4,14.1,14.0,1.0,8.0,85.0,,1765.0
2021-05-14,Hoek van Holland,330,4.6,1.0,10.5,1008.1,11.6,0.1,8.0,1.0,7.0,87.0,,2646.0
2021-05-15,Hoek van Holland,330,2.9,199.0,10.7,1002.5,2.0,1.9,10.0,1.0,6.0,85.0,,987.0
2021-05-16,Hoek van Holland,330,5.9,228.0,11.9,999.8,8.2,7.0,13.0,4.0,8.0,82.0,,2048.0
2021-05-17,Hoek van Holland,330,5.8,255.0,11.1,1004.0,5.3,6.7,11.0,2.0,9.0,92.0,,1690.0
2021-05-18,Hoek van Holland,330,5.0,266.0,11.8,1013.0,11.6,0.0,9.0,3.0,7.0,82.0,,2691.0
2021-05-19,Hoek van Holland,330,5.1,265.0,11.2,1016.9,8.4,7.7,11.0,4.0,7.0,90.0,,1978.0
2021-05-20,Hoek van Holland,330,7.2,195.0,12.8,1015.3,5.9,0.0,18.0,2.0,12.0,75.0,,1516.0
2021-05-21,Hoek van Holland,330,14.5,219.0,12.7,1000.1,7.2,0.9,28.0,11.0,17.0,69.0,,2040.0
2021-05-22,Hoek van Holland,330,8.3,261.0,10.4,1002.6,2.0,13.1,22.0,0.0,15.0,90.0,,1201.0
2021-05-23,Hoek van Holland,330,6.2,218.0,11.7,1010.7,5.9,2.8,14.0,3.0,10.0,78.0,,2044.0
2021-05-24,Hoek van Holland,330,7.0,191.0,10.8,1006.2,2.7,11.3,19.0,2.0,12.0,89.0,,1096.0
2021-05-25,Hoek van Holland,330,8.2,259.0,10.4,1011.4,2.9,3.5,16.0,5.0,11.0,89.0,,1214.0
2021-05-26,Hoek van Holland,330,8.8,275.0,11.2,1012.2,5.4,0.7,16.0,6.0,12.0,87.0,,1724.0
2021-05-27,Hoek van Holland,330,8.8,320.0,10.7,1019.7,5.2,0.0,16.0,5.0,12.0,87.0,,1273.0
2021-05-28,Hoek van Holland,330,4.1,28.0,11.3,1024.6,12.1,0.0,7.0,1.0,6.0,88.0,,2686.0
2021-05-29,Hoek van Holland,330,6.5,29.0,12.3,1027.4,15.0,0.0,12.0,2.0,10.0,84.0,,2995.0
2021-05-30,Hoek van Holland,330,6.0,34.0,12.9,1027.1,11.1,0.0,11.0,3.0,9.0,87.0,,2685.0
2021-05-31,Hoek van Holland,330,5.0,35.0,15.9,1022.0,15.0,0.0,11.0,1.0,9.0,76.0,,2946.0
2021-06-01,Hoek van Holland,330,4.6,89.0,20.1,1016.5,15.0,0.0,11.0,2.0,7.0,46.0,,2956.0
2021-06-02,Hoek van Holland,330,4.0,75.0,21.4,1014.3,14.6,0.0,11.0,2.0,7.0,54.0,,2907.0
2021-06-03,Hoek van Holland,330,4.7,227.0,18.7,1018.7,10.9,0.0,9.0,2.0,6.0,75.0,,2575.0
2021-06-04,Hoek van Holland,330,4.6,7.0,16.6,1020.7,7.9,0.2,11.0,2.0,9.0,82.0,,2278.0
2021-06-05,Hoek van Holland,330,6.5,331.0,13.3,1022.6,0.1,0.0,10.0,5.0,8.0,91.0,,837.0
2021-06-06,Hoek van Holland,330,5.5,354.0,14.9,1024.9,15.3,0.0,9.0,4.0,7.0,71.0,,3047.0
2021-06-07,Hoek van Holland,330,4.9,21.0,15.8,1024.5,15.3,0.0,10.0,2.0,9.0,70.0,,2940.0
2021-06-08,Hoek van Holland,330,2.5,354.0,17.3,1023.4,15.2,0.0,6.0,1.0,5.0,78.0,,2804.0
2021-06-09,Hoek van Holland,330,3.5,256.0,18.3,1022.0,15.0,0.0,9.0,1.0,6.0,71.0,,2971.0
2021-06-10,Hoek van Holland,330,3.5,247.0,17.0,1021.0,15.2,0.0,9.0,2.0,5.0,82.0,,2881.0
2021-06-11,Hoek van Holland,330,5.3,220.0,16.3,1019.8,3.2,0.0,11.0,4.0,7.0,90.0,,1534.0
2021-06-12,Hoek van Holland,330,5.3,312.0,15.2,1023.0,9.1,0.0,10.0,3.0,7.0,78.0,,2475.0
2021-06-13,Hoek van Holland,330,2.7,348.0,16.5,1027.0,15.3,0.0,5.0,1.0,4.0,68.0,,2949.0
2021-06-14,Hoek van Holland,330,4.8,328.0,19.6,1021.0,15.3,0.0,8.0,3.0,7.0,65.0,,2918.0
2021-06-15,Hoek van Holland,330,6.2,26.0,17.0,1020.9,10.5,0.0,9.0,3.0,8.0,73.0,,2595.0
2021-06-16,Hoek van Holland,330,4.4,96.0,22.8,1013.1,13.9,0.0,8.0,2.0,6.0,57.0,,2721.0
2021-06-17,Hoek van Holland,330,4.9,200.0,21.7,1010.9,7.4,0.0,17.0,1.0,10.0,74.0,,2077.0
2021-06-18,Hoek van Holland,330,4.7,104.0,21.5,1011.6,7.5,16.6,15.0,1.0,8.0,83.0,,2146.0
2021-06-19,Hoek van Holland,330,6.0,306.0,16.0,1013.1,1.5,24.6,14.0,3.0,9.0,89.0,,1127.0
2021-06-20,Hoek van Holland,330,6.1,13.0,17.1,1008.2,7.0,12.9,15.0,1.0,12.0,88.0,,2041.0
2021-06-21,Hoek van Holland,330,10.1,34.0,13.8,1011.6,0.0,6.9,15.0,7.0,13.0,88.0,,500.0
2021-06-22,Hoek van Holland,330,10.0,21.0,14.6,1018.4,9.4,0.0,16.0,6.0,13.0,70.0,,2573.0
2021-06-23,Hoek van Holland,330,6.6,23.0,14.3,1022.3,3.9,0.0,10.0,4.0,8.0,70.0,,1944.0
2021-06-24,Hoek van Holland,330,3.6,358.0,14.2,1021.1,12.2,0.0,7.0,2.0,5.0,73.0,,2954.0
2021-06-25,Hoek van Holland,330,5.7,212.0,16.1,1017.4,0.8,2.8,12.0,3.0,8.0,86.0,,1099.0
2021-06-26,Hoek van Holland,330,3.8,18.0,17.0,1018.6,3.8,6.8,8.0,1.0,6.0,94.0,,1445.0
2021-06-27,Hoek van Holland,330,6.0,64.0,20.1,1015.2,5.3,5.8,19.0,2.0,10.0,81.0,,1946.0
2021-06-28,Hoek van Holland,330,3.0,13.0,18.4,1013.8,6.9,0.0,7.0,2.0,5.0,92.0,,1555.0
2021-06-29,Hoek van Holland,330,6.8,359.0,16.0,1012.5,0.0,0.5,13.0,2.0,10.0,92.0,,831.0
2021-06-30,Hoek van Holland,330,8.3,338.0,13.8,1013.7,0.1,13.2,12.0,7.0,9.0,92.0,,632.0
2021-07-01,Hoek van Holland,330,7.6,285.0,14.7,1016.1,0.9,0.0,12.0,5.0,9.0,87.0,,968.0
2021-07-02,Hoek van Holland,330,4.0,303.0,16.0,1017.0,6.2,0.0,8.0,3.0,6.0,88.0,,1814.0
2021-07-03,Hoek van Holland,330,4.5,154.0,18.6,1013.9,2.4,1.2,10.0,1.0,7.0,83.0,,1323.0
2021-07-04,Hoek van Holland,330,3.7,220.0,17.3,1009.6,5.2,1.5,9.0,2.0,6.0,87.0,,1379.0
2021-07-05,Hoek van Holland,330,5.8,191.0,17.6,1006.9,6.5,5.5,13.0,2.0,8.0,79.0,,1998.0
2021-07-06,Hoek van Holland,330,11.4,205.0,17.5,1004.2,7.8,1.3,22.0,7.0,15.0,74.0,,1890.0
2021-07-07,Hoek van Holland,330,5.7,214.0,17.7,1014.5,11.5,0.0,13.0,3.0,8.0,72.0,,2501.0
2021-07-08,Hoek van Holland,330,3.7,247.0,17.5,1020.8,12.6,0.0,8.0,2.0,5.0,77.0,,2774.0
2021-07-09,Hoek van Holland,330,3.3,258.0,17.0,1021.4,10.5,0.0,7.0,1.0,5.0,81.0,,2388.0
2021-07-10,Hoek van Holland,330,2.9,32.0,17.0,1016.6,2.7,2.3,6.0,1.0,5.0,87.0,,1344.0
2021-07-11,Hoek van Holland,330,2.8,346.0,17.4,1016.0,5.3,2.9,7.0,1.0,5.0,87.0,,1489.0
2021-07-12,Hoek van Holland,330,4.4,39.0,19.1,1010.9,1.1,9.8,10.0,2.0,8.0,84.0,,1046.0
2021-07-13,Hoek van Holland,330,8.8,357.0,17.4,1011.9,0.5,0.0,14.0,4.0,11.0,92.0,,1010.0
2021-07-14,Hoek van Holland,330,11.0,340.0,16.8,1013.2,0.0,0.0,17.0,9.0,14.0,95.0,,624.0
2021-07-15,Hoek van Holland,330,12.2,355.0,17.2,1018.0,2.3,0.0,17.0,10.0,13.0,88.0,,1235.0
2021-07-16,Hoek van Holland,330,8.8,357.0,17.0,1024.3,6.5,0.0,13.0,7.0,10.0,78.0,,2131.0
2021-07-17,Hoek van Holland,330,6.8,7.0,18.3,1026.8,13.6,0.0,10.0,3.0,9.0,85.0,,2812.0
2021-07-18,Hoek van Holland,330,3.8,343.0,18.7,1024.4,14.8,0.0,10.0,2.0,8.0,84.0,,2765.0
2021-07-19,Hoek van Holland,330,4.4,41.0,18.4,1022.3,7.3,0.0,9.0,1.0,8.0,77.0,,2046.0
2021-07-20,Hoek van Holland,330,3.9,43.0,18.2,1021.8,12.5,0.0,7.0,2.0,6.0,74.0,,2594.0
2021-07-21,Hoek van Holland,330,3.6,7.0,19.5,1023.5,14.7,0.0,7.0,1.0,6.0,74.0,,2627.0
2021-07-22,Hoek van Holland,330,6.6,18.0,18.0,1022.7,12.7,0.0,10.0,4.0,9.0,77.0,,2624.0
2021-07-23,Hoek van Holland,330,5.2,47.0,17.6,1017.5,5.7,0.0,11.0,2.0,10.0,77.0,,1690.0
2021-07-24,Hoek van Holland,330,4.5,88.0,18.3,1009.2,0.0,0.9,10.0,2.0,7.0,84.0,,637.0
2021-07-25,Hoek van Holland,330,3.5,92.0,19.6,1007.9,8.4,3.0,7.0,1.0,5.0,86.0,,2096.0
2021-07-26,Hoek van Holland,330,3.2,274.0,18.1,1009.5,2.5,15.1,7.0,1.0,5.0,92.0,,1325.0
2021-07-27,Hoek van Holland,330,5.9,204.0,17.6,1009.8,1.8,17.6,15.0,4.0,8.0,89.0,,1105.0
2021-07-28,Hoek van Holland,330,10.2,219.0,17.6,1008.0,5.5,1.8,21.0,6.0,13.0,80.0,,1519.0
2021-07-29,Hoek van Holland,330,10.0,241.0,17.5,1009.8,13.3,0.0,18.0,8.0,12.0,68.0,,2545.0
2021-07-30,Hoek van Holland,330,8.7,209.0,17.1,1005.7,4.1,11.0,22.0,5.0,13.0,80.0,,1323.0
2021-07-31,Hoek van Holland,330,9.0,259.0,17.2,1007.5,7.8,2.9,20.0,4.0,14.0,84.0,,1716.0
2021-08-01,Hoek van Holland,330,5.7,308.0,17.1,1010.4,6.0,0.3,13.0,4.0,7.0,80.0,,1893.0
2021-08-02,Hoek van Holland,330,3.7,328.0,15.8,1014.7,10.8,0.0,8.0,1.0,6.0,71.0,,2296.0
2021-08-03,Hoek van Holland,330,4.2,35.0,15.7,1013.8,8.7,0.0,9.0,2.0,7.0,73.0,,1942.0
2021-08-04,Hoek van Holland,330,3.2,72.0,17.0,1013.2,5.9,0.3,6.0,1.0,5.0,77.0,,1517.0
2021-08-05,Hoek van Holland,330,3.1,142.0,18.8,1007.0,7.8,0.1,12.0,1.0,8.0,73.0,,1745.0
2021-08-06,Hoek van Holland,330,10.3,212.0,18.2,1001.2,6.5,5.8,21.0,8.0,14.0,80.0,,1638.0
2021-08-07,Hoek van Holland,330,7.6,195.0,17.0,1000.6,4.0,8.1,15.0,5.0,10.0,81.0,,1386.0
2021-08-08,Hoek van Holland,330,11.6,230.0,17.2,1007.0,6.6,3.7,22.0,10.0,13.0,78.0,,1733.0
2021-08-09,Hoek van Holland,330,8.9,216.0,17.1,1013.5,6.6,2.9,17.0,7.0,11.0,79.0,,1564.0
2021-08-10,Hoek van Holland,330,5.4,239.0,17.5,1015.9,9.6,4.6,12.0,3.0,7.0,82.0,,1963.0
2021-08-11,Hoek van Holland,330,4.2,216.0,18.0,1018.9,10.5,0.0,9.0,1.0,6.0,83.0,,2261.0
2021-08-12,Hoek van Holland,330,3.8,242.0,18.4,1019.3,8.6,0.0,8.0,2.0,5.0,83.0,,1948.0
2021-08-13,Hoek van Holland,330,7.0,242.0,18.3,1021.2,6.1,0.0,12.0,4.0,9.0,80.0,,1697.0
2021-08-14,Hoek van Holland,330,4.9,231.0,19.1,1019.7,11.5,0.0,9.0,3.0,7.0,79.0,,2219.0
2021-08-15,Hoek van Holland,330,7.8,234.0,19.4,1012.7,10.5,0.0,16.0,4.0,11.0,77.0,,2161.0
2021-08-16,Hoek van Holland,330,11.5,297.0,16.4,1013.6,4.3,2.8,18.0,9.0,14.0,76.0,,1170.0
2021-08-17,Hoek van Holland,330,8.1,280.0,15.9,1016.7,0.0,8.1,13.0,7.0,9.0,86.0,,468.0
2021-08-18,Hoek van Holland,330,6.4,271.0,17.5,1014.9,0.9,0.0,11.0,4.0,8.0,83.0,,872.0
2021-08-19,Hoek van Holland,330,6.0,251.0,17.1,1013.7,0.9,2.0,11.0,4.0,8.0,84.0,,547.0
2021-08-20,Hoek van Holland,330,4.2,247.0,18.2,1016.4,7.6,0.0,10.0,1.0,6.0,86.0,,1725.0
2021-08-21,Hoek van Holland,330,3.2,107.0,18.9,1016.5,1.5,23.9,8.0,1.0,7.0,86.0,,1233.0
2021-08-22,Hoek van Holland,330,7.2,314.0,17.9,1016.2,2.1,16.0,15.0,4.0,12.0,92.0,,950.0
2021-08-23,Hoek van Holland,330,10.5,23.0,18.3,1025.2,10.1,0.0,16.0,6.0,13.0,77.0,,2006.0
2021-08-24,Hoek van Holland,330,8.2,29.0,17.0,1028.5,13.0,0.0,12.0,6.0,10.0,82.0,,2141.0
2021-08-25,Hoek van Holland,330,6.7,360.0,16.6,1023.2,7.5,0.4,13.0,3.0,10.0,87.0,,1813.0
2021-08-26,Hoek van Holland,330,9.9,354.0,16.4,1017.5,1.9,0.6,16.0,6.0,12.0,77.0,,1022.0
2021-08-27,Hoek van Holland,330,9.6,357.0,17.1,1020.2,10.0,8.5,17.0,7.0,12.0,77.0,,1935.0
2021-08-28,Hoek van Holland,330,11.0,14.0,17.4,1022.1,6.7,0.8,15.0,10.0,12.0,81.0,,1757.0
2021-08-29,Hoek van Holland,330,10.7,2.0,16.7,1021.6,0.0,0.5,15.0,9.0,12.0,85.0,,453.0
2021-08-30,Hoek van Holland,330,9.8,13.0,17.4,1022.8,4.5,0.0,14.0,8.0,11.0,85.0,,1039.0
2021-08-31,Hoek van Holland,330,8.3,15.0,16.8,1027.1,5.3,0.0,13.0,7.0,10.0,80.0,,1336.0
2021-09-01,Hoek van Holland,330,5.9,18.0,16.7,1029.0,1.4,0.1,10.0,1.0,8.0,77.0,,998.0
2021-09-02,Hoek van Holland,330,5.2,40.0,16.2,1026.9,4.9,0.0,10.0,2.0,9.0,75.0,,1201.0
2021-09-03,Hoek van Holland,330,6.8,37.0,16.3,1021.4,11.9,0.0,13.0,4.0,11.0,84.0,,1911.0
2021-09-04,Hoek van Holland,330,5.2,56.0,16.6,1019.1,9.4,0.0,9.0,3.0,8.0,79.0,,1775.0
2021-09-05,Hoek van Holland,330,4.0,57.0,17.4,1021.5,12.3,0.0,8.0,2.0,6.0,77.0,,1957.0
2021-09-06,Hoek van Holland,330,2.0,60.0,18.0,1024.1,9.2,0.0,4.0,0.0,3.0,81.0,,1520.0
2021-09-07,Hoek van Holland,330,3.1,97.0,20.1,1022.4,10.3,0.0,7.0,1.0,5.0,71.0,,1702.0
2021-09-08,Hoek van Holland,330,4.1,110.0,21.6,1014.9,12.2,0.0,7.0,3.0,5.0,65.0,,1815.0
2021-09-09,Hoek van Holland,330,4.2,186.0,19.7,1009.9,7.0,1.0,10.0,2.0,6.0,81.0,,1515.0
2021-09-10,Hoek van Holland,330,5.0,216.0,19.4,1012.2,2.9,0.0,12.0,4.0,8.0,86.0,,880.0
2021-09-11,Hoek van Holland,330,6.9,237.0,18.5,1016.0,0.6,0.0,12.0,5.0,8.0,85.0,,634.0
2021-09-12,Hoek van Holland,330,4.8,300.0,17.1,1018.3,8.1,0.0,9.0,3.0,6.0,82.0,,1559.0
2021-09-13,Hoek van Holland,330,3.3,54.0,16.6,1018.4,2.0,0.0,7.0,1.0,5.0,80.0,,778.0
2021-09-14,Hoek van Holland,330,4.5,128.0,18.5,1012.9,3.8,0.7,8.0,2.0,6.0,81.0,,1028.0
2021-09-15,Hoek van Holland,330,6.7,305.0,17.3,1012.3,0.8,0.0,12.0,3.0,9.0,84.0,,594.0
2021-09-16,Hoek van Holland,330,5.4,287.0,17.4,1017.2,10.7,0.0,11.0,2.0,9.0,77.0,,1623.0
2021-09-17,Hoek van Holland,330,3.5,226.0,17.5,1015.9,7.9,0.0,8.0,1.0,5.0,85.0,,1368.0
2021-09-18,Hoek van Holland,330,3.9,109.0,18.3,1016.1,5.4,0.0,8.0,3.0,5.0,74.0,,1162.0
2021-09-19,Hoek van Holland,330,3.7,100.0,16.6,1015.1,8.6,0.0,7.0,2.0,5.0,78.0,,1361.0
2021-09-20,Hoek van Holland,330,5.3,82.0,14.1,1022.3,7.4,0.0,11.0,3.0,7.0,65.0,,1304.0
2021-09-21,Hoek van Holland,330,3.0,232.0,14.3,1030.0,10.2,0.0,6.0,2.0,4.0,73.0,,1438.0
2021-09-22,Hoek van Holland,330,4.7,215.0,16.5,1027.1,10.0,0.0,9.0,3.0,6.0,75.0,,1495.0
2021-09-23,Hoek van Holland,330,7.4,259.0,17.4,1018.4,6.2,0.0,15.0,1.0,11.0,80.0,,1094.0
2021-09-24,Hoek van Holland,330,6.8,232.0,18.1,1015.4,9.9,0.0,16.0,2.0,10.0,81.0,,1387.0
2021-09-25,Hoek van Holland,330,3.9,194.0,17.7,1014.9,3.6,0.0,10.0,2.0,7.0,90.0,,853.0
2021-09-26,Hoek van Holland,330,4.4,184.0,18.7,1013.6,4.5,0.0,9.0,2.0,6.0,81.0,,955.0
2021-09-27,Hoek van Holland,330,8.6,214.0,16.5,1013.8,2.3,3.8,19.0,5.0,13.0,80.0,,563.0
2021-09-28,Hoek van Holland,330,7.1,181.0,15.4,1019.2,7.0,0.3,13.0,6.0,9.0,75.0,,1136.0
2021-09-29,Hoek van Holland,330,11.1,272.0,13.6,1016.5,5.2,14.6,21.0,5.0,14.0,75.0,,809.0
2021-09-30,Hoek van Holland,330,10.0,221.0,13.9,1021.7,1.1,0.0,17.0,7.0,12.0,63.0,,525.0
2021-10-01,Hoek van Holland,330,9.3,195.0,13.8,1012.3,0.1,13.0,17.0,5.0,11.0,85.0,,304.0
2021-10-02,Hoek van Holland,330,9.3,174.0,13.8,1002.7,1.0,15.9,22.0,3.0,16.0,86.0,,426.0
2021-10-03,Hoek van Holland,330,7.6,212.0,13.3,1000.1,1.5,11.6,17.0,2.0,12.0,87.0,,359.0
2021-10-04,Hoek van Holland,330,8.7,190.0,13.8,1011.9,7.3,3.4,15.0,6.0,12.0,80.0,,899.0
2021-10-05,Hoek van Holland,330,10.3,202.0,13.1,1003.6,3.2,11.5,21.0,8.0,14.0,81.0,,496.0
2021-10-06,Hoek van Holland,330,12.6,289.0,13.7,1013.9,3.2,15.6,21.0,7.0,16.0,86.0,,648.0
2021-10-07,Hoek van Holland,330,3.4,311.0,14.2,1027.5,9.6,0.0,10.0,1.0,8.0,83.0,,1216.0
2021-10-08,Hoek van Holland,330,3.0,98.0,12.2,1030.7,8.7,0.0,5.0,2.0,4.0,85.0,,1197.0
2021-10-09,Hoek van Holland,330,3.0,102.0,12.1,1028.8,10.0,0.0,7.0,1.0,5.0,85.0,,1167.0
2021-10-10,Hoek van Holland,330,3.8,339.0,12.9,1027.3,4.7,2.5,13.0,0.0,10.0,85.0,,794.0
2021-10-11,Hoek van Holland,330,8.2,325.0,14.1,1026.9,4.5,0.0,12.0,7.0,10.0,70.0,,754.0
2021-10-12,Hoek van Holland,330,9.9,333.0,13.3,1021.9,5.1,4.8,15.0,8.0,12.0,75.0,,732.0
2021-10-13,Hoek van Holland,330,6.8,299.0,13.0,1025.7,4.3,3.6,12.0,5.0,8.0,75.0,,797.0
2021-10-14,Hoek van Holland,330,7.1,257.0,15.0,1022.0,2.0,0.1,13.0,6.0,9.0,84.0,,554.0
2021-10-15,Hoek van Holland,330,7.7,329.0,13.2,1018.9,6.8,2.1,16.0,2.0,12.0,69.0,,914.0
2021-10-16,Hoek van Holland,330,4.3,207.0,11.3,1021.3,3.6,0.0,9.0,2.0,6.0,73.0,,647.0
2021-10-17,Hoek van Holland,330,6.2,189.0,12.5,1019.7,1.1,0.0,11.0,5.0,7.0,72.0,,453.0
2021-10-18,Hoek van Holland,330,7.0,181.0,12.9,1019.4,2.5,0.0,12.0,6.0,8.0,80.0,,597.0
2021-10-19,Hoek van Holland,330,8.6,203.0,16.8,1013.7,3.5,3.0,16.0,6.0,11.0,90.0,,446.0
2021-10-20,Hoek van Holland,330,10.2,209.0,15.7,1000.0,1.6,12.8,20.0,5.0,13.0,84.0,,427.0
2021-10-21,Hoek van Holland,330,14.3,293.0,11.2,1002.8,3.2,13.5,28.0,11.0,20.0,72.0,,430.0
2021-10-22,Hoek van Holland,330,12.1,292.0,11.6,1017.5,2.9,1.7,21.0,7.0,16.0,70.0,,475.0
2021-10-23,Hoek van Holland,330,4.8,204.0,10.9,1026.1,0.8,0.0,10.0,2.0,7.0,82.0,,181.0
2021-10-24,Hoek van Holland,330,6.4,182.0,10.4,1021.1,9.2,0.0,12.0,5.0,8.0,76.0,,936.0
2021-10-25,Hoek van Holland,330,6.9,196.0,11.6,1016.3,0.5,1.2,11.0,6.0,8.0,94.0,,200.0
2021-10-26,Hoek van Holland,330,7.7,217.0,13.2,1018.9,4.6,0.1,15.0,5.0,9.0,87.0,,579.0
2021-10-27,Hoek van Holland,330,8.4,205.0,13.6,1020.4,1.8,0.0,14.0,7.0,9.0,86.0,,339.0
2021-10-28,Hoek van Holland,330,8.3,173.0,13.0,1012.9,8.8,0.0,15.0,7.0,11.0,80.0,,846.0
2021-10-29,Hoek van Holland,330,9.7,175.0,13.0,1004.1,5.6,0.8,18.0,6.0,13.0,80.0,,589.0
2021-10-30,Hoek van Holland,330,7.9,174.0,12.3,1000.5,0.2,8.9,17.0,5.0,12.0,93.0,,176.0
2021-10-31,Hoek van Holland,330,8.7,177.0,11.5,998.4,0.2,10.6,20.0,6.0,11.0,90.0,,181.0
2021-11-01,Hoek van Holland,330,10.0,198.0,10.1,996.7,6.5,0.4,18.0,7.0,12.0,81.0,,657.0
2021-11-02,Hoek van Holland,330,5.0,208.0,8.2,998.7,1.6,3.6,10.0,3.0,8.0,90.0,,235.0
2021-11-03,Hoek van Holland,330,2.6,162.0,7.7,1001.8,5.3,4.6,12.0,1.0,8.0,90.0,,648.0
2021-11-04,Hoek van Holland,330,7.5,350.0,9.2,1008.6,1.0,16.0,17.0,2.0,12.0,87.0,,303.0
2021-11-05,Hoek van Holland,330,7.0,303.0,10.8,1023.3,5.7,0.7,11.0,4.0,8.0,77.0,,554.0
2021-11-06,Hoek van Holland,330,8.8,232.0,11.6,1023.1,0.2,0.9,20.0,6.0,13.0,85.0,,224.0
2021-11-07,Hoek van Holland,330,11.7,294.0,11.3,1017.2,3.0,1.4,18.0,8.0,14.0,73.0,,421.0
2021-11-08,Hoek van Holland,330,4.8,267.0,10.1,1022.7,3.4,0.0,10.0,3.0,8.0,76.0,,417.0
2021-11-09,Hoek van Holland,330,6.6,191.0,9.5,1024.9,0.0,0.1,11.0,5.0,8.0,93.0,,157.0
2021-11-10,Hoek van Holland,330,4.7,193.0,10.2,1023.8,0.9,0.0,9.0,3.0,7.0,84.0,,296.0
2021-11-11,Hoek van Holland,330,4.2,190.0,10.6,1023.3,0.0,0.5,7.0,3.0,6.0,91.0,,214.0
2021-11-12,Hoek van Holland,330,8.1,187.0,9.5,1013.8,4.1,0.4,14.0,6.0,10.0,83.0,,431.0
2021-11-13,Hoek van Holland,330,5.9,309.0,11.9,1012.1,2.5,8.8,14.0,3.0,9.0,94.0,,381.0
2021-11-14,Hoek van Holland,330,4.4,70.0,10.4,1023.4,0.0,0.2,8.0,2.0,6.0,88.0,,205.0
2021-11-15,Hoek van Holland,330,4.1,67.0,7.2,1026.7,0.0,0.0,8.0,2.0,5.0,86.0,,76.0
2021-11-16,Hoek van Holland,330,4.4,166.0,5.8,1022.7,0.0,0.0,11.0,2.0,7.0,92.0,,68.0
2021-11-17,Hoek van Holland,330,7.6,276.0,10.3,1021.9,3.9,1.3,12.0,5.0,10.0,83.0,,390.0
2021-11-18,Hoek van Holland,330,7.2,249.0,11.7,1027.2,4.9,0.0,13.0,6.0,8.0,81.0,,457.0
2021-11-19,Hoek van Holland,330,6.0,261.0,12.3,1029.1,6.2,0.0,10.0,3.0,7.0,88.0,,472.0
2021-11-20,Hoek van Holland,330,5.9,246.0,10.8,1022.3,0.0,0.0,12.0,3.0,9.0,86.0,,52.0
2021-11-21,Hoek van Holland,330,10.0,7.0,9.4,1015.1,4.5,4.9,17.0,7.0,12.0,77.0,,399.0
2021-11-22,Hoek van Holland,330,4.8,50.0,7.0,1028.0,7.2,0.0,12.0,1.0,9.0,75.0,,502.0
2021-11-23,Hoek van Holland,330,4.0,8.0,9.5,1030.3,2.1,0.0,10.0,2.0,7.0,86.0,,273.0
2021-11-24,Hoek van Holland,330,4.3,175.0,7.9,1020.9,0.0,0.0,9.0,2.0,6.0,82.0,,186.0
2021-11-25,Hoek van Holland,330,7.8,328.0,8.0,1011.3,1.0,10.9,16.0,4.0,11.0,79.0,,212.0
2021-11-26,Hoek van Holland,330,9.5,266.0,6.0,991.8,0.0,17.2,19.0,2.0,13.0,82.0,,106.0
2021-11-27,Hoek van Holland,330,5.4,186.0,3.8,988.9,0.2,7.7,14.0,2.0,10.0,93.0,,91.0
2021-11-28,Hoek van Holland,330,6.0,29.0,4.1,999.7,0.0,9.9,19.0,2.0,14.0,85.0,,136.0
2021-11-29,Hoek van Holland,330,11.2,313.0,6.7,1009.2,2.2,2.1,20.0,5.0,14.0,68.0,,234.0
2021-11-30,Hoek van Holland,330,11.7,267.0,10.0,1006.1,0.0,5.7,20.0,8.0,15.0,94.0,,61.0
2021-12-01,Hoek van Holland,330,13.3,278.0,8.7,994.0,0.5,3.5,23.0,9.0,16.0,83.0,,117.0
2021-12-02,Hoek van Holland,330,8.8,343.0,4.7,1004.9,2.6,5.9,22.0,3.0,14.0,79.0,,228.0
2021-12-03,Hoek van Holland,330,8.9,208.0,5.1,1004.7,0.0,0.2,18.0,4.0,13.0,86.0,,114.0
2021-12-04,Hoek van Holland,330,8.0,238.0,6.0,995.8,0.8,16.3,16.0,4.0,12.0,89.0,,92.0
2021-12-05,Hoek van Holland,330,4.5,163.0,4.8,1002.4,0.9,10.1,12.0,3.0,8.0,92.0,,204.0
2021-12-06,Hoek van Holland,330,7.8,176.0,3.7,1009.4,1.9,7.1,18.0,3.0,14.0,91.0,,252.0
2021-12-07,Hoek van Holland,330,10.0,183.0,5.8,1001.4,2.5,6.6,19.0,4.0,14.0,80.0,,281.0
2021-12-08,Hoek van Holland,330,9.9,194.0,5.6,994.6,5.3,1.7,17.0,7.0,12.0,84.0,,348.0
2021-12-09,Hoek van Holland,330,7.5,191.0,5.0,1000.2,0.0,1.6,13.0,5.0,10.0,92.0,,139.0
2021-12-10,Hoek van Holland,330,5.1,130.0,3.9,995.1,0.0,10.6,15.0,1.0,10.0,93.0,,72.0
2021-12-11,Hoek van Holland,330,6.7,257.0,6.8,1015.0,3.7,1.2,15.0,1.0,10.0,85.0,,301.0
2021-12-12,Hoek van Holland,330,8.0,216.0,9.2,1020.7,0.3,2.8,15.0,5.0,11.0,97.0,,74.0
2021-12-13,Hoek van Holland,330,6.3,200.0,9.7,1025.4,0.7,0.0,10.0,5.0,7.0,86.0,,155.0
2021-12-14,Hoek van Holland,330,7.0,218.0,9.0,1026.8,1.0,0.1,12.0,6.0,8.0,94.0,,104.0
2021-12-15,Hoek van Holland,330,5.6,227.0,9.6,1030.8,0.0,0.0,12.0,4.0,8.0,93.0,,87.0
2021-12-16,Hoek van Holland,330,3.3,273.0,8.9,1037.6,6.3,0.0,8.0,1.0,6.0,94.0,,360.0
2021-12-17,Hoek van Holland,330,3.7,57.0,8.0,1040.8,0.0,0.0,8.0,1.0,5.0,95.0,,55.0
2021-12-18,Hoek van Holland,330,2.5,52.0,6.3,1039.6,0.0,0.0,7.0,1.0,4.0,98.0,,101.0
2021-12-19,Hoek van Holland,330,6.2,353.0,7.1,1032.4,0.0,0.7,12.0,3.0,8.0,94.0,,82.0
2021-12-20,Hoek van Holland,330,3.1,70.0,5.8,1028.5,0.0,0.0,8.0,2.0,6.0,72.0,,153.0
2021-12-21,Hoek van Holland,330,3.3,114.0,0.4,1026.5,6.6,0.0,6.0,2.0,5.0,85.0,,405.0
2021-12-22,Hoek van Holland,330,5.1,157.0,0.0,1022.0,6.1,0.0,11.0,3.0,8.0,82.0,,338.0
2021-12-23,Hoek van Holland,330,8.2,206.0,3.8,1008.7,0.2,3.3,15.0,6.0,10.0,91.0,,169.0
2021-12-24,Hoek van Holland,330,6.8,263.0,8.1,1004.4,0.0,4.3,14.0,3.0,10.0,95.0,,129.0
2021-12-25,Hoek van Holland,330,7.8,84.0,0.5,1008.0,4.8,0.5,12.0,6.0,9.0,76.0,,348.0
2021-12-26,Hoek van Holland,330,6.5,108.0,-0.5,1004.5,1.2,0.2,11.0,6.0,8.0,79.0,,178.0
2021-12-27,Hoek van Holland,330,6.2,151.0,7.1,996.7,0.0,3.3,11.0,4.0,8.0,98.0,,106.0
2021-12-28,Hoek van Holland,330,9.9,236.0,9.0,991.8,0.5,11.0,20.0,8.0,12.0,96.0,,136.0
2021-12-29,Hoek van Holland,330,7.8,227.0,9.1,1005.1,0.0,3.9,18.0,3.0,11.0,96.0,,84.0
2021-12-30,Hoek van Holland,330,11.5,227.0,11.2,1013.6,0.0,0.0,21.0,9.0,13.0,96.0,,109.0
2021-12-31,Hoek van Holland,330,9.8,219.0,11.4,1017.9,2.1,0.0,18.0,7.0,12.0,89.0,,179.0
2022-01-01,Hoek van Holland,330,8.1,194.0,11.8,1020.2,0.6,0.4,14.0,6.0,10.0,89.0,,198.0
2022-01-02,Hoek van Holland,330,10.2,220.0,11.2,1010.9,2.6,1.9,20.0,8.0,14.0,86.0,,230.0
2022-01-03,Hoek van Holland,330,9.3,227.0,9.4,1007.4,1.2,0.0,19.0,7.0,12.0,89.0,,185.0
2022-01-04,Hoek van Holland,330,7.9,293.0,6.9,998.3,0.2,0.4,15.0,5.0,11.0,81.0,,99.0
2022-01-05,Hoek van Holland,330,12.9,299.0,6.0,1008.0,1.0,2.5,19.0,10.0,15.0,78.0,,164.0
2022-01-06,Hoek van Holland,330,7.5,223.0,5.4,1016.9,2.8,0.7,19.0,2.0,13.0,75.0,,261.0
2022-01-07,Hoek van Holland,330,9.2,246.0,5.6,1009.1,2.7,1.3,16.0,7.0,12.0,77.0,,224.0
2022-01-08,Hoek van Holland,330,10.0,217.0,5.6,1000.7,0.0,18.4,19.0,6.0,15.0,85.0,,103.0
2022-01-09,Hoek van Holland,330,8.6,284.0,6.0,1001.1,2.5,0.0,19.0,3.0,15.0,80.0,,261.0
2022-01-10,Hoek van Holland,330,4.6,179.0,4.0,1021.6,2.4,0.0,10.0,3.0,7.0,91.0,,266.0
2022-01-11,Hoek van Holland,330,6.3,187.0,3.7,1032.0,4.2,1.3,11.0,3.0,8.0,87.0,,343.0
2022-01-12,Hoek van Holland,330,3.3,192.0,4.4,1039.4,4.7,0.5,8.0,1.0,5.0,98.0,,337.0
2022-01-13,Hoek van Holland,330,4.6,213.0,5.0,1039.9,0.0,0.0,8.0,3.0,5.0,99.0,,163.0
2022-01-14,Hoek van Holland,330,3.3,315.0,5.6,1035.4,0.0,0.0,7.0,2.0,5.0,92.0,,150.0
2022-01-15,Hoek van Holland,330,4.7,154.0,2.8,1027.1,1.3,0.0,9.0,3.0,6.0,96.0,,173.0
2022-01-16,Hoek van Holland,330,6.7,268.0,7.0,1025.5,1.2,0.1,13.0,5.0,9.0,86.0,,178.0
2022-01-17,Hoek van Holland,330,6.1,302.0,6.6,1035.2,2.6,0.0,11.0,2.0,8.0,92.0,,320.0
2022-01-18,Hoek van Holland,330,2.5,219.0,3.7,1037.4,0.0,0.0,6.0,1.0,5.0,99.0,,183.0
2022-01-19,Hoek van Holland,330,7.1,296.0,5.6,1024.8,0.3,1.2,16.0,1.0,12.0,87.0,,111.0
2022-01-20,Hoek van Holland,330,12.0,342.0,5.3,1030.5,3.7,0.6,22.0,9.0,14.0,74.0,,366.0
2022-01-21,Hoek van Holland,330,7.7,319.0,5.8,1034.9,1.4,0.6,16.0,6.0,10.0,82.0,,247.0
2022-01-22,Hoek van Holland,330,4.5,291.0,6.5,1035.1,0.0,0.0,8.0,3.0,6.0,89.0,,98.0
2022-01-23,Hoek van Holland,330,2.5,199.0,6.3,1035.6,0.0,0.0,6.0,1.0,4.0,82.0,,121.0
2022-01-24,Hoek van Holland,330,2.5,104.0,4.8,1034.5,0.6,0.0,5.0,2.0,3.0,72.0,,198.0
2022-01-25,Hoek van Holland,330,2.3,61.0,3.7,1034.0,0.0,0.0,5.0,1.0,3.0,77.0,,128.0
2022-01-26,Hoek van Holland,330,6.3,245.0,5.3,1030.8,0.0,0.0,15.0,2.0,9.0,81.0,,122.0
2022-01-27,Hoek van Holland,330,9.8,272.0,7.7,1025.4,1.7,2.1,17.0,8.0,12.0,84.0,,277.0
2022-01-28,Hoek van Holland,330,6.5,253.0,7.1,1032.5,6.0,0.0,14.0,2.0,10.0,87.0,,506.0
2022-01-29,Hoek van Holland,330,10.9,258.0,8.9,1024.5,4.7,0.1,20.0,9.0,13.0,84.0,,484.0
2022-01-30,Hoek van Holland,330,7.4,294.0,6.6,1027.0,4.5,0.4,17.0,3.0,11.0,75.0,,497.0
2022-01-31,Hoek van Holland,330,17.0,313.0,6.6,1015.0,0.0,5.2,28.0,9.0,21.0,73.0,,162.0
2022-02-01,Hoek van Holland,330,10.0,271.0,7.8,1016.4,2.3,1.8,16.0,8.0,12.0,86.0,,335.0
2022-02-02,Hoek van Holland,330,6.5,267.0,8.2,1019.9,1.4,0.0,15.0,3.0,11.0,91.0,,306.0
2022-02-03,Hoek van Holland,330,7.7,220.0,7.5,1014.3,0.1,1.6,14.0,6.0,9.0,90.0,,181.0
2022-02-04,Hoek van Holland,330,11.9,255.0,6.9,1009.5,0.7,5.6,19.0,9.0,14.0,82.0,,181.0
2022-02-05,Hoek van Holland,330,12.4,245.0,7.0,1016.5,6.6,4.5,24.0,9.0,16.0,80.0,,646.0
2022-02-06,Hoek van Holland,330,14.4,267.0,7.3,1003.5,0.4,13.0,28.0,10.0,18.0,86.0,,174.0
2022-02-07,Hoek van Holland,330,9.9,275.0,6.7,1023.1,5.9,0.1,22.0,7.0,16.0,77.0,,678.0
2022-02-08,Hoek van Holland,330,9.6,229.0,9.1,1025.9,6.4,0.0,17.0,8.0,11.0,84.0,,684.0
2022-02-09,Hoek van Holland,330,8.5,226.0,8.4,1023.8,0.6,0.0,17.0,5.0,11.0,91.0,,354.0
2022-02-10,Hoek van Holland,330,6.4,276.0,6.7,1020.7,0.9,2.9,15.0,2.0,12.0,84.0,,410.0
2022-02-11,Hoek van Holland,330,7.8,316.0,5.3,1030.3,7.4,0.3,21.0,2.0,14.0,71.0,,775.0
2022-02-12,Hoek van Holland,330,8.3,185.0,4.6,1024.7,8.1,0.0,14.0,5.0,10.0,68.0,,817.0
2022-02-13,Hoek van Holland,330,11.3,184.0,6.8,1006.6,4.0,0.0,18.0,10.0,13.0,70.0,,558.0
2022-02-14,Hoek van Holland,330,10.4,217.0,8.7,999.4,6.0,1.2,18.0,6.0,13.0,79.0,,756.0
2022-02-15,Hoek van Holland,330,9.1,225.0,7.5,1006.6,3.1,7.2,19.0,6.0,13.0,87.0,,467.0
2022-02-16,Hoek van Holland,330,13.9,226.0,9.8,994.6,0.1,5.9,27.0,8.0,18.0,94.0,,269.0
2022-02-17,Hoek van Holland,330,12.7,257.0,8.7,1005.2,7.2,3.4,25.0,7.0,17.0,74.0,,843.0
2022-02-18,Hoek van Holland,330,15.7,233.0,8.4,997.2,1.8,1.7,39.0,6.0,24.0,76.0,,308.0
2022-02-19,Hoek van Holland,330,14.1,255.0,6.2,1008.6,5.1,9.0,26.0,10.0,19.0,74.0,,615.0
2022-02-20,Hoek van Holland,330,13.9,234.0,8.0,1001.7,0.0,17.7,30.0,6.0,19.0,90.0,,137.0
2022-02-21,Hoek van Holland,330,16.2,284.0,7.0,1003.8,3.2,0.6,29.0,10.0,20.0,75.0,,422.0
2022-02-22,Hoek van Holland,330,9.5,254.0,7.7,1017.0,0.3,1.1,21.0,6.0,14.0,86.0,,257.0
2022-02-23,Hoek van Holland,330,7.7,226.0,8.2,1021.6,8.0,0.0,15.0,5.0,10.0,74.0,,1027.0
2022-02-24,Hoek van Holland,330,11.0,248.0,6.5,1010.3,2.6,4.6,22.0,8.0,14.0,74.0,,417.0
2022-02-25,Hoek van Holland,330,9.8,289.0,6.3,1023.5,5.3,0.0,20.0,2.0,15.0,77.0,,719.0
2022-02-26,Hoek van Holland,330,4.5,146.0,5.0,1033.3,9.9,0.0,10.0,1.0,8.0,79.0,,1104.0
2022-02-27,Hoek van Holland,330,8.0,130.0,5.8,1029.7,9.5,0.0,13.0,7.0,10.0,60.0,,1203.0
2022-02-28,Hoek van Holland,330,6.4,160.0,6.4,1028.5,9.6,0.0,11.0,5.0,8.0,56.0,,1239.0
2022-03-01,Hoek van Holland,330,3.4,132.0,6.2,1027.2,0.0,3.6,8.0,1.0,6.0,78.0,,268.0
2022-03-02,Hoek van Holland,330,4.3,95.0,7.4,1023.1,7.1,0.0,9.0,3.0,6.0,56.0,,1043.0
2022-03-03,Hoek van Holland,330,5.5,108.0,6.5,1018.4,9.8,0.0,11.0,4.0,9.0,52.0,,1260.0
2022-03-04,Hoek van Holland,330,5.5,111.0,5.9,1020.0,10.0,0.0,9.0,4.0,7.0,57.0,,1287.0
2022-03-05,Hoek van Holland,330,5.8,53.0,3.5,1021.7,10.1,0.0,12.0,3.0,9.0,72.0,,1317.0
2022-03-06,Hoek van Holland,330,8.5,42.0,4.0,1027.4,10.0,0.0,14.0,4.0,10.0,66.0,,1273.0
2022-03-07,Hoek van Holland,330,5.3,94.0,4.1,1026.1,10.2,0.0,12.0,3.0,8.0,62.0,,1365.0
2022-03-08,Hoek van Holland,330,7.5,133.0,5.8,1020.1,10.3,0.0,12.0,5.0,10.0,47.0,,1391.0
2022-03-09,Hoek van Holland,330,5.7,143.0,8.6,1021.1,10.3,0.0,9.0,4.0,7.0,48.0,,1350.0
2022-03-10,Hoek van Holland,330,5.7,134.0,9.9,1020.5,10.3,0.0,12.0,3.0,8.0,51.0,,1381.0
2022-03-11,Hoek van Holland,330,8.8,139.0,11.5,1011.9,8.9,0.1,15.0,6.0,11.0,50.0,,1300.0
2022-03-12,Hoek van Holland,330,7.9,168.0,11.1,1013.9,3.5,0.3,15.0,3.0,10.0,69.0,,873.0
2022-03-13,Hoek van Holland,330,8.5,161.0,12.4,1012.3,8.1,0.0,16.0,6.0,10.0,62.0,,1245.0
2022-03-14,Hoek van Holland,330,5.0,215.0,9.1,1024.3,5.6,1.2,11.0,3.0,8.0,82.0,,1060.0
2022-03-15,Hoek van Holland,330,3.0,143.0,9.4,1024.3,5.9,0.0,8.0,2.0,6.0,75.0,,1144.0
2022-03-16,Hoek van Holland,330,7.5,131.0,10.2,1020.5,2.9,0.0,13.0,5.0,10.0,73.0,,810.0
2022-03-17,Hoek van Holland,330,6.7,279.0,7.8,1030.7,9.5,1.3,17.0,3.0,12.0,79.0,,1533.0
2022-03-18,Hoek van Holland,330,4.2,51.0,8.8,1042.9,11.0,0.0,11.0,1.0,8.0,76.0,,1537.0
2022-03-19,Hoek van Holland,330,8.3,79.0,10.0,1039.7,11.0,0.0,16.0,6.0,11.0,51.0,,1651.0
2022-03-20,Hoek van Holland,330,5.9,110.0,5.1,1028.7,2.4,0.1,12.0,2.0,9.0,71.0,,600.0
2022-03-21,Hoek van Holland,330,3.6,106.0,8.5,1030.3,10.7,0.0,6.0,2.0,5.0,62.0,,1576.0
2022-03-22,Hoek van Holland,330,3.2,93.0,11.7,1030.5,9.5,0.0,6.0,2.0,4.0,66.0,,1487.0
2022-03-23,Hoek van Holland,330,2.3,20.0,10.4,1030.5,11.3,0.0,5.0,1.0,4.0,68.0,,1608.0
2022-03-24,Hoek van Holland,330,1.9,11.0,9.5,1030.0,11.3,0.0,6.0,0.0,4.0,75.0,,1645.0
2022-03-25,Hoek van Holland,330,5.2,26.0,8.3,1031.4,11.5,0.0,9.0,3.0,8.0,78.0,,1709.0
2022-03-26,Hoek van Holland,330,4.7,28.0,9.0,1032.8,11.5,0.0,10.0,1.0,8.0,78.0,,1701.0
2022-03-27,Hoek van Holland,330,5.4,31.0,9.1,1031.0,10.3,0.0,10.0,2.0,8.0,82.0,,1772.0
2022-03-28,Hoek van Holland,330,3.0,20.0,6.8,1022.4,6.7,0.0,7.0,1.0,5.0,92.0,,1384.0
2022-03-29,Hoek van Holland,330,4.3,69.0,9.1,1012.1,1.4,0.0,8.0,3.0,6.0,78.0,,924.0
2022-03-30,Hoek van Holland,330,6.5,40.0,7.3,1005.1,9.2,2.6,16.0,3.0,13.0,74.0,,1488.0
2022-03-31,Hoek van Holland,330,12.1,32.0,2.7,1002.5,2.7,11.9,24.0,6.0,20.0,88.0,,878.0
2022-04-01,Hoek van Holland,330,14.4,38.0,3.0,1012.3,6.1,5.5,23.0,11.0,17.0,68.0,,1441.0
2022-04-02,Hoek van Holland,330,9.1,32.0,4.4,1020.7,8.8,0.0,17.0,3.0,12.0,56.0,,1448.0
2022-04-03,Hoek van Holland,330,4.4,288.0,5.0,1022.9,9.7,1.3,13.0,1.0,9.0,74.0,,1692.0
2022-04-04,Hoek van Holland,330,11.8,246.0,8.1,1008.4,0.0,6.5,24.0,9.0,15.0,86.0,,243.0
2022-04-05,Hoek van Holland,330,8.8,250.0,10.0,1005.6,0.3,2.5,16.0,6.0,11.0,87.0,,689.0
2022-04-06,Hoek van Holland,330,12.3,221.0,9.8,997.4,0.4,0.5,22.0,8.0,14.0,83.0,,595.0
2022-04-07,Hoek van Holland,330,14.2,258.0,8.7,987.3,5.5,9.5,29.0,10.0,17.0,78.0,,1346.0
2022-04-08,Hoek van Holland,330,8.3,307.0,7.1,999.6,3.4,0.0,15.0,4.0,12.0,70.0,,1134.0
2022-04-09,Hoek van Holland,330,9.4,300.0,7.2,1013.3,10.7,0.8,20.0,7.0,12.0,67.0,,1995.0
2022-04-10,Hoek van Holland,330,4.1,313.0,7.9,1020.1,12.1,0.0,9.0,2.0,7.0,61.0,,2093.0
2022-04-11,Hoek van Holland,330,6.4,112.0,11.0,1014.4,11.6,0.0,13.0,4.0,9.0,52.0,,1814.0
2022-04-12,Hoek van Holland,330,5.3,149.0,14.4,1009.0,9.8,0.0,10.0,1.0,7.0,57.0,,1725.0
2022-04-13,Hoek van Holland,330,3.8,221.0,12.6,1016.9,2.9,0.0,8.0,3.0,5.0,77.0,,1132.0
2022-04-14,Hoek van Holland,330,3.0,285.0,10.7,1022.4,11.1,0.0,6.0,1.0,4.0,87.0,,2038.0
2022-04-15,Hoek van Holland,330,4.3,42.0,10.1,1028.5,9.3,0.0,10.0,2.0,8.0,81.0,,2016.0
2022-04-16,Hoek van Holland,330,5.1,96.0,12.0,1031.4,13.0,0.0,13.0,3.0,7.0,56.0,,2262.0
2022-04-17,Hoek van Holland,330,5.0,120.0,13.1,1024.6,13.0,0.0,8.0,3.0,6.0,39.0,,2375.0
2022-04-18,Hoek van Holland,330,4.4,132.0,13.0,1017.4,12.4,0.0,8.0,1.0,6.0,49.0,,2147.0
2022-04-19,Hoek van Holland,330,5.4,26.0,12.3,1015.2,11.6,0.0,10.0,2.0,9.0,65.0,,1978.0
2022-04-20,Hoek van Holland,330,6.1,46.0,13.3,1015.9,13.0,0.0,10.0,4.0,8.0,52.0,,2441.0
2022-04-21,Hoek van Holland,330,6.8,52.0,13.8,1012.5,12.6,0.0,13.0,4.0,10.0,53.0,,2347.0
2022-04-22,Hoek van Holland,330,7.8,69.0,13.6,1007.2,5.4,0.0,14.0,6.0,10.0,58.0,,1329.0
2022-04-23,Hoek van Holland,330,9.0,78.0,14.4,1003.9,10.6,0.0,17.0,7.0,11.0,56.0,,2017.0
2022-04-24,Hoek van Holland,330,9.8,26.0,11.7,1006.7,13.3,0.0,16.0,7.0,13.0,67.0,,2432.0
2022-04-25,Hoek van Holland,330,7.4,32.0,9.3,1013.4,1.1,2.2,13.0,4.0,11.0,79.0,,623.0
2022-04-26,Hoek van Holland,330,8.5,12.0,9.3,1021.0,13.3,0.1,15.0,6.0,11.0,72.0,,2515.0
2022-04-27,Hoek van Holland,330,5.4,16.0,9.1,1027.4,5.4,0.0,8.0,3.0,7.0,69.0,,1455.0
2022-04-28,Hoek van Holland,330,6.7,30.0,9.2,1030.9,11.7,0.0,13.0,3.0,11.0,71.0,,2358.0
2022-04-29,Hoek van Holland,330,8.1,30.0,9.0,1030.1,4.4,0.0,13.0,5.0,11.0,72.0,,1445.0
2022-04-30,Hoek van Holland,330,6.3,356.0,9.3,1028.0,8.7,0.0,11.0,3.0,9.0,72.0,,1964.0
2022-05-01,Hoek van Holland,330,3.0,17.0,9.5,1023.8,8.5,0.0,6.0,1.0,5.0,74.0,,2023.0
2022-05-02,Hoek van Holland,330,5.0,8.0,10.8,1020.8,13.8,0.0,10.0,1.0,9.0,73.0,,2551.0
2022-05-03,Hoek van Holland,330,6.0,7.0,10.1,1020.4,3.8,0.0,11.0,3.0,10.0,78.0,,1377.0
2022-05-04,Hoek van Holland,330,2.2,353.0,9.6,1019.7,11.6,0.0,5.0,1.0,4.0,71.0,,2329.0
2022-05-05,Hoek van Holland,330,3.2,289.0,11.3,1023.0,5.8,0.0,7.0,1.0,5.0,87.0,,1961.0
2022-05-06,Hoek van Holland,330,3.6,227.0,14.5,1024.9,12.0,0.0,9.0,1.0,6.0,69.0,,2502.0
2022-05-07,Hoek van Holland,330,6.0,354.0,12.9,1024.9,8.8,0.0,13.0,2.0,10.0,85.0,,2271.0
2022-05-08,Hoek van Holland,330,7.9,28.0,11.0,1028.5,13.3,0.0,12.0,4.0,10.0,73.0,,2698.0
2022-05-09,Hoek van Holland,330,3.2,71.0,14.2,1024.2,12.5,0.0,6.0,1.0,5.0,63.0,,2510.0
2022-05-10,Hoek van Holland,330,8.1,218.0,16.1,1015.8,3.0,0.0,16.0,6.0,11.0,65.0,,1335.0
2022-05-11,Hoek van Holland,330,9.0,236.0,14.2,1011.1,6.2,3.3,19.0,6.0,11.0,73.0,,2035.0
2022-05-12,Hoek van Holland,330,7.1,245.0,14.1,1017.9,14.0,0.0,15.0,5.0,9.0,66.0,,2728.0
2022-05-13,Hoek van Holland,330,8.5,241.0,14.1,1019.5,12.6,0.0,16.0,7.0,10.0,70.0,,2675.0
2022-05-14,Hoek van Holland,330,3.8,314.0,13.8,1021.5,12.9,0.0,10.0,2.0,7.0,78.0,,2738.0
2022-05-15,Hoek van Holland,330,5.5,99.0,19.6,1017.3,14.0,0.0,11.0,2.0,8.0,49.0,,2678.0
2022-05-16,Hoek van Holland,330,7.7,209.0,17.4,1015.7,6.8,0.4,18.0,5.0,12.0,70.0,,1696.0
2022-05-17,Hoek van Holland,330,3.7,318.0,16.9,1019.1,6.4,0.3,9.0,1.0,7.0,78.0,,1907.0
2022-05-18,Hoek van Holland,330,4.4,273.0,17.1,1020.1,11.5,0.0,10.0,3.0,7.0,74.0,,2508.0
2022-05-19,Hoek van Holland,330,4.0,236.0,16.7,1018.8,4.9,1.5,18.0,1.0,8.0,81.0,,1357.0
2022-05-20,Hoek van Holland,330,6.3,235.0,13.6,1018.3,3.2,11.9,16.0,2.0,10.0,85.0,,880.0
2022-05-21,Hoek van Holland,330,6.1,264.0,13.6,1020.6,11.3,0.0,15.0,1.0,10.0,79.0,,2402.0
2022-05-22,Hoek van Holland,330,3.6,59.0,15.3,1014.1,13.4,0.0,7.0,1.0,6.0,70.0,,2662.0
2022-05-23,Hoek van Holland,330,4.8,302.0,14.9,1001.6,0.2,6.9,13.0,1.0,9.0,83.0,,668.0
2022-05-24,Hoek van Holland,330,7.4,242.0,13.7,1006.0,9.2,1.8,14.0,5.0,9.0,76.0,,2230.0
2022-05-25,Hoek van Holland,330,9.9,229.0,14.4,1014.1,6.5,0.0,20.0,5.0,13.0,76.0,,1966.0
2022-05-26,Hoek van Holland,330,9.3,241.0,15.3,1020.0,9.4,0.0,19.0,7.0,13.0,78.0,,2236.0
2022-05-27,Hoek van Holland,330,8.2,290.0,14.2,1022.4,11.4,0.0,14.0,5.0,10.0,68.0,,2645.0
2022-05-28,Hoek van Holland,330,9.0,337.0,12.9,1022.3,13.2,0.0,14.0,8.0,11.0,65.0,,2643.0
2022-05-29,Hoek van Holland,330,8.3,349.0,11.5,1016.4,7.0,1.9,15.0,5.0,10.0,70.0,,2004.0
2022-05-30,Hoek van Holland,330,3.5,338.0,11.9,1014.1,13.4,0.0,8.0,2.0,5.0,61.0,,2812.0
2022-05-31,Hoek van Holland,330,3.2,166.0,13.1,1013.0,6.5,3.3,9.0,1.0,5.0,68.0,,1840.0
2022-06-01,Hoek van Holland,330,6.3,289.0,12.9,1016.3,13.0,0.6,11.0,3.0,9.0,74.0,,2404.0
2022-06-02,Hoek van Holland,330,5.5,21.0,13.9,1021.2,14.8,0.0,11.0,2.0,10.0,70.0,,2897.0
2022-06-03,Hoek van Holland,330,6.5,57.0,18.2,1018.4,13.9,0.0,12.0,4.0,9.0,55.0,,2732.0
2022-06-04,Hoek van Holland,330,8.2,43.0,17.0,1020.0,7.3,0.0,12.0,7.0,10.0,64.0,,1723.0
2022-06-05,Hoek van Holland,330,6.5,354.0,14.4,1014.1,0.3,17.6,12.0,3.0,9.0,91.0,,698.0
2022-06-06,Hoek van Holland,330,8.7,250.0,13.8,1013.3,3.5,2.9,17.0,6.0,11.0,85.0,,1129.0
2022-06-07,Hoek van Holland,330,5.3,258.0,15.4,1012.2,8.5,0.0,11.0,2.0,8.0,77.0,,2312.0
2022-06-08,Hoek van Holland,330,6.9,209.0,15.7,1006.5,2.6,8.9,13.0,4.0,9.0,85.0,,833.0
2022-06-09,Hoek van Holland,330,6.3,248.0,16.3,1015.5,12.1,3.2,13.0,4.0,9.0,74.0,,2793.0
2022-06-10,Hoek van Holland,330,7.1,219.0,17.8,1020.2,9.0,0.3,14.0,5.0,9.0,74.0,,2378.0
2022-06-11,Hoek van Holland,330,7.1,240.0,17.3,1022.3,15.2,0.0,13.0,5.0,9.0,67.0,,2961.0
2022-06-12,Hoek van Holland,330,5.8,266.0,16.4,1022.4,14.4,0.0,10.0,4.0,7.0,72.0,,2925.0
2022-06-13,Hoek van Holland,330,6.0,309.0,14.7,1023.8,14.2,0.0,12.0,3.0,10.0,66.0,,2946.0
2022-06-14,Hoek van Holland,330,4.1,12.0,15.7,1022.4,12.0,0.0,9.0,2.0,7.0,64.0,,2744.0
2022-06-15,Hoek van Holland,330,5.9,33.0,17.7,1019.4,14.9,0.0,11.0,2.0,9.0,68.0,,3005.0
2022-06-16,Hoek van Holland,330,2.8,42.0,18.3,1022.9,12.3,0.0,5.0,1.0,4.0,62.0,,2774.0
2022-06-17,Hoek van Holland,330,5.8,196.0,23.7,1020.8,12.8,0.0,13.0,3.0,10.0,49.0,,2715.0
2022-06-18,Hoek van Holland,330,8.7,11.0,17.9,1016.1,11.0,0.0,18.0,2.0,15.0,76.0,,2472.0
2022-06-19,Hoek van Holland,330,8.7,8.0,14.5,1013.8,3.3,1.4,19.0,6.0,15.0,74.0,,1333.0
2022-06-20,Hoek van Holland,330,6.7,354.0,15.2,1017.6,12.9,0.0,13.0,3.0,10.0,69.0,,2837.0
2022-06-21,Hoek van Holland,330,4.7,36.0,15.4,1015.4,12.2,0.0,9.0,2.0,8.0,75.0,,2682.0
2022-06-22,Hoek van Holland,330,6.2,21.0,17.2,1013.6,15.5,0.0,12.0,2.0,10.0,75.0,,3089.0
2022-06-23,Hoek van Holland,330,3.3,89.0,21.8,1010.0,12.8,0.0,9.0,2.0,6.0,68.0,,2464.0
2022-06-24,Hoek van Holland,330,4.4,218.0,19.7,1006.7,7.9,5.8,11.0,1.0,7.0,77.0,,2193.0
2022-06-25,Hoek van Holland,330,4.4,215.0,17.5,1010.8,2.6,5.6,11.0,2.0,7.0,80.0,,1450.0
2022-06-26,Hoek van Holland,330,4.5,197.0,17.6,1014.7,7.5,0.0,9.0,2.0,6.0,72.0,,1962.0
2022-06-27,Hoek van Holland,330,4.0,238.0,16.9,1017.2,5.8,4.4,13.0,1.0,8.0,77.0,,1308.0
2022-06-28,Hoek van Holland,330,4.8,176.0,18.5,1019.2,14.9,0.0,10.0,3.0,7.0,66.0,,2766.0
2022-06-29,Hoek van Holland,330,5.1,18.0,19.8,1013.3,14.6,0.0,9.0,4.0,7.0,66.0,,2860.0
2022-06-30,Hoek van Holland,330,5.0,270.0,16.3,1012.9,5.5,9.6,12.0,3.0,9.0,82.0,,1475.0
2022-07-01,Hoek van Holland,330,7.1,228.0,16.5,1017.7,10.2,1.7,14.0,6.0,9.0,71.0,,2282.0
2022-07-02,Hoek van Holland,330,5.1,211.0,18.5,1019.8,10.9,0.0,11.0,2.0,7.0,62.0,,2354.0
2022-07-03,Hoek van Holland,330,5.4,258.0,17.5,1019.0,9.7,0.0,11.0,3.0,8.0,74.0,,2196.0
2022-07-04,Hoek van Holland,330,4.3,285.0,18.1,1020.6,12.4,0.0,8.0,2.0,5.0,70.0,,2809.0
2022-07-05,Hoek van Holland,330,4.8,318.0,16.6,1024.0,12.5,0.0,10.0,1.0,8.0,66.0,,2827.0
2022-07-06,Hoek van Holland,330,5.6,269.0,18.0,1024.7,5.9,0.0,12.0,2.0,8.0,64.0,,2058.0
2022-07-07,Hoek van Holland,330,10.5,334.0,16.4,1026.3,2.0,0.6,20.0,6.0,13.0,72.0,,1373.0
2022-07-08,Hoek van Holland,330,4.3,295.0,17.8,1031.1,14.0,0.0,9.0,2.0,7.0,76.0,,2850.0
2022-07-09,Hoek van Holland,330,6.9,346.0,17.7,1028.6,9.2,0.0,13.0,2.0,11.0,72.0,,2377.0
2022-07-10,Hoek van Holland,330,5.2,312.0,17.5,1026.6,7.3,0.0,8.0,3.0,6.0,72.0,,2187.0
2022-07-11,Hoek van Holland,330,4.3,19.0,18.2,1024.5,9.5,0.0,8.0,3.0,7.0,80.0,,2480.0
2022-07-12,Hoek van Holland,330,3.6,186.0,22.2,1023.4,5.6,0.2,7.0,1.0,5.0,64.0,,1966.0
2022-07-13,Hoek van Holland,330,5.6,332.0,20.1,1021.1,9.8,0.0,10.0,4.0,8.0,72.0,,2507.0
2022-07-14,Hoek van Holland,330,5.1,356.0,17.2,1022.0,12.8,0.0,11.0,1.0,8.0,69.0,,2742.0
2022-07-15,Hoek van Holland,330,4.6,287.0,18.2,1023.0,9.7,0.0,10.0,2.0,7.0,61.0,,2471.0
2022-07-16,Hoek van Holland,330,5.7,3.0,17.5,1025.6,13.6,0.0,10.0,2.0,8.0,66.0,,2840.0
2022-07-17,Hoek van Holland,330,2.7,84.0,19.1,1026.5,14.5,0.0,6.0,1.0,4.0,62.0,,2691.0
2022-07-18,Hoek van Holland,330,3.0,102.0,24.2,1021.1,14.3,0.0,5.0,2.0,4.0,44.0,,2700.0
2022-07-19,Hoek van Holland,330,5.5,126.0,30.3,1014.5,14.4,0.0,15.0,4.0,7.0,34.0,,2646.0
2022-07-20,Hoek van Holland,330,6.3,223.0,22.2,1016.4,5.2,0.0,15.0,4.0,10.0,71.0,,1653.0
2022-07-21,Hoek van Holland,330,8.0,322.0,17.6,1019.6,1.0,4.9,14.0,4.0,12.0,85.0,,445.0
2022-07-22,Hoek van Holland,330,4.8,11.0,17.5,1020.6,5.3,0.0,9.0,2.0,7.0,66.0,,1915.0
2022-07-23,Hoek van Holland,330,2.8,3.0,19.0,1019.5,11.9,0.0,7.0,1.0,5.0,68.0,,2543.0
2022-07-24,Hoek van Holland,330,5.0,214.0,23.3,1015.3,14.0,0.0,10.0,2.0,7.0,58.0,,2686.0
2022-07-25,Hoek van Holland,330,8.1,242.0,20.6,1010.4,5.2,0.0,18.0,2.0,12.0,73.0,,1810.0
2022-07-26,Hoek van Holland,330,7.7,347.0,17.8,1018.2,6.4,0.0,12.0,5.0,10.0,67.0,,2066.0
2022-07-27,Hoek van Holland,330,6.4,12.0,17.6,1020.9,10.9,0.0,11.0,5.0,9.0,59.0,,2551.0
2022-07-28,Hoek van Holland,330,6.3,70.0,18.0,1018.6,7.0,0.0,11.0,5.0,7.0,55.0,,2092.0
2022-07-29,Hoek van Holland,330,5.4,14.0,18.5,1018.1,12.3,0.0,9.0,3.0,8.0,69.0,,2595.0
2022-07-30,Hoek van Holland,330,3.4,281.0,20.1,1018.8,6.8,0.0,7.0,1.0,5.0,66.0,,1833.0
2022-07-31,Hoek van Holland,330,7.6,237.0,19.8,1015.8,0.0,0.6,16.0,5.0,10.0,86.0,,558.0
2022-08-01,Hoek van Holland,330,5.9,16.0,19.4,1018.6,9.8,0.2,10.0,3.0,8.0,67.0,,2324.0
2022-08-02,Hoek van Holland,330,7.6,213.0,20.9,1016.1,11.0,0.0,15.0,5.0,10.0,71.0,,2324.0
2022-08-03,Hoek van Holland,330,5.2,221.0,22.4,1014.3,9.4,0.0,12.0,1.0,8.0,71.0,,2241.0
2022-08-04,Hoek van Holland,330,5.0,332.0,20.7,1014.4,5.4,0.0,9.0,2.0,7.0,74.0,,1923.0
2022-08-05,Hoek van Holland,330,6.5,344.0,17.9,1020.9,8.3,0.0,12.0,4.0,9.0,62.0,,1742.0
2022-08-06,Hoek van Holland,330,4.0,344.0,17.6,1028.1,13.4,0.0,7.0,2.0,5.0,58.0,,2539.0
2022-08-07,Hoek van Holland,330,3.7,358.0,17.3,1026.0,13.2,0.0,7.0,3.0,5.0,65.0,,2476.0
2022-08-08,Hoek van Holland,330,5.1,26.0,18.5,1027.0,13.6,0.0,10.0,2.0,9.0,72.0,,2501.0
2022-08-09,Hoek van Holland,330,7.0,26.0,19.4,1028.4,13.9,0.0,14.0,3.0,12.0,73.0,,2518.0
2022-08-10,Hoek van Holland,330,5.8,32.0,21.4,1025.3,13.4,0.0,11.0,2.0,9.0,70.0,,2486.0
2022-08-11,Hoek van Holland,330,5.3,44.0,24.1,1021.5,13.9,0.0,10.0,2.0,8.0,56.0,,2469.0
2022-08-12,Hoek van Holland,330,4.2,41.0,24.9,1018.2,13.9,0.0,10.0,1.0,8.0,53.0,,2408.0
2022-08-13,Hoek van Holland,330,4.8,74.0,24.4,1015.1,13.9,0.0,8.0,3.0,7.0,47.0,,2427.0
2022-08-14,Hoek van Holland,330,4.4,57.0,24.7,1007.1,9.6,0.0,9.0,2.0,7.0,54.0,,2178.0
2022-08-15,Hoek van Holland,330,4.3,218.0,22.0,1004.0,4.8,2.2,13.0,2.0,9.0,72.0,,1209.0
2022-08-16,Hoek van Holland,330,4.0,229.0,21.4,1008.2,3.9,0.0,9.0,2.0,6.0,80.0,,1414.0
2022-08-17,Hoek van Holland,330,5.7,10.0,19.4,1011.8,0.4,33.5,13.0,3.0,10.0,89.0,,528.0
2022-08-18,Hoek van Holland,330,3.5,357.0,20.3,1013.9,12.1,1.2,6.0,1.0,5.0,81.0,,2257.0
2022-08-19,Hoek van Holland,330,4.7,253.0,20.3,1014.3,3.0,1.7,10.0,3.0,7.0,85.0,,1178.0
2022-08-20,Hoek van Holland,330,4.5,251.0,19.4,1017.2,10.6,0.0,10.0,1.0,7.0,66.0,,1832.0
2022-08-21,Hoek van Holland,330,4.4,240.0,19.0,1016.3,8.0,0.1,10.0,1.0,7.0,75.0,,1684.0
2022-08-22,Hoek van Holland,330,3.9,92.0,21.3,1015.0,11.5,0.0,8.0,2.0,6.0,63.0,,2017.0
2022-08-23,Hoek van Holland,330,3.3,240.0,21.8,1015.7,8.6,0.0,8.0,2.0,5.0,75.0,,1870.0
2022-08-24,Hoek van Holland,330,4.7,37.0,22.8,1017.9,9.9,0.0,9.0,2.0,7.0,79.0,,1963.0
2022-08-25,Hoek van Holland,330,6.3,330.0,22.5,1015.4,6.3,0.0,13.0,1.0,11.0,76.0,,1633.0
2022-08-26,Hoek van Holland,330,7.8,351.0,19.2,1017.9,4.6,0.0,12.0,4.0,10.0,71.0,,1302.0
2022-08-27,Hoek van Holland,330,6.6,31.0,18.0,1018.7,1.8,0.0,13.0,2.0,11.0,67.0,,1024.0
2022-08-28,Hoek van Holland,330,7.1,34.0,18.1,1021.8,10.6,0.0,12.0,4.0,10.0,66.0,,2092.0
2022-08-29,Hoek van Holland,330,5.0,37.0,17.5,1022.2,5.1,0.0,10.0,1.0,8.0,70.0,,1273.0
2022-08-30,Hoek van Holland,330,8.1,40.0,19.1,1021.7,10.5,0.0,14.0,4.0,12.0,67.0,,1833.0
2022-08-31,Hoek van Holland,330,8.0,51.0,19.5,1022.3,12.3,0.0,13.0,6.0,9.0,54.0,,2073.0
2022-09-01,Hoek van Holland,330,5.8,81.0,19.8,1019.7,11.6,0.0,11.0,4.0,7.0,51.0,,1995.0
2022-09-02,Hoek van Holland,330,6.5,101.0,20.8,1013.3,10.5,0.0,11.0,5.0,7.0,45.0,,1893.0
2022-09-03,Hoek van Holland,330,4.0,90.0,20.8,1011.0,10.1,0.0,9.0,1.0,7.0,59.0,,1797.0
2022-09-04,Hoek van Holland,330,3.3,76.0,20.3,1017.0,7.5,0.0,8.0,1.0,6.0,79.0,,1530.0
2022-09-05,Hoek van Holland,330,5.1,131.0,21.2,1017.7,5.2,11.0,13.0,2.0,8.0,67.0,,1241.0
2022-09-06,Hoek van Holland,330,4.7,160.0,20.1,1014.2,8.5,26.6,14.0,2.0,9.0,78.0,,1667.0
2022-09-07,Hoek van Holland,330,5.0,168.0,18.9,1011.3,8.5,2.1,13.0,2.0,7.0,80.0,,1416.0
2022-09-08,Hoek van Holland,330,6.1,194.0,17.8,1007.1,5.7,1.3,13.0,5.0,8.0,80.0,,1207.0
2022-09-09,Hoek van Holland,330,7.3,195.0,16.5,1005.7,0.9,9.4,14.0,5.0,10.0,86.0,,535.0
2022-09-10,Hoek van Holland,330,6.4,335.0,18.6,1012.2,10.3,6.9,11.0,2.0,8.0,80.0,,1648.0
2022-09-11,Hoek van Holland,330,2.1,73.0,18.2,1018.5,10.8,0.0,6.0,1.0,4.0,78.0,,1654.0
2022-09-12,Hoek van Holland,330,4.0,180.0,19.7,1013.2,9.8,0.0,9.0,1.0,6.0,73.0,,1668.0
2022-09-13,Hoek van Holland,330,4.8,14.0,18.8,1010.2,5.9,0.4,8.0,2.0,7.0,76.0,,1410.0
2022-09-14,Hoek van Holland,330,4.0,13.0,16.9,1006.7,5.3,0.3,11.0,2.0,8.0,73.0,,1109.0
2022-09-15,Hoek van Holland,330,9.2,326.0,16.6,1009.8,0.6,0.5,18.0,6.0,12.0,63.0,,754.0
2022-09-16,Hoek van Holland,330,12.3,333.0,13.8,1012.5,5.5,7.5,24.0,8.0,16.0,70.0,,988.0
2022-09-17,Hoek van Holland,330,13.2,328.0,13.9,1016.2,6.7,10.7,21.0,11.0,14.0,70.0,,1158.0
2022-09-18,Hoek van Holland,330,13.0,324.0,14.1,1016.4,0.0,11.3,20.0,12.0,15.0,71.0,,321.0
2022-09-19,Hoek van Holland,330,8.5,335.0,14.5,1021.5,7.6,2.4,16.0,5.0,11.0,67.0,,1369.0
2022-09-20,Hoek van Holland,330,5.8,357.0,14.4,1024.5,6.9,1.3,11.0,3.0,8.0,65.0,,1324.0
2022-09-21,Hoek van Holland,330,2.0,135.0,13.4,1026.2,6.2,0.0,4.0,1.0,3.0,73.0,,1227.0
2022-09-22,Hoek van Holland,330,3.4,167.0,13.7,1021.2,10.2,0.0,9.0,2.0,5.0,67.0,,1475.0
2022-09-23,Hoek van Holland,330,5.1,202.0,15.0,1014.6,0.6,6.3,12.0,2.0,7.0,82.0,,666.0
2022-09-24,Hoek van Holland,330,8.4,39.0,14.4,1013.8,4.7,3.9,15.0,3.0,13.0,79.0,,1041.0
2022-09-25,Hoek van Holland,330,4.2,322.0,13.3,1014.6,5.4,2.5,12.0,1.0,8.0,77.0,,1213.0
2022-09-26,Hoek van Holland,330,10.8,282.0,13.1,999.0,2.4,23.9,20.0,6.0,15.0,78.0,,494.0
2022-09-27,Hoek van Holland,330,8.8,313.0,11.1,997.3,1.1,24.1,19.0,4.0,13.0,75.0,,639.0
2022-09-28,Hoek van Holland,330,5.3,267.0,11.1,997.5,3.2,7.2,15.0,2.0,10.0,79.0,,685.0
2022-09-29,Hoek van Holland,330,2.6,96.0,11.4,1003.2,8.9,0.9,7.0,1.0,4.0,80.0,,1110.0
2022-09-30,Hoek van Holland,330,7.9,199.0,13.6,1006.7,8.3,13.2,20.0,2.0,14.0,76.0,,1261.0
2022-10-01,Hoek van Holland,330,10.2,258.0,15.8,1006.0,7.6,2.6,20.0,8.0,14.0,76.0,,1156.0
2022-10-02,Hoek van Holland,330,7.8,304.0,15.7,1019.5,7.0,0.0,13.0,6.0,10.0,71.0,,1130.0
2022-10-03,Hoek van Holland,330,3.4,225.0,14.3,1025.9,1.6,0.0,8.0,2.0,5.0,77.0,,467.0
2022-10-04,Hoek van Holland,330,7.1,199.0,14.9,1018.8,6.4,0.0,14.0,4.0,9.0,78.0,,1125.0
2022-10-05,Hoek van Holland,330,11.0,221.0,16.0,1014.4,0.6,1.4,21.0,9.0,15.0,74.0,,464.0
2022-10-06,Hoek van Holland,330,8.3,242.0,14.5,1027.3,10.1,0.0,17.0,6.0,13.0,67.0,,1284.0
2022-10-07,Hoek van Holland,330,7.8,213.0,14.2,1020.1,3.3,1.5,15.0,6.0,10.0,79.0,,629.0
2022-10-08,Hoek van Holland,330,7.0,282.0,13.4,1021.7,9.7,0.2,13.0,2.0,10.0,71.0,,1195.0
2022-10-09,Hoek van Holland,330,5.4,152.0,12.7,1019.8,10.0,0.0,10.0,4.0,7.0,71.0,,1243.0
2022-10-10,Hoek van Holland,330,7.2,291.0,12.9,1017.3,3.4,0.3,14.0,6.0,11.0,75.0,,483.0
2022-10-11,Hoek van Holland,330,3.2,283.0,11.7,1026.1,6.9,0.0,8.0,2.0,6.0,72.0,,901.0
2022-10-12,Hoek van Holland,330,3.9,177.0,11.0,1021.9,6.3,0.1,8.0,2.0,6.0,78.0,,910.0
2022-10-13,Hoek van Holland,330,4.2,201.0,12.8,1015.9,1.8,12.7,11.0,1.0,7.0,93.0,,292.0
2022-10-14,Hoek van Holland,330,4.8,203.0,14.2,1009.7,1.5,3.6,9.0,4.0,6.0,90.0,,447.0
2022-10-15,Hoek van Holland,330,7.4,205.0,14.5,1005.7,3.6,1.7,18.0,5.0,10.0,85.0,,523.0
2022-10-16,Hoek van Holland,330,6.1,190.0,14.8,1013.3,5.5,3.9,14.0,2.0,9.0,79.0,,876.0
2022-10-17,Hoek van Holland,330,6.1,205.0,16.0,1019.6,0.8,4.4,13.0,3.0,8.0,89.0,,292.0
2022-10-18,Hoek van Holland,330,2.8,8.0,13.2,1028.1,8.9,0.0,6.0,1.0,5.0,85.0,,1046.0
2022-10-19,Hoek van Holland,330,6.7,93.0,10.8,1023.6,9.2,0.0,14.0,3.0,10.0,80.0,,1019.0
2022-10-20,Hoek van Holland,330,6.5,145.0,14.2,1009.8,3.0,0.6,12.0,4.0,8.0,87.0,,429.0
2022-10-21,Hoek van Holland,330,5.8,177.0,16.5,1006.1,5.6,0.0,11.0,4.0,7.0,82.0,,752.0
2022-10-22,Hoek van Holland,330,6.3,197.0,15.2,1011.5,6.7,0.0,13.0,3.0,9.0,83.0,,825.0
2022-10-23,Hoek van Holland,330,6.9,147.0,15.3,1005.6,2.1,3.6,18.0,3.0,10.0,84.0,,392.0
2022-10-24,Hoek van Holland,330,10.0,208.0,15.2,1004.9,3.5,2.0,20.0,7.0,14.0,82.0,,454.0
2022-10-25,Hoek van Holland,330,5.9,198.0,14.5,1013.6,4.2,0.7,11.0,4.0,7.0,85.0,,579.0
2022-10-26,Hoek van Holland,330,6.6,188.0,16.0,1015.0,7.5,0.0,13.0,4.0,9.0,80.0,,726.0
2022-10-27,Hoek van Holland,330,6.8,167.0,17.5,1017.9,4.1,0.2,13.0,3.0,10.0,76.0,,523.0
2022-10-28,Hoek van Holland,330,6.6,208.0,16.7,1017.3,3.9,0.0,16.0,4.0,10.0,82.0,,524.0
2022-10-29,Hoek van Holland,330,5.0,162.0,17.0,1016.7,3.3,0.0,10.0,3.0,8.0,80.0,,530.0
2022-10-30,Hoek van Holland,330,4.3,205.0,15.3,1017.3,4.1,0.0,9.0,3.0,6.0,84.0,,492.0
2022-10-31,Hoek van Holland,330,6.0,144.0,14.3,1014.5,3.9,0.5,16.0,3.0,10.0,86.0,,528.0
2022-11-01,Hoek van Holland,330,12.5,200.0,14.2,1010.6,6.5,3.9,22.0,10.0,14.0,74.0,,628.0
2022-11-02,Hoek van Holland,330,10.9,211.0,12.8,1015.7,7.2,3.8,21.0,8.0,14.0,71.0,,687.0
2022-11-03,Hoek van Holland,330,10.2,191.0,13.1,1002.8,1.2,5.2,17.0,7.0,12.0,79.0,,366.0
2022-11-04,Hoek van Holland,330,5.6,305.0,10.8,1008.2,2.1,8.3,14.0,1.0,9.0,80.0,,352.0
2022-11-05,Hoek van Holland,330,7.8,205.0,10.6,1014.9,1.3,1.3,16.0,4.0,11.0,81.0,,310.0
2022-11-06,Hoek van Holland,330,10.8,189.0,10.5,1006.7,0.0,18.6,19.0,9.0,13.0,92.0,,93.0
2022-11-07,Hoek van Holland,330,10.3,195.0,12.9,1007.5,0.3,2.5,16.0,8.0,12.0,86.0,,241.0
2022-11-08,Hoek van Holland,330,9.8,185.0,13.3,1003.1,2.4,3.8,18.0,6.0,12.0,78.0,,371.0
2022-11-09,Hoek van Holland,330,9.1,221.0,12.7,1008.1,3.6,1.5,18.0,7.0,12.0,80.0,,408.0
2022-11-10,Hoek van Holland,330,8.2,210.0,12.5,1022.2,3.3,0.0,15.0,6.0,10.0,83.0,,389.0
2022-11-11,Hoek van Holland,330,7.0,197.0,10.6,1028.8,4.6,0.0,14.0,4.0,10.0,88.0,,470.0
2022-11-12,Hoek van Holland,330,3.5,152.0,10.3,1029.3,7.8,0.0,7.0,2.0,5.0,86.0,,612.0
2022-11-13,Hoek van Holland,330,3.5,108.0,9.4,1021.1,8.0,0.0,8.0,1.0,6.0,81.0,,631.0
2022-11-14,Hoek van Holland,330,5.3,146.0,6.8,1010.3,6.8,0.0,11.0,3.0,8.0,87.0,,510.0
2022-11-15,Hoek van Holland,330,8.5,164.0,11.0,1001.9,3.1,4.3,15.0,6.0,11.0,88.0,,367.0
2022-11-16,Hoek van Holland,330,8.6,154.0,10.5,995.1,4.5,9.6,20.0,5.0,13.0,86.0,,393.0
2022-11-17,Hoek van Holland,330,11.2,180.0,10.3,985.2,0.0,25.4,21.0,8.0,15.0,89.0,,96.0
2022-11-18,Hoek van Holland,330,5.9,180.0,9.1,1000.8,0.0,11.0,11.0,1.0,8.0,93.0,,167.0
2022-11-19,Hoek van Holland,330,5.7,89.0,2.2,1012.1,0.0,1.5,11.0,3.0,8.0,81.0,,198.0
2022-11-20,Hoek van Holland,330,6.9,127.0,3.2,1007.6,0.0,6.4,21.0,2.0,14.0,88.0,,127.0
2022-11-21,Hoek van Holland,330,7.2,155.0,6.8,997.5,2.4,4.1,17.0,4.0,12.0,88.0,,325.0
2022-11-22,Hoek van Holland,330,9.1,180.0,7.4,990.8,0.0,1.0,16.0,6.0,11.0,86.0,,178.0
2022-11-23,Hoek van Holland,330,9.2,187.0,8.4,995.8,1.7,4.7,16.0,6.0,12.0,89.0,,232.0
2022-11-24,Hoek van Holland,330,8.8,191.0,9.6,1006.6,5.4,3.6,16.0,6.0,12.0,84.0,,414.0
2022-11-25,Hoek van Holland,330,6.5,233.0,9.9,1015.8,4.9,2.7,13.0,4.0,8.0,85.0,,363.0
2022-11-26,Hoek van Holland,330,7.1,185.0,8.6,1026.0,3.2,0.0,16.0,3.0,12.0,89.0,,347.0
2022-11-27,Hoek van Holland,330,8.8,175.0,7.2,1015.6,0.0,13.1,15.0,5.0,12.0,91.0,,79.0
2022-11-28,Hoek van Holland,330,4.1,203.0,9.0,1010.3,2.0,1.6,8.0,2.0,6.0,96.0,,237.0
2022-11-29,Hoek van Holland,330,1.8,126.0,7.1,1019.3,2.9,0.0,6.0,0.0,5.0,93.0,,279.0
2022-11-30,Hoek van Holland,330,2.3,76.0,6.6,1025.4,2.1,0.0,6.0,0.0,5.0,89.0,,289.0
2022-12-01,Hoek van Holland,330,3.9,53.0,4.9,1028.1,4.6,0.0,7.0,2.0,5.0,87.0,,342.0
2022-12-02,Hoek van Holland,330,7.5,58.0,3.3,1025.1,1.0,0.0,14.0,3.0,10.0,82.0,,198.0
2022-12-03,Hoek van Holland,330,6.9,74.0,1.7,1021.1,0.0,0.0,13.0,5.0,9.0,79.0,,66.0
2022-12-04,Hoek van Holland,330,6.5,74.0,1.1,1018.2,0.0,0.0,11.0,5.0,7.0,82.0,,66.0
2022-12-05,Hoek van Holland,330,7.0,48.0,5.5,1020.4,0.0,0.0,11.0,4.0,9.0,86.0,,90.0
2022-12-06,Hoek van Holland,330,5.3,350.0,6.5,1020.1,3.1,0.8,13.0,1.0,9.0,82.0,,267.0
2022-12-07,Hoek van Holland,330,7.4,325.0,6.4,1016.0,3.1,5.7,15.0,4.0,9.0,78.0,,278.0
2022-12-08,Hoek van Holland,330,7.0,316.0,3.9,1007.6,0.5,11.4,17.0,2.0,12.0,86.0,,148.0
2022-12-09,Hoek van Holland,330,4.1,175.0,0.9,1006.7,3.2,0.0,9.0,2.0,6.0,94.0,,266.0
2022-12-10,Hoek van Holland,330,6.1,187.0,1.6,1009.5,0.7,0.5,9.0,5.0,7.0,95.0,,146.0
2022-12-11,Hoek van Holland,330,5.2,176.0,1.7,1009.6,0.0,0.0,9.0,4.0,6.0,84.0,,100.0
2022-12-12,Hoek van Holland,330,4.0,156.0,-1.1,1011.8,4.5,0.0,7.0,3.0,5.0,86.0,,332.0
2022-12-13,Hoek van Holland,330,3.8,107.0,-2.5,1009.3,2.7,0.0,8.0,2.0,6.0,85.0,,247.0
2022-12-14,Hoek van Holland,330,3.0,87.0,-0.9,1004.1,6.3,0.6,7.0,1.0,4.0,75.0,,411.0
2022-12-15,Hoek van Holland,330,5.3,290.0,3.4,1008.3,4.5,0.5,15.0,2.0,12.0,83.0,,301.0
2022-12-16,Hoek van Holland,330,4.5,58.0,2.0,1016.7,5.4,0.0,16.0,1.0,13.0,72.0,,338.0
2022-12-17,Hoek van Holland,330,6.5,178.0,-0.1,1024.8,6.3,0.0,10.0,5.0,8.0,84.0,,361.0
2022-12-18,Hoek van Holland,330,7.8,152.0,-1.6,1022.2,0.3,4.7,16.0,4.0,11.0,84.0,,102.0
2022-12-19,Hoek van Holland,330,11.7,187.0,8.1,1012.3,0.0,5.6,19.0,10.0,13.0,87.0,,115.0
2022-12-20,Hoek van Holland,330,7.9,192.0,9.5,1009.4,0.0,2.3,16.0,3.0,12.0,91.0,,52.0
2022-12-21,Hoek van Holland,330,6.0,196.0,7.5,1007.8,1.1,1.6,13.0,3.0,8.0,95.0,,183.0
2022-12-22,Hoek van Holland,330,5.5,227.0,8.4,1003.4,2.1,4.5,13.0,3.0,8.0,96.0,,175.0
2022-12-23,Hoek van Holland,330,6.1,229.0,9.3,1002.7,0.0,8.2,17.0,3.0,12.0,94.0,,48.0
2022-12-24,Hoek van Holland,330,6.5,216.0,9.4,1011.0,3.1,0.0,15.0,4.0,10.0,88.0,,294.0
2022-12-25,Hoek van Holland,330,5.0,188.0,9.0,1010.3,0.0,6.4,11.0,3.0,7.0,95.0,,54.0
2022-12-26,Hoek van Holland,330,9.4,253.0,7.6,1014.5,3.8,1.1,18.0,7.0,11.0,78.0,,287.0
2022-12-27,Hoek van Holland,330,9.0,217.0,6.9,1020.8,4.1,0.9,18.0,5.0,13.0,81.0,,265.0
2022-12-28,Hoek van Holland,330,12.4,201.0,9.2,1005.4,0.2,4.4,20.0,11.0,14.0,89.0,,94.0
2022-12-29,Hoek van Holland,330,10.6,219.0,8.8,1001.9,1.6,1.5,20.0,8.0,14.0,83.0,,202.0
2022-12-30,Hoek van Holland,330,11.3,195.0,8.5,1001.8,0.0,5.4,21.0,7.0,14.0,89.0,,70.0
2022-12-31,Hoek van Holland,330,10.5,211.0,12.7,1003.5,0.0,18.3,22.0,6.0,13.0,85.0,,47.0
2023-01-01,Hoek van Holland,330,8.8,204.0,11.6,1010.7,1.7,4.8,22.0,6.0,13.0,81.0,,209.0
2023-01-02,Hoek van Holland,330,5.3,248.0,8.1,1016.6,0.6,3.3,11.0,2.0,7.0,90.0,,146.0
2023-01-03,Hoek van Holland,330,8.6,186.0,7.3,1022.8,2.4,3.9,21.0,3.0,14.0,88.0,,232.0
2023-01-04,Hoek van Holland,330,12.8,225.0,11.0,1013.9,0.3,7.0,21.0,10.0,14.0,90.0,,128.0
2023-01-05,Hoek van Holland,330,8.5,241.0,10.3,1018.5,2.2,0.6,16.0,4.0,12.0,88.0,,254.0
2023-01-06,Hoek van Holland,330,8.0,215.0,10.2,1015.4,6.0,1.4,19.0,5.0,12.0,85.0,,377.0
2023-01-07,Hoek van Holland,330,11.0,183.0,10.2,1006.3,1.3,1.2,19.0,9.0,13.0,80.0,,237.0
2023-01-08,Hoek van Holland,330,8.9,190.0,8.4,996.8,5.2,0.5,15.0,6.0,10.0,79.0,,346.0
2023-01-09,Hoek van Holland,330,9.0,261.0,7.6,999.6,2.4,2.8,15.0,7.0,12.0,82.0,,260.0
2023-01-10,Hoek van Holland,330,10.5,202.0,7.9,1010.8,0.0,6.7,20.0,6.0,14.0,86.0,,117.0
2023-01-11,Hoek van Holland,330,10.0,232.0,9.7,1008.1,6.3,1.9,21.0,8.0,13.0,84.0,,392.0
2023-01-12,Hoek van Holland,330,12.8,226.0,10.2,1003.1,0.0,25.5,25.0,11.0,16.0,90.0,,71.0
2023-01-13,Hoek van Holland,330,12.2,248.0,9.2,1007.0,0.0,0.2,21.0,8.0,14.0,71.0,,165.0
2023-01-14,Hoek van Holland,330,11.5,219.0,8.6,1001.3,0.0,17.3,22.0,6.0,15.0,86.0,,47.0
2023-01-15,Hoek van Holland,330,12.0,236.0,6.8,997.4,1.3,0.2,24.0,7.0,15.0,71.0,,218.0
2023-01-16,Hoek van Holland,330,10.0,310.0,4.5,982.3,0.0,21.5,23.0,5.0,17.0,89.0,,63.0
2023-01-17,Hoek van Holland,330,5.5,276.0,3.6,987.9,5.1,0.2,17.0,4.0,10.0,62.0,,421.0
2023-01-18,Hoek van Holland,330,9.0,263.0,4.8,995.2,1.7,0.2,18.0,7.0,14.0,69.0,,282.0
2023-01-19,Hoek van Holland,330,7.3,289.0,4.0,1005.3,6.1,9.0,18.0,2.0,13.0,75.0,,462.0
2023-01-20,Hoek van Holland,330,6.8,323.0,3.1,1015.4,0.5,5.1,19.0,3.0,11.0,86.0,,117.0
2023-01-21,Hoek van Holland,330,3.5,61.0,0.0,1032.6,7.2,0.0,8.0,1.0,6.0,88.0,,541.0
2023-01-22,Hoek van Holland,330,6.2,52.0,1.8,1034.5,0.2,0.0,11.0,4.0,8.0,80.0,,239.0
2023-01-23,Hoek van Holland,330,4.3,70.0,3.4,1037.5,3.9,0.0,9.0,3.0,6.0,81.0,,368.0
2023-01-24,Hoek van Holland,330,4.0,77.0,1.8,1038.8,0.0,0.0,8.0,2.0,5.0,82.0,,129.0
2023-01-25,Hoek van Holland,330,4.2,180.0,0.7,1031.6,0.0,1.9,9.0,2.0,7.0,88.0,,124.0
2023-01-26,Hoek van Holland,330,8.7,17.0,6.0,1025.9,4.8,0.5,15.0,2.0,12.0,86.0,,432.0
2023-01-27,Hoek van Holland,330,7.7,43.0,4.3,1028.6,2.5,0.0,14.0,3.0,11.0,75.0,,373.0
2023-01-28,Hoek van Holland,330,2.4,190.0,3.8,1030.7,5.8,0.0,8.0,1.0,5.0,75.0,,513.0
2023-01-29,Hoek van Holland,330,7.2,224.0,5.8,1024.5,0.0,0.0,15.0,5.0,11.0,83.0,,122.0
2023-01-30,Hoek van Holland,330,10.8,294.0,7.3,1020.9,6.9,0.0,19.0,4.0,15.0,77.0,,574.0
2023-01-31,Hoek van Holland,330,8.8,259.0,7.5,1021.8,2.2,0.0,16.0,6.0,12.0,81.0,,313.0
2023-02-01,Hoek van Holland,330,12.7,268.0,7.8,1020.1,0.9,0.3,20.0,10.0,15.0,77.0,,293.0
2023-02-02,Hoek van Holland,330,9.7,260.0,8.5,1024.1,1.9,1.7,16.0,7.0,12.0,85.0,,323.0
2023-02-03,Hoek van Holland,330,9.0,269.0,8.7,1028.3,1.9,0.8,19.0,2.0,13.0,87.0,,373.0
2023-02-04,Hoek van Holland,330,2.2,254.0,7.7,1036.4,0.1,1.0,7.0,1.0,4.0,96.0,,198.0
2023-02-05,Hoek van Holland,330,9.8,352.0,6.9,1041.1,6.5,1.5,18.0,5.0,13.0,84.0,,631.0
2023-02-06,Hoek van Holland,330,3.2,33.0,4.9,1041.7,7.2,0.0,8.0,1.0,7.0,89.0,,703.0
2023-02-07,Hoek van Holland,330,2.4,114.0,1.5,1039.6,7.3,0.0,6.0,1.0,4.0,87.0,,748.0
2023-02-08,Hoek van Holland,330,3.4,158.0,1.9,1035.5,8.7,0.0,6.0,2.0,5.0,70.0,,833.0
2023-02-09,Hoek van Holland,330,5.0,224.0,3.9,1032.3,2.1,0.0,9.0,3.0,7.0,79.0,,312.0
2023-02-10,Hoek van Holland,330,5.8,221.0,6.0,1035.5,8.2,0.0,13.0,3.0,8.0,84.0,,755.0
2023-02-11,Hoek van Holland,330,5.1,265.0,7.7,1035.6,0.0,0.0,11.0,2.0,8.0,88.0,,263.0
2023-02-12,Hoek van Holland,330,2.3,165.0,7.6,1038.6,0.0,0.0,8.0,1.0,4.0,72.0,,200.0
2023-02-13,Hoek van Holland,330,2.5,116.0,7.4,1035.8,6.5,0.0,6.0,1.0,4.0,80.0,,776.0
2023-02-14,Hoek van Holland,330,2.5,168.0,6.0,1031.9,8.8,0.0,6.0,1.0,4.0,87.0,,835.0
2023-02-15,Hoek van Holland,330,5.0,186.0,6.5,1024.9,7.4,0.0,10.0,2.0,7.0,81.0,,709.0
2023-02-16,Hoek van Holland,330,7.3,211.0,8.5,1020.9,1.3,2.8,16.0,5.0,10.0,88.0,,415.0
2023-02-17,Hoek van Holland,330,11.0,230.0,9.0,1019.7,1.8,0.0,21.0,5.0,14.0,95.0,,381.0
2023-02-18,Hoek van Holland,330,10.1,233.0,9.4,1018.8,2.3,2.0,19.0,8.0,13.0,91.0,,502.0
2023-02-19,Hoek van Holland,330,7.5,269.0,7.9,1023.8,2.6,0.4,15.0,4.0,11.0,88.0,,440.0
2023-02-20,Hoek van Holland,330,10.3,230.0,8.0,1022.1,1.1,0.0,18.0,8.0,12.0,90.0,,362.0
2023-02-21,Hoek van Holland,330,5.1,216.0,7.7,1018.2,0.0,0.0,11.0,4.0,7.0,91.0,,169.0
2023-02-22,Hoek van Holland,330,4.2,183.0,6.8,1011.8,0.0,0.2,7.0,2.0,6.0,91.0,,396.0
2023-02-23,Hoek van Holland,330,5.5,353.0,6.9,1016.1,0.4,0.1,14.0,2.0,11.0,85.0,,371.0
2023-02-24,Hoek van Holland,330,9.4,315.0,6.1,1009.8,2.3,2.2,19.0,5.0,13.0,77.0,,413.0
2023-02-25,Hoek van Holland,330,10.5,12.0,5.3,1014.0,7.8,0.8,20.0,6.0,13.0,66.0,,885.0
2023-02-26,Hoek van Holland,330,8.7,43.0,4.1,1026.0,9.4,0.0,15.0,5.0,11.0,56.0,,1101.0
2023-02-27,Hoek van Holland,330,6.0,55.0,3.8,1030.8,7.2,0.0,12.0,3.0,9.0,64.0,,967.0
2023-02-28,Hoek van Holland,330,4.8,62.0,3.4,1031.6,5.1,0.4,10.0,2.0,8.0,71.0,,773.0
2023-03-01,Hoek van Holland,330,5.1,57.0,3.5,1028.0,10.0,0.0,10.0,3.0,8.0,68.0,,1228.0
2023-03-02,Hoek van Holland,330,8.1,40.0,3.9,1024.7,10.0,0.0,13.0,6.0,11.0,79.0,,1260.0
2023-03-03,Hoek van Holland,330,6.1,22.0,5.0,1026.9,6.2,0.0,11.0,3.0,8.0,76.0,,893.0
2023-03-04,Hoek van Holland,330,7.0,353.0,6.1,1026.0,4.9,0.3,12.0,5.0,8.0,79.0,,863.0
2023-03-05,Hoek van Holland,330,4.9,318.0,4.6,1016.2,2.6,1.1,12.0,3.0,8.0,79.0,,771.0
2023-03-06,Hoek van Holland,330,7.3,260.0,5.0,1003.9,1.5,4.9,16.0,3.0,11.0,80.0,,625.0
2023-03-07,Hoek van Holland,330,7.1,307.0,3.5,998.5,0.3,7.5,13.0,4.0,10.0,80.0,,325.0
2023-03-08,Hoek van Holland,330,5.7,83.0,1.3,994.0,0.7,5.1,12.0,1.0,8.0,86.0,,499.0
2023-03-09,Hoek van Holland,330,5.3,85.0,2.0,993.8,0.1,15.4,11.0,3.0,8.0,92.0,,295.0
2023-03-10,Hoek van Holland,330,10.5,4.0,2.9,993.9,0.0,17.5,26.0,4.0,19.0,84.0,,267.0
2023-03-11,Hoek van Holland,330,3.6,330.0,4.3,1010.7,7.8,0.0,12.0,1.0,9.0,59.0,,1237.0
2023-03-12,Hoek van Holland,330,8.5,209.0,7.5,1006.3,2.2,4.2,19.0,6.0,11.0,85.0,,714.0
2023-03-13,Hoek van Holland,330,12.8,218.0,11.7,992.8,7.6,1.8,25.0,8.0,16.0,76.0,,1168.0
2023-03-14,Hoek van Holland,330,10.1,300.0,6.6,1000.3,4.1,7.5,18.0,5.0,12.0,76.0,,870.0
2023-03-15,Hoek van Holland,330,5.0,207.0,6.0,1016.9,9.6,0.5,12.0,1.0,8.0,68.0,,1378.0
2023-03-16,Hoek van Holland,330,9.0,171.0,9.4,1010.4,3.5,1.6,17.0,7.0,12.0,64.0,,870.0
2023-03-17,Hoek van Holland,330,4.8,188.0,11.8,1006.2,2.8,0.0,9.0,3.0,7.0,67.0,,850.0
2023-03-18,Hoek van Holland,330,5.7,183.0,11.5,1008.9,4.7,3.2,14.0,3.0,9.0,84.0,,967.0
2023-03-19,Hoek van Holland,330,4.6,233.0,8.2,1014.9,0.2,0.0,11.0,3.0,7.0,94.0,,448.0
2023-03-20,Hoek van Holland,330,7.6,215.0,8.0,1017.5,0.0,6.7,15.0,4.0,9.0,93.0,,313.0
2023-03-21,Hoek van Holland,330,7.3,205.0,10.1,1011.4,1.7,1.5,16.0,5.0,10.0,85.0,,707.0
2023-03-22,Hoek van Holland,330,10.3,196.0,10.7,1003.8,0.0,4.9,18.0,8.0,12.0,86.0,,403.0
2023-03-23,Hoek van Holland,330,9.7,210.0,12.1,1000.4,7.9,8.4,18.0,6.0,12.0,79.0,,1491.0
2023-03-24,Hoek van Holland,330,11.4,223.0,10.6,999.9,10.4,0.3,20.0,10.0,13.0,79.0,,1640.0
2023-03-25,Hoek van Holland,330,10.5,235.0,9.6,1003.2,3.8,0.5,22.0,5.0,14.0,80.0,,1057.0
2023-03-26,Hoek van Holland,330,8.0,15.0,7.4,1006.8,3.4,4.8,17.0,2.0,13.0,81.0,,730.0
2023-03-27,Hoek van Holland,330,8.7,331.0,5.8,1023.3,10.7,0.2,17.0,4.0,11.0,65.0,,1778.0
2023-03-28,Hoek van Holland,330,7.0,187.0,6.0,1022.2,2.4,0.6,14.0,3.0,10.0,69.0,,890.0
2023-03-29,Hoek van Holland,330,6.9,197.0,11.6,1010.8,0.7,0.0,16.0,6.0,9.0,79.0,,645.0
2023-03-30,Hoek van Holland,330,10.8,224.0,11.4,1004.9,8.1,0.9,20.0,6.0,12.0,83.0,,1421.0
2023-03-31,Hoek van Holland,330,9.8,207.0,10.1,991.6,0.0,13.1,20.0,7.0,12.0,92.0,,453.0
2023-04-01,Hoek van Holland,330,9.5,339.0,8.3,1001.2,0.0,2.1,13.0,8.0,11.0,96.0,,473.0
2023-04-02,Hoek van Holland,330,8.6,40.0,6.6,1023.7,9.3,0.0,13.0,5.0,11.0,70.0,,1871.0
2023-04-03,Hoek van Holland,330,6.1,86.0,6.3,1030.9,12.0,0.0,14.0,3.0,8.0,53.0,,2087.0
2023-04-04,Hoek van Holland,330,4.2,47.0,5.4,1028.3,12.1,0.0,10.0,1.0,9.0,64.0,,2048.0
2023-04-05,Hoek van Holland,330,2.4,95.0,6.4,1021.6,11.4,0.0,6.0,1.0,4.0,69.0,,1876.0
2023-04-06,Hoek van Holland,330,6.4,197.0,8.0,1014.1,0.0,11.0,13.0,4.0,10.0,86.0,,348.0
2023-04-07,Hoek van Holland,330,6.7,325.0,8.4,1019.1,0.1,0.0,10.0,5.0,8.0,87.0,,709.0
2023-04-08,Hoek van Holland,330,4.0,12.0,8.8,1025.4,7.4,0.0,9.0,1.0,7.0,88.0,,1765.0
2023-04-09,Hoek van Holland,330,3.3,96.0,9.4,1023.2,3.9,0.0,10.0,1.0,7.0,83.0,,1050.0
2023-04-10,Hoek van Holland,330,9.1,189.0,10.9,1012.2,1.0,8.8,22.0,6.0,11.0,75.0,,592.0
2023-04-11,Hoek van Holland,330,9.6,237.0,9.9,1010.3,11.0,2.3,18.0,6.0,13.0,71.0,,1995.0
2023-04-12,Hoek van Holland,330,9.8,204.0,9.4,996.3,7.4,6.3,21.0,5.0,14.0,71.0,,1568.0
2023-04-13,Hoek van Holland,330,9.8,242.0,9.1,1001.9,8.0,1.3,19.0,6.0,14.0,72.0,,1770.0
2023-04-14,Hoek van Holland,330,5.2,152.0,10.2,1007.7,8.7,0.0,17.0,1.0,8.0,65.0,,1671.0
2023-04-15,Hoek van Holland,330,8.3,16.0,9.9,1016.8,12.0,0.0,14.0,3.0,11.0,70.0,,2220.0
2023-04-16,Hoek van Holland,330,7.3,355.0,8.5,1026.0,0.4,0.0,13.0,5.0,10.0,85.0,,536.0
2023-04-17,Hoek van Holland,330,7.3,21.0,8.9,1027.9,6.9,0.0,13.0,5.0,10.0,89.0,,1655.0
2023-04-18,Hoek van Holland,330,7.3,67.0,9.9,1027.3,4.4,0.0,13.0,3.0,9.0,67.0,,1233.0
2023-04-19,Hoek van Holland,330,8.5,59.0,11.5,1025.7,12.7,0.0,15.0,5.0,12.0,52.0,,2335.0
2023-04-20,Hoek van Holland,330,8.3,51.0,8.9,1019.3,3.0,0.5,15.0,5.0,12.0,63.0,,935.0
2023-04-21,Hoek van Holland,330,5.2,101.0,11.0,1011.7,7.0,1.6,18.0,3.0,7.0,75.0,,1871.0
2023-04-22,Hoek van Holland,330,3.1,187.0,9.0,1007.2,3.5,0.3,8.0,0.0,7.0,86.0,,827.0
2023-04-23,Hoek van Holland,330,6.9,187.0,11.7,1002.1,4.5,32.0,14.0,5.0,9.0,82.0,,1177.0
2023-04-24,Hoek van Holland,330,10.7,306.0,8.6,1007.1,4.1,9.0,19.0,7.0,15.0,80.0,,1173.0
2023-04-25,Hoek van Holland,330,7.3,339.0,7.5,1016.8,10.5,0.8,15.0,5.0,10.0,65.0,,2231.0
2023-04-26,Hoek van Holland,330,3.9,353.0,7.2,1020.2,8.2,0.0,7.0,2.0,6.0,62.0,,1913.0
2023-04-27,Hoek van Holland,330,5.3,113.0,9.5,1018.7,8.9,0.0,10.0,4.0,7.0,55.0,,1953.0
2023-04-28,Hoek van Holland,330,7.0,259.0,10.2,1011.7,0.0,1.9,11.0,4.0,9.0,88.0,,592.0
2023-04-29,Hoek van Holland,330,6.0,7.0,10.1,1021.0,11.3,0.0,11.0,2.0,8.0,76.0,,2385.0
2023-04-30,Hoek van Holland,330,4.0,60.0,11.5,1021.8,13.4,0.0,8.0,2.0,6.0,78.0,,2383.0
2023-05-01,Hoek van Holland,330,3.6,322.0,11.7,1017.2,5.8,0.7,8.0,1.0,6.0,81.0,,1471.0
2023-05-02,Hoek van Holland,330,7.1,19.0,9.3,1027.2,11.8,0.0,12.0,5.0,9.0,66.0,,2510.0
2023-05-03,Hoek van Holland,330,5.2,68.0,10.5,1027.3,13.4,0.0,12.0,3.0,7.0,60.0,,2545.0
2023-05-04,Hoek van Holland,330,6.0,98.0,15.5,1017.3,11.2,3.3,16.0,4.0,9.0,58.0,,2445.0
2023-05-05,Hoek van Holland,330,3.2,204.0,14.3,1015.9,5.6,0.0,11.0,1.0,5.0,84.0,,1263.0
2023-05-06,Hoek van Holland,330,2.4,75.0,14.8,1016.0,6.0,0.0,6.0,1.0,5.0,84.0,,1711.0
2023-05-07,Hoek van Holland,330,2.7,18.0,14.7,1017.8,6.1,0.0,6.0,1.0,4.0,86.0,,1626.0
2023-05-08,Hoek van Holland,330,3.3,209.0,13.4,1020.4,1.0,0.0,8.0,1.0,6.0,88.0,,923.0
2023-05-09,Hoek van Holland,330,5.3,195.0,13.2,1010.9,0.9,13.0,11.0,3.0,8.0,94.0,,413.0
2023-05-10,Hoek van Holland,330,3.6,284.0,12.1,1012.0,1.8,0.1,8.0,1.0,6.0,94.0,,1063.0
2023-05-11,Hoek van Holland,330,4.1,7.0,13.2,1015.8,6.1,0.1,10.0,1.0,8.0,89.0,,1915.0
2023-05-12,Hoek van Holland,330,8.4,18.0,13.0,1019.1,3.0,5.7,15.0,4.0,12.0,90.0,,1238.0
2023-05-13,Hoek van Holland,330,8.5,9.0,12.7,1022.2,14.2,0.0,13.0,7.0,10.0,88.0,,2672.0
2023-05-14,Hoek van Holland,330,5.8,356.0,11.0,1019.0,4.2,0.0,10.0,2.0,8.0,89.0,,1663.0
2023-05-15,Hoek van Holland,330,8.5,337.0,10.7,1017.4,0.0,0.0,17.0,1.0,14.0,84.0,,561.0
2023-05-16,Hoek van Holland,330,7.1,331.0,11.0,1023.3,12.3,0.0,12.0,5.0,9.0,73.0,,2544.0
2023-05-17,Hoek van Holland,330,7.1,6.0,10.8,1028.3,13.9,0.0,10.0,5.0,9.0,69.0,,2746.0
2023-05-18,Hoek van Holland,330,6.0,35.0,10.7,1028.5,13.8,0.0,11.0,3.0,9.0,67.0,,2778.0
2023-05-19,Hoek van Holland,330,7.3,21.0,12.6,1026.1,11.0,0.0,14.0,3.0,12.0,76.0,,2464.0
2023-05-20,Hoek van Holland,330,8.3,21.0,14.1,1022.5,10.2,0.0,14.0,6.0,12.0,77.0,,2293.0
2023-05-21,Hoek van Holland,330,8.3,4.0,13.7,1018.3,8.8,0.0,13.0,6.0,10.0,86.0,,2244.0
2023-05-22,Hoek van Holland,330,5.8,336.0,13.8,1017.3,9.9,0.0,14.0,3.0,11.0,90.0,,2449.0
2023-05-23,Hoek van Holland,330,9.4,1.0,12.1,1024.4,9.8,0.0,15.0,4.0,12.0,73.0,,2243.0
2023-05-24,Hoek van Holland,330,5.3,360.0,12.7,1025.3,10.1,0.0,10.0,2.0,9.0,73.0,,2660.0
2023-05-25,Hoek van Holland,330,8.2,26.0,12.4,1028.9,7.3,0.0,14.0,2.0,12.0,78.0,,1456.0
2023-05-26,Hoek van Holland,330,8.4,34.0,12.7,1030.8,13.7,0.0,15.0,5.0,12.0,69.0,,2900.0
2023-05-27,Hoek van Holland,330,6.9,29.0,13.1,1025.7,14.6,0.0,12.0,5.0,10.0,78.0,,2884.0
2023-05-28,Hoek van Holland,330,9.8,21.0,14.2,1022.5,13.1,0.0,16.0,5.0,13.0,80.0,,2690.0
2023-05-29,Hoek van Holland,330,11.5,27.0,12.5,1026.6,14.3,0.0,17.0,9.0,14.0,70.0,,2726.0
2023-05-30,Hoek van Holland,330,9.5,27.0,12.5,1027.9,4.0,0.0,14.0,7.0,12.0,77.0,,1901.0
2023-05-31,Hoek van Holland,330,9.7,24.0,13.5,1025.5,15.0,0.0,16.0,6.0,13.0,83.0,,2938.0
2023-06-01,Hoek van Holland,330,9.2,22.0,12.4,1023.9,6.5,0.0,14.0,7.0,11.0,75.0,,2287.0
2023-06-02,Hoek van Holland,330,9.0,17.0,12.8,1022.7,5.2,0.0,14.0,8.0,11.0,77.0,,1666.0
2023-06-03,Hoek van Holland,330,7.5,27.0,15.6,1022.0,15.0,0.0,14.0,3.0,11.0,67.0,,2976.0
2023-06-04,Hoek van Holland,330,9.1,22.0,14.0,1023.1,15.3,0.0,15.0,5.0,13.0,75.0,,2927.0
2023-06-05,Hoek van Holland,330,9.7,22.0,13.1,1022.9,13.6,0.0,14.0,8.0,12.0,77.0,,2871.0
2023-06-06,Hoek van Holland,330,10.3,22.0,13.6,1021.8,14.9,0.0,14.0,8.0,12.0,79.0,,2934.0
2023-06-07,Hoek van Holland,330,9.1,24.0,14.0,1020.9,13.5,0.0,13.0,6.0,11.0,80.0,,2878.0
2023-06-08,Hoek van Holland,330,8.6,23.0,15.6,1017.3,14.3,0.0,13.0,5.0,11.0,78.0,,2847.0
2023-06-09,Hoek van Holland,330,5.9,41.0,21.3,1013.8,15.0,0.0,11.0,4.0,8.0,59.0,,2850.0
2023-06-10,Hoek van Holland,330,6.5,78.0,25.1,1014.4,14.3,0.0,10.0,5.0,8.0,40.0,,2902.0
2023-06-11,Hoek van Holland,330,4.5,101.0,25.7,1014.1,11.8,0.0,10.0,3.0,6.0,45.0,,2441.0
2023-06-12,Hoek van Holland,330,6.7,64.0,23.4,1014.4,15.0,0.0,12.0,4.0,10.0,49.0,,2979.0
2023-06-13,Hoek van Holland,330,7.6,57.0,22.5,1013.7,15.3,0.0,14.0,5.0,11.0,45.0,,2990.0
2023-06-14,Hoek van Holland,330,5.8,60.0,21.7,1016.7,15.3,0.0,11.0,3.0,9.0,46.0,,3010.0
2023-06-15,Hoek van Holland,330,4.6,23.0,18.9,1019.6,12.9,0.0,10.0,2.0,8.0,70.0,,2474.0
2023-06-16,Hoek van Holland,330,4.5,21.0,18.7,1018.6,14.8,0.0,9.0,1.0,7.0,66.0,,2932.0
2023-06-17,Hoek van Holland,330,4.3,34.0,19.7,1014.8,10.2,0.0,8.0,2.0,7.0,60.0,,2462.0
2023-06-18,Hoek van Holland,330,5.5,130.0,22.4,1010.3,2.7,0.0,18.0,2.0,12.0,58.0,,1433.0
2023-06-19,Hoek van Holland,330,5.8,234.0,19.6,1011.4,8.5,0.1,15.0,2.0,11.0,71.0,,2321.0
2023-06-20,Hoek van Holland,330,5.3,165.0,21.8,1009.8,4.0,14.1,18.0,3.0,8.0,73.0,,1597.0
2023-06-21,Hoek van Holland,330,4.4,246.0,18.7,1016.6,13.3,0.0,10.0,2.0,7.0,80.0,,2815.0
2023-06-22,Hoek van Holland,330,5.6,3.0,18.0,1017.8,4.3,0.0,10.0,2.0,9.0,86.0,,1211.0
2023-06-23,Hoek van Holland,330,3.5,297.0,18.6,1023.3,9.9,0.0,9.0,1.0,6.0,79.0,,2458.0
2023-06-24,Hoek van Holland,330,3.6,258.0,19.0,1022.8,15.1,0.0,8.0,2.0,5.0,81.0,,2934.0
2023-06-25,Hoek van Holland,330,3.5,165.0,24.6,1015.1,15.5,0.0,13.0,2.0,8.0,56.0,,2941.0
2023-06-26,Hoek van Holland,330,7.5,266.0,19.1,1018.0,12.4,0.0,14.0,5.0,11.0,67.0,,2834.0
2023-06-27,Hoek van Holland,330,4.0,283.0,17.8,1020.3,3.8,0.0,8.0,1.0,6.0,70.0,,1837.0
2023-06-28,Hoek van Holland,330,5.0,220.0,19.6,1017.5,4.3,0.0,9.0,4.0,6.0,79.0,,1734.0
2023-06-29,Hoek van Holland,330,6.4,282.0,17.4,1014.9,1.6,0.0,13.0,3.0,11.0,83.0,,733.0
2023-06-30,Hoek van Holland,330,7.3,233.0,18.2,1012.2,8.4,1.6,20.0,3.0,12.0,67.0,,2404.0
2023-07-01,Hoek van Holland,330,7.5,244.0,17.8,1004.9,0.6,10.8,14.0,5.0,9.0,85.0,,1080.0
2023-07-02,Hoek van Holland,330,9.4,263.0,17.5,1010.0,11.0,0.0,15.0,8.0,12.0,63.0,,2649.0
2023-07-03,Hoek van Holland,330,10.4,253.0,17.0,1009.9,7.0,8.8,21.0,8.0,14.0,66.0,,2084.0
2023-07-04,Hoek van Holland,330,6.8,247.0,17.3,1010.1,5.1,10.4,19.0,1.0,11.0,69.0,,2100.0
2023-07-05,Hoek van Holland,330,11.7,250.0,15.8,1008.4,6.0,11.3,28.0,4.0,21.0,79.0,,1878.0
2023-07-06,Hoek van Holland,330,4.7,244.0,17.9,1017.2,13.3,0.0,11.0,2.0,7.0,64.0,,2746.0
2023-07-07,Hoek van Holland,330,5.5,120.0,23.1,1018.2,15.1,0.0,9.0,3.0,7.0,46.0,,2941.0
2023-07-08,Hoek van Holland,330,3.9,71.0,23.2,1016.2,12.4,0.0,9.0,0.0,6.0,61.0,,2601.0
2023-07-09,Hoek van Holland,330,3.2,325.0,19.9,1019.1,4.7,0.0,11.0,1.0,7.0,80.0,,1639.0
2023-07-10,Hoek van Holland,330,4.1,258.0,20.0,1020.3,14.8,0.0,9.0,1.0,6.0,66.0,,2878.0
2023-07-11,Hoek van Holland,330,7.0,225.0,20.8,1011.4,10.9,0.5,14.0,4.0,9.0,69.0,,2649.0
2023-07-12,Hoek van Holland,330,8.7,244.0,18.5,1011.5,10.3,0.4,16.0,6.0,11.0,76.0,,2333.0
2023-07-13,Hoek van Holland,330,7.3,249.0,18.8,1016.3,12.0,0.0,13.0,6.0,8.0,70.0,,2548.0
2023-07-14,Hoek van Holland,330,6.3,166.0,20.2,1011.0,1.7,0.0,12.0,5.0,8.0,65.0,,1488.0
2023-07-15,Hoek van Holland,330,9.0,218.0,20.0,1004.8,6.9,2.2,20.0,6.0,13.0,69.0,,1761.0
2023-07-16,Hoek van Holland,330,11.5,224.0,18.7,1011.6,10.2,0.5,22.0,9.0,14.0,66.0,,2453.0
2023-07-17,Hoek van Holland,330,8.3,244.0,18.2,1018.3,9.8,0.2,16.0,5.0,11.0,69.0,,2196.0
2023-07-18,Hoek van Holland,330,3.9,235.0,18.3,1018.0,7.3,0.0,8.0,1.0,6.0,74.0,,2299.0
2023-07-19,Hoek van Holland,330,4.7,290.0,18.2,1014.2,3.1,0.7,9.0,3.0,7.0,77.0,,1628.0
2023-07-20,Hoek van Holland,330,3.4,349.0,17.2,1015.0,11.2,0.0,7.0,2.0,6.0,68.0,,2546.0
2023-07-21,Hoek van Holland,330,4.5,276.0,16.5,1012.6,5.6,1.9,12.0,1.0,8.0,74.0,,1918.0
2023-07-22,Hoek van Holland,330,7.5,223.0,16.8,1011.7,0.4,4.4,16.0,4.0,10.0,78.0,,1003.0
2023-07-23,Hoek van Holland,330,9.8,216.0,18.3,1004.7,4.9,1.3,21.0,7.0,13.0,80.0,,1594.0
2023-07-24,Hoek van Holland,330,7.4,306.0,17.4,1004.3,4.1,0.0,13.0,6.0,11.0,76.0,,1345.0
2023-07-25,Hoek van Holland,330,6.8,315.0,16.8,1009.3,10.5,0.0,11.0,5.0,9.0,63.0,,2505.0
2023-07-26,Hoek van Holland,330,6.2,258.0,17.8,1011.9,12.4,0.4,13.0,3.0,8.0,63.0,,2586.0
2023-07-27,Hoek van Holland,330,9.2,229.0,17.5,1004.1,0.5,13.9,16.0,7.0,11.0,93.0,,659.0
2023-07-28,Hoek van Holland,330,6.0,233.0,19.4,1006.6,3.8,0.0,13.0,5.0,8.0,83.0,,1339.0
2023-07-29,Hoek van Holland,330,8.5,231.0,19.0,1007.0,7.5,0.3,16.0,6.0,10.0,78.0,,1766.0
2023-07-30,Hoek van Holland,330,9.4,240.0,17.9,1010.2,3.8,9.7,19.0,5.0,13.0,79.0,,1607.0
2023-07-31,Hoek van Holland,330,10.6,238.0,17.7,1004.1,0.3,17.0,19.0,7.0,13.0,90.0,,571.0
2023-08-01,Hoek van Holland,330,9.8,255.0,18.0,1000.3,6.1,0.2,16.0,6.0,12.0,76.0,,1774.0
2023-08-02,Hoek van Holland,330,10.1,207.0,17.5,990.3,4.9,17.8,23.0,7.0,15.0,86.0,,1678.0
2023-08-03,Hoek van Holland,330,11.0,307.0,17.2,1001.2,3.8,7.6,20.0,7.0,16.0,84.0,,1264.0
2023-08-04,Hoek van Holland,330,6.6,326.0,17.0,1015.1,7.5,2.1,13.0,2.0,9.0,79.0,,2035.0
2023-08-05,Hoek van Holland,330,6.7,158.0,15.6,1009.3,0.4,13.1,13.0,2.0,9.0,84.0,,892.0
2023-08-06,Hoek van Holland,330,12.6,321.0,15.6,1009.8,2.7,6.9,21.0,6.0,17.0,80.0,,1290.0
2023-08-07,Hoek van Holland,330,10.2,291.0,16.9,1016.3,11.4,0.4,19.0,6.0,15.0,69.0,,2182.0
2023-08-08,Hoek van Holland,330,7.9,269.0,16.6,1013.5,7.4,1.5,14.0,3.0,11.0,73.0,,2019.0
2023-08-09,Hoek van Holland,330,4.2,283.0,16.8,1017.5,11.8,0.0,9.0,2.0,7.0,77.0,,2310.0
2023-08-10,Hoek van Holland,330,3.9,177.0,19.0,1020.8,8.3,0.0,7.0,2.0,5.0,70.0,,2048.0
2023-08-11,Hoek van Holland,330,6.0,210.0,20.7,1018.6,6.2,0.0,14.0,4.0,9.0,76.0,,1717.0
2023-08-12,Hoek van Holland,330,7.5,229.0,19.5,1015.5,9.1,4.4,17.0,3.0,11.0,80.0,,2094.0
2023-08-13,Hoek van Holland,330,6.6,213.0,18.8,1015.6,5.3,0.0,14.0,5.0,8.0,77.0,,1524.0
2023-08-14,Hoek van Holland,330,5.0,189.0,20.9,1013.2,8.3,0.0,10.0,3.0,7.0,67.0,,2001.0
2023-08-15,Hoek van Holland,330,4.2,260.0,18.6,1016.5,8.2,0.2,11.0,2.0,6.0,81.0,,1935.0
2023-08-16,Hoek van Holland,330,5.4,41.0,19.0,1021.0,10.5,0.0,10.0,2.0,9.0,75.0,,2113.0
2023-08-17,Hoek van Holland,330,6.7,47.0,19.0,1019.8,4.1,0.0,11.0,4.0,9.0,78.0,,1603.0
2023-08-18,Hoek van Holland,330,4.1,86.0,21.5,1015.0,4.7,0.0,8.0,3.0,7.0,80.0,,1611.0
2023-08-19,Hoek van Holland,330,6.5,221.0,21.9,1015.6,6.8,0.0,14.0,5.0,9.0,76.0,,1525.0
2023-08-20,Hoek van Holland,330,3.3,258.0,19.5,1022.6,12.3,0.0,9.0,1.0,6.0,79.0,,2188.0
2023-08-21,Hoek van Holland,330,3.1,269.0,19.2,1023.1,13.1,0.0,6.0,2.0,5.0,83.0,,2309.0
2023-08-22,Hoek van Holland,330,4.0,237.0,19.0,1020.7,7.8,0.0,8.0,2.0,6.0,82.0,,1660.0
2023-08-23,Hoek van Holland,330,3.3,320.0,19.3,1019.9,11.8,0.0,6.0,2.0,4.0,82.0,,2163.0
2023-08-24,Hoek van Holland,330,5.1,158.0,21.0,1012.5,2.4,1.1,11.0,3.0,7.0,81.0,,1103.0
2023-08-25,Hoek van Holland,330,3.9,304.0,18.8,1008.5,3.9,9.7,10.0,2.0,6.0,82.0,,1381.0
2023-08-26,Hoek van Holland,330,6.8,218.0,17.3,1009.3,10.5,3.6,13.0,5.0,9.0,77.0,,1891.0
2023-08-27,Hoek van Holland,330,6.8,247.0,15.9,1009.2,5.4,3.9,14.0,4.0,10.0,80.0,,1113.0
2023-08-28,Hoek van Holland,330,4.0,341.0,17.2,1012.8,10.3,1.0,10.0,1.0,6.0,76.0,,1995.0
2023-08-29,Hoek van Holland,330,4.0,236.0,16.4,1011.2,4.6,0.5,9.0,2.0,6.0,75.0,,1448.0
2023-08-30,Hoek van Holland,330,7.2,259.0,15.5,1006.4,5.2,7.5,15.0,4.0,10.0,79.0,,1330.0
2023-08-31,Hoek van Holland,330,5.3,275.0,16.7,1010.3,10.0,0.0,13.0,2.0,10.0,70.0,,1934.0
2023-09-01,Hoek van Holland,330,3.0,143.0,16.8,1012.7,0.3,2.6,7.0,1.0,5.0,90.0,,606.0
2023-09-02,Hoek van Holland,330,3.9,44.0,17.7,1021.3,7.3,0.0,9.0,2.0,8.0,89.0,,1578.0
2023-09-03,Hoek van Holland,330,3.3,58.0,18.2,1027.5,9.5,0.0,7.0,1.0,6.0,78.0,,1846.0
2023-09-04,Hoek van Holland,330,3.8,99.0,19.9,1024.1,9.8,0.0,8.0,2.0,5.0,70.0,,1737.0
2023-09-05,Hoek van Holland,330,3.5,112.0,23.1,1018.4,12.3,0.0,6.0,2.0,5.0,64.0,,1972.0
2023-09-06,Hoek van Holland,330,3.0,86.0,23.1,1019.2,12.3,0.0,6.0,1.0,5.0,71.0,,1923.0
2023-09-07,Hoek van Holland,330,4.0,110.0,23.3,1017.9,12.2,0.0,9.0,2.0,6.0,66.0,,1944.0
2023-09-08,Hoek van Holland,330,2.8,243.0,21.8,1016.5,11.1,0.0,6.0,1.0,4.0,81.0,,1800.0
2023-09-09,Hoek van Holland,330,2.1,47.0,22.6,1016.7,11.6,0.0,5.0,1.0,4.0,77.0,,1731.0
2023-09-10,Hoek van Holland,330,4.2,149.0,25.7,1015.8,10.9,0.0,8.0,3.0,6.0,66.0,,1676.0
2023-09-11,Hoek van Holland,330,3.7,234.0,20.7,1013.2,5.1,0.4,9.0,1.0,7.0,85.0,,1098.0
2023-09-12,Hoek van Holland,330,3.3,293.0,20.0,1013.1,4.1,0.0,7.0,2.0,5.0,89.0,,1194.0
2023-09-13,Hoek van Holland,330,7.2,25.0,17.1,1019.2,8.3,0.0,21.0,2.0,17.0,76.0,,1424.0
2023-09-14,Hoek van Holland,330,3.3,121.0,16.1,1021.7,7.7,0.0,6.0,1.0,4.0,76.0,,1191.0
2023-09-15,Hoek van Holland,330,3.6,117.0,17.7,1016.8,10.8,0.0,7.0,2.0,5.0,70.0,,1674.0
2023-09-16,Hoek van Holland,330,3.9,65.0,20.1,1014.1,8.8,1.5,9.0,1.0,7.0,71.0,,1402.0
2023-09-17,Hoek van Holland,330,4.8,83.0,17.7,1011.4,0.4,0.1,10.0,2.0,8.0,85.0,,493.0
2023-09-18,Hoek van Holland,330,9.8,226.0,19.0,1003.0,5.4,5.7,22.0,4.0,15.0,80.0,,1097.0
2023-09-19,Hoek van Holland,330,12.0,221.0,17.2,1007.3,1.9,2.8,25.0,9.0,14.0,78.0,,656.0
2023-09-20,Hoek van Holland,330,11.0,188.0,19.2,1002.9,3.1,0.1,19.0,9.0,13.0,74.0,,899.0
2023-09-21,Hoek van Holland,330,4.9,207.0,15.2,996.7,0.0,27.7,16.0,2.0,11.0,91.0,,308.0
2023-09-22,Hoek van Holland,330,6.5,202.0,13.5,1001.1,1.8,14.7,15.0,2.0,10.0,89.0,,718.0
2023-09-23,Hoek van Holland,330,7.2,259.0,14.9,1014.9,4.7,9.1,13.0,4.0,10.0,79.0,,890.0
2023-09-24,Hoek van Holland,330,7.6,180.0,16.2,1022.2,10.6,0.0,14.0,6.0,10.0,67.0,,1516.0
2023-09-25,Hoek van Holland,330,5.6,183.0,16.4,1021.0,3.8,0.0,12.0,3.0,9.0,79.0,,790.0
2023-09-26,Hoek van Holland,330,4.4,172.0,18.3,1019.4,6.3,0.0,10.0,3.0,7.0,76.0,,1147.0
2023-09-27,Hoek van Holland,330,5.4,162.0,19.3,1016.2,3.2,0.0,15.0,1.0,11.0,78.0,,946.0
2023-09-28,Hoek van Holland,330,6.4,214.0,18.0,1015.4,1.0,0.0,15.0,4.0,10.0,76.0,,534.0
2023-09-29,Hoek van Holland,330,7.2,261.0,17.6,1017.9,4.0,1.4,14.0,4.0,11.0,76.0,,687.0
2023-09-30,Hoek van Holland,330,4.6,210.0,16.7,1025.1,6.4,0.0,10.0,3.0,7.0,74.0,,1069.0
2023-10-01,Hoek van Holland,330,5.1,205.0,18.4,1021.5,9.6,0.0,11.0,3.0,8.0,77.0,,1279.0
2023-10-02,Hoek van Holland,330,4.0,173.0,19.1,1016.6,5.0,0.0,10.0,1.0,8.0,86.0,,999.0
2023-10-03,Hoek van Holland,330,11.5,272.0,17.0,1016.2,3.1,1.8,20.0,8.0,13.0,74.0,,593.0
2023-10-04,Hoek van Holland,330,8.5,253.0,16.4,1024.7,3.1,0.4,15.0,7.0,11.0,68.0,,701.0
2023-10-05,Hoek van Holland,330,7.7,249.0,16.5,1023.9,4.5,0.0,15.0,5.0,11.0,74.0,,839.0
2023-10-06,Hoek van Holland,330,9.0,227.0,16.9,1022.3,5.7,0.0,16.0,7.0,11.0,82.0,,882.0
2023-10-07,Hoek van Holland,330,9.0,244.0,18.6,1021.4,6.3,0.0,15.0,7.0,10.0,82.0,,943.0
2023-10-08,Hoek van Holland,330,4.1,200.0,17.7,1023.5,5.6,0.0,10.0,1.0,7.0,86.0,,897.0
2023-10-09,Hoek van Holland,330,4.7,267.0,18.2,1020.5,2.5,0.0,11.0,2.0,7.0,83.0,,746.0
2023-10-10,Hoek van Holland,330,7.0,210.0,17.9,1016.7,6.5,0.0,17.0,3.0,10.0,81.0,,964.0
2023-10-11,Hoek van Holland,330,8.6,237.0,18.1,1012.1,1.4,0.5,17.0,6.0,11.0,86.0,,506.0
2023-10-12,Hoek van Holland,330,5.3,227.0,16.3,1011.9,0.4,38.4,13.0,3.0,8.0,95.0,,147.0
2023-10-13,Hoek van Holland,330,10.4,218.0,17.8,1002.6,0.1,16.4,21.0,7.0,13.0,87.0,,245.0
2023-10-14,Hoek van Holland,330,11.1,293.0,12.7,1013.5,7.4,0.3,18.0,9.0,13.0,61.0,,866.0
2023-10-15,Hoek van Holland,330,9.3,328.0,10.4,1021.8,5.8,6.8,20.0,4.0,14.0,68.0,,804.0
2023-10-16,Hoek van Holland,330,3.6,124.0,10.5,1022.2,3.8,1.7,6.0,2.0,5.0,82.0,,667.0
2023-10-17,Hoek van Holland,330,6.5,89.0,9.8,1017.5,9.0,0.0,12.0,4.0,9.0,76.0,,1018.0
2023-10-18,Hoek van Holland,330,9.3,108.0,10.4,1001.3,4.2,15.4,15.0,7.0,12.0,77.0,,692.0
2023-10-19,Hoek van Holland,330,7.2,151.0,15.6,988.8,1.1,3.4,11.0,5.0,8.0,90.0,,410.0
2023-10-20,Hoek van Holland,330,8.4,122.0,13.0,979.2,0.0,11.8,16.0,6.0,11.0,94.0,,103.0
2023-10-21,Hoek van Holland,330,10.2,180.0,13.2,989.3,1.8,12.1,20.0,8.0,13.0,88.0,,375.0
2023-10-22,Hoek van Holland,330,6.2,246.0,12.6,1005.8,6.5,2.1,18.0,2.0,13.0,77.0,,808.0
2023-10-23,Hoek van Holland,330,5.2,98.0,10.9,1009.2,0.2,5.3,11.0,3.0,8.0,94.0,,412.0
2023-10-24,Hoek van Holland,330,7.5,208.0,11.9,1000.5,0.8,5.1,14.0,5.0,10.0,89.0,,255.0
2023-10-25,Hoek van Holland,330,5.3,75.0,10.0,996.1,1.1,2.6,13.0,1.0,10.0,93.0,,274.0
2023-10-26,Hoek van Holland,330,5.3,132.0,9.8,994.3,2.1,0.0,10.0,1.0,8.0,92.0,,483.0
2023-10-27,Hoek van Holland,330,5.3,181.0,11.5,991.7,0.9,13.9,10.0,4.0,7.0,93.0,,232.0
2023-10-28,Hoek van Holland,330,8.9,177.0,12.3,992.5,1.9,7.2,16.0,6.0,12.0,86.0,,352.0
2023-10-29,Hoek van Holland,330,11.3,202.0,12.5,991.2,2.5,10.9,21.0,9.0,14.0,82.0,,444.0
2023-10-30,Hoek van Holland,330,5.8,193.0,11.3,997.2,0.5,4.8,14.0,1.0,10.0,89.0,,306.0
2023-10-31,Hoek van Holland,330,6.1,214.0,11.4,1001.3,1.4,14.2,15.0,3.0,10.0,92.0,,324.0
2023-11-01,Hoek van Holland,330,9.7,184.0,12.2,995.5,0.4,3.8,18.0,7.0,12.0,86.0,,306.0
2023-11-02,Hoek van Holland,330,15.7,179.0,10.6,972.1,0.3,28.8,31.0,11.0,22.0,85.0,,147.0
2023-11-03,Hoek van Holland,330,11.8,221.0,10.4,981.8,1.3,11.6,22.0,11.0,14.0,83.0,,293.0
2023-11-04,Hoek van Holland,330,9.8,175.0,9.4,975.1,0.0,6.2,19.0,8.0,12.0,89.0,,178.0
2023-11-05,Hoek van Holland,330,9.9,245.0,11.2,979.0,0.8,2.9,21.0,6.0,15.0,83.0,,199.0
2023-11-06,Hoek van Holland,330,9.0,211.0,10.3,999.0,6.1,4.1,18.0,6.0,12.0,87.0,,499.0
2023-11-07,Hoek van Holland,330,8.7,224.0,10.6,1007.4,7.1,0.8,16.0,7.0,10.0,83.0,,625.0
2023-11-08,Hoek van Holland,330,10.5,200.0,10.2,1006.6,0.9,13.1,20.0,7.0,13.0,88.0,,247.0
2023-11-09,Hoek van Holland,330,7.3,211.0,9.1,998.1,2.2,7.2,16.0,3.0,11.0,85.0,,287.0
2023-11-10,Hoek van Holland,330,9.4,227.0,8.4,995.2,0.3,11.0,17.0,4.0,11.0,87.0,,115.0
2023-11-11,Hoek van Holland,330,7.8,282.0,9.6,1004.2,7.3,1.0,17.0,1.0,11.0,74.0,,634.0
2023-11-12,Hoek van Holland,330,4.4,171.0,6.9,1006.1,2.6,0.2,10.0,3.0,6.0,93.0,,289.0
2023-11-13,Hoek van Holland,330,10.8,220.0,11.4,999.6,2.8,4.8,24.0,4.0,15.0,85.0,,221.0
2023-11-14,Hoek van Holland,330,10.9,258.0,12.4,1002.6,0.5,12.0,22.0,6.0,16.0,83.0,,211.0
2023-11-15,Hoek van Holland,330,10.9,272.0,11.6,1013.3,3.8,1.8,17.0,9.0,12.0,77.0,,371.0
2023-11-16,Hoek van Holland,330,4.1,68.0,8.0,1013.5,0.0,0.7,12.0,1.0,9.0,91.0,,105.0
2023-11-17,Hoek van Holland,330,4.0,213.0,7.9,1019.9,2.4,0.6,8.0,2.0,5.0,86.0,,334.0
2023-11-18,Hoek van Holland,330,9.0,188.0,9.7,1014.1,0.0,13.0,19.0,5.0,13.0,92.0,,66.0
2023-11-19,Hoek van Holland,330,11.0,238.0,12.9,1006.9,4.3,0.6,21.0,9.0,13.0,82.0,,392.0
2023-11-20,Hoek van Holland,330,6.6,253.0,11.0,1008.3,3.9,0.0,16.0,2.0,12.0,85.0,,393.0
2023-11-21,Hoek van Holland,330,6.5,32.0,9.4,1019.5,3.8,0.0,13.0,1.0,10.0,88.0,,340.0
2023-11-22,Hoek van Holland,330,5.8,217.0,7.7,1027.9,1.9,0.0,13.0,2.0,9.0,86.0,,278.0
2023-11-23,Hoek van Holland,330,11.1,273.0,12.1,1019.6,5.1,0.2,20.0,8.0,16.0,82.0,,401.0
2023-11-24,Hoek van Holland,330,16.1,333.0,8.1,1013.4,1.7,6.0,29.0,12.0,21.0,72.0,,275.0
2023-11-25,Hoek van Holland,330,12.0,339.0,8.2,1014.5,5.0,3.6,22.0,5.0,14.0,73.0,,400.0
2023-11-26,Hoek van Holland,330,6.5,262.0,7.4,1013.8,0.2,3.9,15.0,4.0,9.0,83.0,,147.0
2023-11-27,Hoek van Holland,330,8.5,78.0,5.5,997.6,0.0,15.0,16.0,4.0,12.0,94.0,,85.0
2023-11-28,Hoek van Holland,330,7.3,329.0,3.8,1005.8,4.5,2.7,19.0,1.0,14.0,78.0,,374.0
2023-11-29,Hoek van Holland,330,7.8,308.0,4.0,1002.3,2.7,9.0,24.0,2.0,15.0,82.0,,238.0
2023-11-30,Hoek van Holland,330,3.0,115.0,2.0,1002.3,6.1,0.0,6.0,2.0,4.0,91.0,,429.0
2023-12-01,Hoek van Holland,330,3.9,82.0,-0.5,1008.2,5.3,0.0,8.0,2.0,6.0,84.0,,394.0
2023-12-02,Hoek van Holland,330,3.9,199.0,1.3,1014.5,5.3,3.4,9.0,2.0,6.0,91.0,,370.0
2023-12-03,Hoek van Holland,330,8.6,171.0,1.4,1016.2,0.3,2.5,16.0,5.0,12.0,88.0,,161.0
2023-12-04,Hoek van Holland,330,8.8,128.0,2.9,1003.1,0.0,1.5,15.0,7.0,11.0,81.0,,125.0
2023-12-05,Hoek van Holland,330,7.0,29.0,3.5,1004.6,0.0,0.0,13.0,6.0,10.0,91.0,,68.0
2023-12-06,Hoek van Holland,330,5.3,337.0,5.4,1016.0,2.4,0.7,16.0,2.0,11.0,80.0,,260.0
2023-12-07,Hoek van Holland,330,7.7,138.0,2.9,1014.2,1.4,0.8,15.0,3.0,12.0,87.0,,183.0
2023-12-08,Hoek van Holland,330,6.9,183.0,6.4,1006.5,0.8,2.2,12.0,5.0,9.0,94.0,,108.0
2023-12-09,Hoek van Holland,330,11.0,204.0,8.5,998.3,0.0,6.6,22.0,7.0,15.0,87.0,,69.0
2023-12-10,Hoek van Holland,330,12.4,240.0,9.9,1000.5,2.5,3.0,25.0,7.0,18.0,79.0,,241.0
2023-12-11,Hoek van Holland,330,9.0,256.0,9.6,1002.0,0.5,1.6,22.0,4.0,15.0,85.0,,103.0
2023-12-12,Hoek van Holland,330,5.8,182.0,8.4,1000.5,0.2,5.2,14.0,3.0,8.0,94.0,,111.0
2023-12-13,Hoek van Holland,330,5.2,41.0,8.0,999.4,0.0,0.1,12.0,0.0,10.0,95.0,,74.0
2023-12-14,Hoek van Holland,330,4.7,345.0,6.5,1020.0,1.8,0.2,12.0,1.0,9.0,86.0,,185.0
2023-12-15,Hoek van Holland,330,4.9,261.0,8.9,1034.4,0.0,0.0,10.0,3.0,7.0,78.0,,127.0
2023-12-16,Hoek van Holland,330,6.9,228.0,9.2,1037.8,0.0,0.0,13.0,6.0,8.0,91.0,,67.0
2023-12-17,Hoek van Holland,330,8.5,215.0,8.8,1034.3,4.0,0.0,17.0,5.0,11.0,84.0,,281.0
2023-12-18,Hoek van Holland,330,8.0,208.0,8.0,1028.5,0.2,0.0,16.0,6.0,10.0,90.0,,172.0
2023-12-19,Hoek van Holland,330,9.1,247.0,8.6,1017.9,0.0,14.1,18.0,4.0,11.0,93.0,,42.0
2023-12-20,Hoek van Holland,330,12.0,268.0,9.1,1013.0,1.7,0.8,18.0,10.0,14.0,83.0,,219.0
2023-12-21,Hoek van Holland,330,14.6,272.0,10.5,1000.9,1.5,0.1,23.0,10.0,18.0,80.0,,151.0
2023-12-22,Hoek van Holland,330,14.5,281.0,10.1,1005.8,0.3,0.0,23.0,12.0,17.0,80.0,,128.0
2023-12-23,Hoek van Holland,330,12.6,254.0,10.3,1008.6,1.2,0.4,21.0,10.0,15.0,81.0,,189.0
2023-12-24,Hoek van Holland,330,13.2,231.0,10.9,1003.9,0.0,9.5,23.0,11.0,15.0,93.0,,40.0
2023-12-25,Hoek van Holland,330,9.9,241.0,11.1,1006.1,0.2,13.0,22.0,7.0,14.0,90.0,,126.0
2023-12-26,Hoek van Holland,330,7.9,267.0,8.1,1014.6,1.5,0.3,18.0,1.0,12.0,82.0,,165.0
2023-12-27,Hoek van Holland,330,9.1,179.0,8.5,1011.1,0.0,5.3,21.0,3.0,13.0,87.0,,71.0
2023-12-28,Hoek van Holland,330,12.9,211.0,10.8,1007.4,0.0,2.9,22.0,12.0,14.0,78.0,,161.0
2023-12-29,Hoek van Holland,330,10.0,240.0,10.0,1006.2,0.5,0.4,21.0,6.0,13.0,81.0,,190.0
2023-12-30,Hoek van Holland,330,9.1,204.0,9.2,1008.5,0.9,0.1,16.0,6.0,12.0,80.0,,180.0
2023-12-31,Hoek van Holland,330,12.3,186.0,8.7,994.0,0.5,6.9,22.0,10.0,14.0,82.0,,146.0
2021-01-01,Vlissingen,310,5.5,249.0,4.5,1009.3,3.0,1.6,12.0,2.0,10.0,84.0,8.0,282.0
2021-01-02,Vlissingen,310,2.7,239.0,4.4,1013.4,2.6,0.8,8.0,1.0,6.0,93.0,7.0,221.0
2021-01-03,Vlissingen,310,4.8,43.0,3.7,1016.1,0.0,0.0,11.0,1.0,7.0,87.0,8.0,118.0
2021-01-04,Vlissingen,310,7.4,44.0,3.4,1016.8,0.0,0.6,14.0,5.0,9.0,86.0,8.0,71.0
2021-01-05,Vlissingen,310,5.7,45.0,3.2,1017.3,0.0,0.2,10.0,5.0,7.0,87.0,8.0,75.0
2021-01-06,Vlissingen,310,3.3,21.0,3.1,1017.0,1.3,0.7,8.0,1.0,6.0,88.0,8.0,170.0
2021-01-07,Vlissingen,310,3.6,315.0,3.3,1014.4,0.5,6.2,14.0,1.0,5.0,84.0,8.0,181.0
2021-01-08,Vlissingen,310,3.3,325.0,3.7,1017.0,2.0,1.5,9.0,2.0,6.0,86.0,5.0,252.0
2021-01-09,Vlissingen,310,1.9,322.0,3.4,1024.6,5.3,0.0,7.0,1.0,3.0,84.0,3.0,430.0
2021-01-10,Vlissingen,310,4.5,242.0,3.9,1024.3,2.3,0.0,9.0,1.0,7.0,84.0,7.0,300.0
2021-01-11,Vlissingen,310,9.5,228.0,5.6,1016.6,0.0,5.2,17.0,7.0,14.0,88.0,8.0,123.0
2021-01-12,Vlissingen,310,8.0,282.0,6.4,1011.6,3.7,8.1,19.0,4.0,15.0,83.0,6.0,339.0
2021-01-13,Vlissingen,310,4.6,273.0,5.3,1017.3,1.9,0.0,10.0,3.0,7.0,79.0,7.0,286.0
2021-01-14,Vlissingen,310,6.6,85.0,2.5,1018.5,0.0,5.3,13.0,2.0,10.0,86.0,8.0,141.0
2021-01-15,Vlissingen,310,3.5,6.0,2.1,1028.8,0.0,0.0,9.0,1.0,6.0,72.0,8.0,126.0
2021-01-16,Vlissingen,310,7.0,191.0,1.4,1021.7,0.0,3.1,14.0,4.0,10.0,87.0,8.0,87.0
2021-01-17,Vlissingen,310,4.8,296.0,6.1,1020.5,0.8,0.8,11.0,3.0,6.0,85.0,8.0,231.0
2021-01-18,Vlissingen,310,7.8,220.0,5.3,1021.0,0.4,0.0,14.0,5.0,11.0,90.0,8.0,270.0
2021-01-19,Vlissingen,310,13.7,216.0,7.7,1005.9,0.4,5.9,23.0,11.0,17.0,89.0,8.0,147.0
2021-01-20,Vlissingen,310,12.8,187.0,8.4,993.6,1.3,0.2,23.0,11.0,17.0,75.0,8.0,240.0
2021-01-21,Vlissingen,310,11.2,211.0,6.5,986.8,2.7,12.6,26.0,2.0,19.0,82.0,6.0,333.0
2021-01-22,Vlissingen,310,5.9,214.0,4.7,992.7,6.3,0.0,11.0,4.0,9.0,89.0,7.0,427.0
2021-01-23,Vlissingen,310,5.2,222.0,3.6,994.3,1.1,2.0,12.0,1.0,9.0,88.0,8.0,279.0
2021-01-24,Vlissingen,310,6.6,167.0,2.8,997.7,2.5,4.0,13.0,4.0,11.0,83.0,7.0,343.0
2021-01-25,Vlissingen,310,5.8,298.0,3.7,1006.2,6.8,0.0,15.0,2.0,10.0,82.0,6.0,573.0
2021-01-26,Vlissingen,310,7.3,241.0,4.6,1016.8,6.5,1.1,15.0,5.0,10.0,79.0,6.0,527.0
2021-01-27,Vlissingen,310,6.0,216.0,5.0,1011.2,0.1,0.4,13.0,2.0,10.0,96.0,8.0,165.0
2021-01-28,Vlissingen,310,7.3,233.0,7.4,1001.6,0.8,14.3,16.0,3.0,13.0,97.0,8.0,217.0
2021-01-29,Vlissingen,310,9.3,254.0,7.9,996.9,5.8,9.2,19.0,2.0,14.0,92.0,7.0,513.0
2021-01-30,Vlissingen,310,8.3,67.0,2.1,1000.4,0.3,3.7,14.0,5.0,11.0,85.0,8.0,170.0
2021-01-31,Vlissingen,310,7.1,78.0,1.0,998.8,5.2,0.1,13.0,5.0,10.0,85.0,7.0,580.0
2021-02-01,Vlissingen,310,2.8,6.0,3.4,995.9,0.0,0.4,7.0,1.0,5.0,93.0,8.0,139.0
2021-02-02,Vlissingen,310,7.2,198.0,7.0,997.8,0.7,8.5,14.0,3.0,11.0,92.0,8.0,220.0
2021-02-03,Vlissingen,310,6.3,225.0,7.7,997.3,0.7,8.7,13.0,2.0,10.0,91.0,8.0,116.0
2021-02-04,Vlissingen,310,5.7,168.0,6.5,1011.1,5.9,2.1,11.0,3.0,9.0,91.0,6.0,606.0
2021-02-05,Vlissingen,310,3.5,163.0,7.2,1010.3,0.6,0.9,7.0,1.0,6.0,92.0,8.0,302.0
2021-02-06,Vlissingen,310,6.7,60.0,4.9,1006.4,0.1,1.6,17.0,2.0,11.0,91.0,8.0,211.0
2021-02-07,Vlissingen,310,9.2,46.0,-2.4,999.4,0.0,5.2,17.0,7.0,11.0,87.0,8.0,186.0
2021-02-08,Vlissingen,310,8.3,53.0,-4.1,1001.5,0.0,0.4,15.0,7.0,10.0,79.0,8.0,209.0
2021-02-09,Vlissingen,310,6.3,57.0,-3.4,1007.6,8.5,0.0,13.0,5.0,8.0,76.0,6.0,840.0
2021-02-10,Vlissingen,310,4.5,51.0,-2.7,1015.7,8.0,0.0,12.0,2.0,8.0,75.0,4.0,874.0
2021-02-11,Vlissingen,310,5.2,78.0,-2.1,1029.2,9.0,0.0,11.0,3.0,9.0,69.0,1.0,935.0
2021-02-12,Vlissingen,310,8.0,70.0,-3.4,1032.8,9.0,0.0,16.0,5.0,11.0,70.0,0.0,908.0
2021-02-13,Vlissingen,310,10.0,99.0,-2.2,1036.6,9.0,0.0,15.0,9.0,12.0,62.0,4.0,964.0
2021-02-14,Vlissingen,310,8.5,143.0,0.9,1031.8,6.3,0.0,13.0,6.0,10.0,56.0,7.0,782.0
2021-02-15,Vlissingen,310,8.2,185.0,3.7,1021.8,0.0,5.3,15.0,5.0,11.0,86.0,8.0,144.0
2021-02-16,Vlissingen,310,8.2,197.0,6.3,1013.0,1.7,3.7,14.0,6.0,10.0,86.0,8.0,512.0
2021-02-17,Vlissingen,310,9.2,199.0,7.8,1014.2,4.4,0.0,14.0,8.0,11.0,84.0,7.0,595.0
2021-02-18,Vlissingen,310,8.9,185.0,6.6,1007.8,0.8,3.9,16.0,7.0,11.0,83.0,6.0,380.0
2021-02-19,Vlissingen,310,8.1,174.0,5.9,1013.3,5.0,0.0,15.0,5.0,11.0,87.0,7.0,601.0
2021-02-20,Vlissingen,310,8.9,159.0,9.2,1009.4,8.6,0.0,14.0,5.0,11.0,78.0,7.0,915.0
2021-02-21,Vlissingen,310,6.2,159.0,9.1,1011.6,7.4,0.0,10.0,4.0,8.0,75.0,6.0,888.0
2021-02-22,Vlissingen,310,6.7,175.0,8.6,1017.5,2.2,0.0,10.0,4.0,9.0,76.0,7.0,525.0
2021-02-23,Vlissingen,310,7.8,192.0,10.4,1026.9,6.3,0.0,15.0,3.0,11.0,82.0,7.0,833.0
2021-02-24,Vlissingen,310,8.0,187.0,10.2,1026.4,9.7,0.0,13.0,6.0,9.0,80.0,5.0,1079.0
2021-02-25,Vlissingen,310,4.4,249.0,9.0,1027.2,6.1,0.2,10.0,2.0,7.0,85.0,8.0,877.0
2021-02-26,Vlissingen,310,3.2,325.0,6.7,1036.1,9.7,0.2,7.0,1.0,5.0,83.0,1.0,1204.0
2021-02-27,Vlissingen,310,2.6,45.0,3.9,1040.5,4.8,0.0,6.0,1.0,4.0,96.0,4.0,758.0
2021-02-28,Vlissingen,310,5.0,42.0,5.7,1036.5,9.8,0.0,10.0,3.0,7.0,86.0,1.0,1211.0
2021-03-01,Vlissingen,310,5.1,64.0,4.8,1032.1,4.0,0.0,8.0,4.0,6.0,89.0,3.0,722.0
2021-03-02,Vlissingen,310,2.3,68.0,7.5,1029.3,10.0,0.0,6.0,0.0,4.0,79.0,0.0,1242.0
2021-03-03,Vlissingen,310,2.5,351.0,4.7,1027.5,4.7,0.0,6.0,1.0,4.0,96.0,7.0,878.0
2021-03-04,Vlissingen,310,3.7,360.0,4.6,1022.8,0.5,1.4,11.0,2.0,5.0,89.0,8.0,213.0
2021-03-05,Vlissingen,310,5.2,28.0,3.7,1030.2,10.0,0.0,11.0,3.0,7.0,69.0,2.0,1316.0
2021-03-06,Vlissingen,310,3.9,41.0,3.2,1032.9,9.9,0.0,8.0,3.0,5.0,72.0,1.0,1341.0
2021-03-07,Vlissingen,310,2.8,20.0,3.5,1026.3,5.1,0.0,7.0,1.0,4.0,70.0,4.0,965.0
2021-03-08,Vlissingen,310,3.7,261.0,4.7,1023.2,6.9,1.1,8.0,1.0,7.0,74.0,8.0,1108.0
2021-03-09,Vlissingen,310,4.1,255.0,5.8,1019.0,0.0,2.2,9.0,1.0,7.0,91.0,7.0,304.0
2021-03-10,Vlissingen,310,10.0,193.0,6.4,1011.5,0.2,0.7,20.0,3.0,15.0,79.0,8.0,435.0
2021-03-11,Vlissingen,310,16.7,237.0,8.7,997.6,7.0,0.6,33.0,13.0,23.0,77.0,6.0,1144.0
2021-03-12,Vlissingen,310,12.3,227.0,7.0,1003.2,3.4,1.9,21.0,9.0,16.0,80.0,7.0,584.0
2021-03-13,Vlissingen,310,13.8,238.0,7.1,995.4,5.0,5.5,30.0,7.0,20.0,77.0,7.0,892.0
2021-03-14,Vlissingen,310,8.5,266.0,7.2,1010.3,6.4,2.4,16.0,5.0,11.0,79.0,8.0,1214.0
2021-03-15,Vlissingen,310,7.2,317.0,7.1,1017.8,4.2,0.4,17.0,5.0,11.0,80.0,7.0,961.0
2021-03-16,Vlissingen,310,4.0,323.0,6.1,1024.7,0.0,6.1,18.0,1.0,10.0,89.0,8.0,359.0
2021-03-17,Vlissingen,310,6.0,346.0,6.3,1028.4,1.3,0.8,15.0,3.0,8.0,85.0,8.0,539.0
2021-03-18,Vlissingen,310,4.5,348.0,6.0,1024.7,0.3,1.3,11.0,1.0,7.0,86.0,8.0,606.0
2021-03-19,Vlissingen,310,5.9,16.0,5.4,1026.5,10.6,0.0,12.0,5.0,7.0,74.0,2.0,1509.0
2021-03-20,Vlissingen,310,3.9,300.0,5.4,1029.3,9.1,0.0,9.0,2.0,5.0,81.0,5.0,1567.0
2021-03-21,Vlissingen,310,5.6,342.0,6.8,1026.0,0.2,0.0,14.0,2.0,8.0,79.0,8.0,716.0
2021-03-22,Vlissingen,310,3.0,282.0,6.7,1026.2,2.4,0.0,7.0,1.0,5.0,79.0,8.0,826.0
2021-03-23,Vlissingen,310,4.6,233.0,6.8,1025.0,5.2,0.0,9.0,3.0,7.0,87.0,6.0,1089.0
2021-03-24,Vlissingen,310,3.9,239.0,8.2,1021.7,11.0,0.0,9.0,2.0,6.0,81.0,6.0,1644.0
2021-03-25,Vlissingen,310,5.5,234.0,8.3,1019.8,8.3,0.4,11.0,3.0,7.0,82.0,4.0,1561.0
2021-03-26,Vlissingen,310,9.4,200.0,8.9,1013.8,8.0,3.6,17.0,6.0,12.0,77.0,5.0,1434.0
2021-03-27,Vlissingen,310,10.0,246.0,7.5,1021.2,10.3,0.0,18.0,6.0,13.0,73.0,5.0,1823.0
2021-03-28,Vlissingen,310,9.8,217.0,9.3,1025.5,4.6,0.0,19.0,7.0,15.0,75.0,8.0,1121.0
2021-03-29,Vlissingen,310,5.8,236.0,10.5,1028.3,11.7,0.0,11.0,4.0,9.0,72.0,2.0,1915.0
2021-03-30,Vlissingen,310,2.8,112.0,14.0,1028.4,12.0,0.0,7.0,1.0,5.0,55.0,2.0,1901.0
2021-03-31,Vlissingen,310,1.9,126.0,14.7,1021.2,11.9,0.0,4.0,1.0,3.0,60.0,3.0,1801.0
2021-04-01,Vlissingen,310,5.9,11.0,10.1,1023.2,11.4,0.0,13.0,2.0,9.0,74.0,2.0,1741.0
2021-04-02,Vlissingen,310,6.4,10.0,6.5,1027.8,2.5,0.0,14.0,5.0,8.0,74.0,6.0,856.0
2021-04-03,Vlissingen,310,7.0,7.0,7.2,1029.2,3.3,0.0,13.0,5.0,8.0,64.0,8.0,1237.0
2021-04-04,Vlissingen,310,4.8,272.0,6.2,1023.6,2.8,0.0,12.0,2.0,9.0,75.0,7.0,779.0
2021-04-05,Vlissingen,310,9.8,313.0,4.8,1014.4,5.5,0.8,23.0,7.0,12.0,69.0,7.0,1248.0
2021-04-06,Vlissingen,310,7.9,316.0,2.6,1016.1,4.1,5.3,19.0,6.0,10.0,77.0,6.0,864.0
2021-04-07,Vlissingen,310,7.6,291.0,4.6,1020.6,6.0,0.8,18.0,3.0,13.0,60.0,7.0,1546.0
2021-04-08,Vlissingen,310,6.0,230.0,6.2,1021.7,6.7,0.0,10.0,3.0,8.0,65.0,7.0,1448.0
2021-04-09,Vlissingen,310,5.0,251.0,8.0,1013.5,7.6,0.0,10.0,1.0,8.0,69.0,8.0,1757.0
2021-04-10,Vlissingen,310,6.8,35.0,5.7,1011.4,0.0,8.6,14.0,4.0,9.0,86.0,8.0,416.0
2021-04-11,Vlissingen,310,6.4,353.0,5.4,1016.7,9.5,1.3,14.0,3.0,9.0,70.0,5.0,1741.0
2021-04-12,Vlissingen,310,3.6,305.0,5.1,1028.2,10.9,1.5,13.0,2.0,6.0,66.0,3.0,2207.0
2021-04-13,Vlissingen,310,2.8,277.0,6.7,1032.7,12.3,0.0,6.0,1.0,5.0,58.0,3.0,2326.0
2021-04-14,Vlissingen,310,4.8,8.0,6.4,1031.5,10.1,0.0,12.0,1.0,8.0,63.0,2.0,1834.0
2021-04-15,Vlissingen,310,3.8,21.0,5.9,1031.0,5.0,1.6,12.0,1.0,7.0,73.0,7.0,1404.0
2021-04-16,Vlissingen,310,5.5,13.0,7.2,1029.1,12.0,0.0,12.0,4.0,7.0,67.0,1.0,2037.0
2021-04-17,Vlissingen,310,5.6,6.0,7.4,1026.8,12.9,0.0,14.0,4.0,9.0,69.0,2.0,2326.0
2021-04-18,Vlissingen,310,3.2,319.0,7.6,1023.8,11.3,0.0,8.0,1.0,6.0,80.0,4.0,2199.0
2021-04-19,Vlissingen,310,3.6,342.0,9.4,1020.4,9.7,0.0,7.0,2.0,5.0,82.0,3.0,1899.0
2021-04-20,Vlissingen,310,2.5,8.0,10.5,1017.9,12.7,0.0,7.0,1.0,4.0,80.0,1.0,2135.0
2021-04-21,Vlissingen,310,6.5,12.0,8.5,1020.3,9.5,0.0,14.0,3.0,10.0,77.0,4.0,2009.0
2021-04-22,Vlissingen,310,4.9,28.0,7.1,1027.2,12.0,0.0,11.0,3.0,7.0,67.0,4.0,2380.0
2021-04-23,Vlissingen,310,4.0,40.0,8.4,1029.3,13.5,0.0,8.0,3.0,5.0,72.0,3.0,2501.0
2021-04-24,Vlissingen,310,5.6,40.0,9.0,1027.5,11.8,0.0,13.0,3.0,9.0,66.0,5.0,2335.0
2021-04-25,Vlissingen,310,6.4,31.0,7.2,1027.1,6.4,0.0,13.0,3.0,9.0,67.0,4.0,1708.0
2021-04-26,Vlissingen,310,6.1,25.0,7.9,1019.4,13.4,0.0,12.0,5.0,8.0,67.0,3.0,2507.0
2021-04-27,Vlissingen,310,4.0,39.0,10.1,1009.6,10.7,0.0,8.0,2.0,6.0,58.0,4.0,2394.0
2021-04-28,Vlissingen,310,5.3,20.0,10.7,1004.0,6.8,4.8,11.0,4.0,7.0,61.0,6.0,1708.0
2021-04-29,Vlissingen,310,6.3,325.0,7.5,1008.6,5.6,13.4,13.0,3.0,9.0,76.0,5.0,1356.0
2021-04-30,Vlissingen,310,3.5,321.0,7.8,1014.1,4.3,0.0,8.0,2.0,5.0,76.0,5.0,1457.0
2021-05-01,Vlissingen,310,3.8,301.0,7.9,1015.3,12.7,0.0,9.0,1.0,6.0,75.0,3.0,2557.0
2021-05-02,Vlissingen,310,4.5,283.0,8.1,1020.1,12.1,0.0,10.0,3.0,7.0,69.0,2.0,2559.0
2021-05-03,Vlissingen,310,6.5,229.0,9.8,1014.3,3.6,0.7,19.0,2.0,14.0,73.0,8.0,1457.0
2021-05-04,Vlissingen,310,13.9,244.0,9.7,998.7,4.7,2.6,25.0,7.0,19.0,73.0,7.0,1304.0
2021-05-05,Vlissingen,310,7.8,273.0,8.1,1007.1,11.2,14.7,16.0,2.0,11.0,70.0,5.0,2495.0
2021-05-06,Vlissingen,310,4.3,251.0,7.6,1006.8,5.3,0.2,9.0,2.0,6.0,73.0,6.0,1359.0
2021-05-07,Vlissingen,310,4.8,271.0,8.7,1015.4,13.1,0.1,15.0,1.0,10.0,71.0,3.0,2694.0
2021-05-08,Vlissingen,310,7.0,171.0,11.8,1009.5,1.1,2.7,16.0,1.0,12.0,78.0,7.0,815.0
2021-05-09,Vlissingen,310,6.3,172.0,15.4,999.9,6.5,4.2,15.0,2.0,12.0,79.0,7.0,1894.0
2021-05-10,Vlissingen,310,6.1,218.0,14.1,1003.7,6.7,6.2,17.0,2.0,11.0,78.0,7.0,1879.0
2021-05-11,Vlissingen,310,3.0,234.0,13.4,1009.0,6.3,0.0,10.0,1.0,6.0,78.0,6.0,1795.0
2021-05-12,Vlissingen,310,3.5,199.0,12.1,1010.8,9.1,1.1,10.0,1.0,6.0,79.0,4.0,1983.0
2021-05-13,Vlissingen,310,3.9,187.0,11.5,1007.3,3.1,1.1,14.0,1.0,10.0,83.0,6.0,1450.0
2021-05-14,Vlissingen,310,2.9,356.0,10.6,1008.0,4.3,0.0,8.0,1.0,5.0,82.0,6.0,1491.0
2021-05-15,Vlissingen,310,4.5,183.0,10.6,1002.4,1.6,6.4,12.0,1.0,9.0,86.0,8.0,970.0
2021-05-16,Vlissingen,310,5.3,211.0,11.5,1000.2,7.5,5.4,11.0,2.0,8.0,84.0,7.0,1813.0
2021-05-17,Vlissingen,310,6.5,244.0,11.4,1004.4,3.3,3.2,13.0,3.0,9.0,86.0,8.0,1438.0
2021-05-18,Vlissingen,310,5.9,258.0,12.3,1013.4,12.6,0.0,11.0,4.0,7.0,77.0,5.0,2783.0
2021-05-19,Vlissingen,310,4.7,252.0,11.7,1017.2,6.9,0.1,11.0,2.0,7.0,80.0,5.0,1959.0
2021-05-20,Vlissingen,310,7.3,191.0,12.6,1015.6,5.0,0.1,21.0,2.0,14.0,77.0,6.0,1570.0
2021-05-21,Vlissingen,310,14.7,219.0,12.6,1001.1,8.8,0.7,27.0,8.0,20.0,69.0,6.0,2040.0
2021-05-22,Vlissingen,310,8.0,238.0,10.9,1003.3,1.8,9.9,19.0,2.0,14.0,86.0,8.0,1176.0
2021-05-23,Vlissingen,310,7.7,217.0,12.0,1010.9,4.7,1.3,16.0,4.0,12.0,74.0,7.0,1663.0
2021-05-24,Vlissingen,310,6.8,195.0,11.0,1006.2,3.0,11.2,21.0,1.0,11.0,83.0,7.0,1136.0
2021-05-25,Vlissingen,310,9.5,250.0,11.1,1012.3,4.4,5.3,16.0,6.0,12.0,81.0,7.0,1718.0
2021-05-26,Vlissingen,310,7.3,259.0,11.4,1013.1,9.2,0.0,14.0,4.0,10.0,81.0,6.0,2479.0
2021-05-27,Vlissingen,310,5.1,319.0,11.5,1020.5,3.6,0.0,13.0,1.0,8.0,78.0,7.0,1280.0
2021-05-28,Vlissingen,310,3.3,60.0,12.9,1024.2,11.6,0.0,8.0,1.0,5.0,80.0,7.0,2561.0
2021-05-29,Vlissingen,310,4.5,19.0,14.4,1026.6,15.0,0.0,10.0,3.0,7.0,72.0,1.0,2990.0
2021-05-30,Vlissingen,310,4.4,27.0,14.6,1026.4,13.9,0.0,10.0,2.0,6.0,77.0,1.0,2966.0
2021-05-31,Vlissingen,310,4.5,52.0,17.7,1021.1,15.0,0.0,9.0,3.0,6.0,64.0,0.0,2961.0
2021-06-01,Vlissingen,310,4.8,83.0,19.2,1015.7,15.0,0.0,11.0,3.0,7.0,52.0,0.0,3027.0
2021-06-02,Vlissingen,310,4.0,102.0,20.6,1013.9,13.0,5.5,19.0,2.0,6.0,57.0,4.0,2875.0
2021-06-03,Vlissingen,310,5.2,258.0,17.1,1019.0,9.1,0.0,10.0,3.0,7.0,84.0,5.0,2427.0
2021-06-04,Vlissingen,310,3.8,314.0,16.9,1020.5,7.1,10.6,18.0,1.0,7.0,83.0,7.0,1951.0
2021-06-05,Vlissingen,310,4.5,319.0,13.4,1023.1,2.3,0.2,10.0,2.0,6.0,89.0,6.0,724.0
2021-06-06,Vlissingen,310,3.3,357.0,16.1,1024.8,15.3,0.0,8.0,1.0,5.0,65.0,0.0,3077.0
2021-06-07,Vlissingen,310,4.0,28.0,17.2,1024.1,15.1,0.0,9.0,2.0,7.0,66.0,0.0,2988.0
2021-06-08,Vlissingen,310,2.7,343.0,18.4,1023.3,14.9,0.0,7.0,1.0,4.0,71.0,2.0,2874.0
2021-06-09,Vlissingen,310,4.1,264.0,18.1,1022.3,13.7,0.0,10.0,2.0,6.0,70.0,3.0,2999.0
2021-06-10,Vlissingen,310,4.9,261.0,16.4,1021.2,10.6,0.0,9.0,3.0,6.0,85.0,4.0,2428.0
2021-06-11,Vlissingen,310,5.5,257.0,16.3,1020.2,6.3,0.0,10.0,3.0,7.0,90.0,7.0,1855.0
2021-06-12,Vlissingen,310,4.6,303.0,16.7,1023.3,8.8,0.0,11.0,1.0,8.0,74.0,5.0,2390.0
2021-06-13,Vlissingen,310,1.8,70.0,18.0,1026.9,15.3,0.0,5.0,0.0,4.0,64.0,0.0,3020.0
2021-06-14,Vlissingen,310,3.5,334.0,20.8,1020.8,15.3,0.0,9.0,2.0,5.0,62.0,2.0,3015.0
2021-06-15,Vlissingen,310,4.0,31.0,19.1,1020.3,8.4,0.0,8.0,3.0,5.0,74.0,7.0,2294.0
2021-06-16,Vlissingen,310,3.7,90.0,23.0,1012.7,14.7,0.0,8.0,1.0,6.0,60.0,3.0,2931.0
2021-06-17,Vlissingen,310,5.1,325.0,21.7,1010.6,5.8,1.9,20.0,2.0,10.0,78.0,6.0,1855.0
2021-06-18,Vlissingen,310,5.2,146.0,21.5,1011.3,7.4,6.1,19.0,2.0,8.0,84.0,6.0,2118.0
2021-06-19,Vlissingen,310,5.1,296.0,16.3,1013.0,0.7,16.2,11.0,2.0,9.0,90.0,8.0,704.0
2021-06-20,Vlissingen,310,4.9,319.0,18.0,1008.0,9.2,5.8,11.0,2.0,7.0,84.0,7.0,2271.0
2021-06-21,Vlissingen,310,6.5,26.0,15.0,1010.7,0.0,13.3,12.0,5.0,8.0,89.0,8.0,535.0
2021-06-22,Vlissingen,310,6.6,21.0,14.5,1017.9,0.0,1.0,13.0,4.0,8.0,74.0,8.0,901.0
2021-06-23,Vlissingen,310,4.4,8.0,14.8,1022.1,7.6,0.0,9.0,3.0,6.0,71.0,6.0,2202.0
2021-06-24,Vlissingen,310,3.3,311.0,15.5,1021.0,7.5,0.0,7.0,3.0,5.0,72.0,6.0,2196.0
2021-06-25,Vlissingen,310,5.5,209.0,16.1,1017.5,0.5,4.0,11.0,3.0,8.0,87.0,8.0,842.0
2021-06-26,Vlissingen,310,2.8,39.0,17.3,1018.3,1.7,4.3,7.0,1.0,5.0,90.0,8.0,1202.0
2021-06-27,Vlissingen,310,4.0,53.0,19.1,1014.5,1.5,11.8,22.0,3.0,8.0,86.0,7.0,1249.0
2021-06-28,Vlissingen,310,2.3,4.0,18.4,1013.8,3.5,2.7,8.0,1.0,4.0,93.0,8.0,953.0
2021-06-29,Vlissingen,310,4.0,338.0,16.0,1012.8,0.1,1.7,10.0,1.0,6.0,93.0,8.0,733.0
2021-06-30,Vlissingen,310,5.1,323.0,14.6,1014.4,0.2,3.7,11.0,4.0,7.0,86.0,8.0,930.0
2021-07-01,Vlissingen,310,4.8,273.0,15.0,1016.9,0.6,0.1,10.0,4.0,7.0,76.0,8.0,1131.0
2021-07-02,Vlissingen,310,3.8,267.0,17.8,1017.0,9.2,0.0,7.0,2.0,6.0,79.0,5.0,2439.0
2021-07-03,Vlissingen,310,4.0,135.0,18.6,1013.6,1.8,4.2,8.0,1.0,6.0,86.0,8.0,1374.0
2021-07-04,Vlissingen,310,3.6,213.0,17.4,1009.7,5.3,5.0,12.0,1.0,9.0,88.0,7.0,1323.0
2021-07-05,Vlissingen,310,4.3,186.0,17.1,1006.9,4.4,3.6,11.0,1.0,8.0,82.0,8.0,1750.0
2021-07-06,Vlissingen,310,10.9,205.0,17.6,1004.4,7.1,0.6,21.0,5.0,15.0,74.0,7.0,1840.0
2021-07-07,Vlissingen,310,5.0,224.0,17.6,1014.6,10.1,0.0,10.0,2.0,7.0,77.0,6.0,2390.0
2021-07-08,Vlissingen,310,4.1,259.0,17.7,1020.9,13.4,0.0,9.0,3.0,6.0,78.0,2.0,2747.0
2021-07-09,Vlissingen,310,4.0,266.0,16.8,1021.6,9.0,0.0,8.0,1.0,6.0,83.0,5.0,2525.0
2021-07-10,Vlissingen,310,1.8,167.0,17.4,1016.6,1.8,4.8,9.0,0.0,3.0,87.0,8.0,976.0
2021-07-11,Vlissingen,310,2.8,199.0,17.5,1016.0,8.8,0.0,7.0,1.0,5.0,84.0,5.0,2328.0
2021-07-12,Vlissingen,310,3.0,33.0,19.0,1010.4,0.4,4.4,9.0,1.0,4.0,85.0,8.0,869.0
2021-07-13,Vlissingen,310,6.3,345.0,17.7,1011.8,0.9,0.0,14.0,3.0,9.0,88.0,8.0,1220.0
2021-07-14,Vlissingen,310,7.7,329.0,16.6,1013.9,0.0,0.0,15.0,5.0,9.0,92.0,8.0,460.0
2021-07-15,Vlissingen,310,8.1,341.0,17.3,1018.4,0.4,0.0,15.0,6.0,9.0,84.0,8.0,965.0
2021-07-16,Vlissingen,310,5.5,342.0,16.8,1024.6,6.0,0.0,11.0,3.0,7.0,74.0,6.0,1924.0
2021-07-17,Vlissingen,310,4.4,359.0,19.1,1026.6,12.6,0.0,10.0,2.0,7.0,75.0,2.0,2777.0
2021-07-18,Vlissingen,310,3.3,322.0,19.9,1024.4,15.0,0.0,8.0,1.0,5.0,77.0,0.0,2813.0
2021-07-19,Vlissingen,310,3.5,64.0,19.7,1021.9,11.2,0.0,7.0,1.0,5.0,78.0,2.0,2481.0
2021-07-20,Vlissingen,310,3.9,81.0,19.3,1021.5,13.3,0.0,8.0,1.0,6.0,72.0,1.0,2721.0
2021-07-21,Vlissingen,310,2.8,83.0,20.7,1023.3,14.2,0.0,6.0,1.0,4.0,70.0,0.0,2636.0
2021-07-22,Vlissingen,310,4.1,360.0,18.9,1022.5,14.4,0.0,9.0,1.0,6.0,76.0,1.0,2701.0
2021-07-23,Vlissingen,310,5.4,40.0,18.6,1016.7,13.6,0.0,11.0,3.0,7.0,73.0,3.0,2719.0
2021-07-24,Vlissingen,310,4.3,71.0,19.1,1008.5,0.6,0.9,10.0,2.0,6.0,81.0,8.0,1033.0
2021-07-25,Vlissingen,310,2.5,136.0,19.4,1007.6,4.7,3.1,12.0,1.0,4.0,84.0,7.0,1610.0
2021-07-26,Vlissingen,310,3.4,238.0,18.5,1009.7,1.1,1.7,8.0,1.0,5.0,89.0,7.0,1056.0
2021-07-27,Vlissingen,310,5.8,197.0,17.7,1010.0,2.2,4.1,16.0,4.0,9.0,87.0,7.0,1030.0
2021-07-28,Vlissingen,310,10.1,212.0,17.8,1008.7,4.6,1.8,19.0,6.0,13.0,78.0,6.0,1341.0
2021-07-29,Vlissingen,310,10.1,230.0,17.2,1010.5,9.4,5.1,17.0,5.0,13.0,73.0,5.0,2095.0
2021-07-30,Vlissingen,310,9.5,200.0,17.4,1006.1,3.6,3.3,19.0,6.0,14.0,78.0,8.0,1318.0
2021-07-31,Vlissingen,310,10.1,246.0,17.7,1008.2,8.1,0.6,21.0,6.0,15.0,80.0,5.0,2057.0
2021-08-01,Vlissingen,310,4.8,265.0,16.8,1010.8,5.3,2.5,10.0,2.0,7.0,81.0,6.0,1856.0
2021-08-02,Vlissingen,310,2.7,331.0,16.3,1014.9,9.7,0.3,8.0,1.0,5.0,68.0,6.0,2000.0
2021-08-03,Vlissingen,310,2.6,13.0,16.9,1013.7,10.4,0.0,7.0,1.0,4.0,68.0,5.0,2241.0
2021-08-04,Vlissingen,310,1.7,36.0,18.0,1013.0,9.0,0.0,8.0,0.0,5.0,72.0,4.0,2094.0
2021-08-05,Vlissingen,310,3.6,166.0,19.3,1006.7,8.6,6.5,13.0,1.0,9.0,74.0,5.0,2093.0
2021-08-06,Vlissingen,310,9.7,205.0,18.1,1001.7,5.4,0.9,18.0,7.0,13.0,80.0,7.0,1434.0
2021-08-07,Vlissingen,310,8.2,187.0,17.1,1000.7,4.2,24.4,21.0,6.0,13.0,83.0,7.0,1270.0
2021-08-08,Vlissingen,310,10.8,214.0,16.8,1007.9,7.6,4.7,21.0,8.0,13.0,80.0,6.0,1598.0
2021-08-09,Vlissingen,310,8.4,210.0,17.1,1014.0,6.5,1.3,16.0,6.0,12.0,79.0,7.0,1651.0
2021-08-10,Vlissingen,310,5.7,229.0,17.5,1016.3,8.3,0.3,10.0,4.0,7.0,82.0,5.0,1840.0
2021-08-11,Vlissingen,310,3.7,239.0,17.7,1019.1,9.9,0.0,7.0,1.0,6.0,84.0,5.0,2168.0
2021-08-12,Vlissingen,310,3.2,243.0,18.3,1019.5,7.9,0.0,7.0,2.0,5.0,79.0,6.0,1877.0
2021-08-13,Vlissingen,310,7.0,241.0,18.0,1021.7,5.5,0.0,12.0,5.0,9.0,79.0,6.0,1835.0
2021-08-14,Vlissingen,310,4.6,236.0,18.4,1020.2,10.9,0.0,9.0,1.0,7.0,79.0,4.0,2336.0
2021-08-15,Vlissingen,310,7.5,238.0,18.7,1013.2,7.5,0.0,19.0,4.0,14.0,76.0,6.0,1933.0
2021-08-16,Vlissingen,310,7.5,273.0,16.5,1014.7,2.4,4.7,16.0,3.0,12.0,77.0,7.0,896.0
2021-08-17,Vlissingen,310,7.3,259.0,16.1,1017.7,0.0,16.0,15.0,4.0,11.0,84.0,7.0,388.0
2021-08-18,Vlissingen,310,7.2,247.0,18.0,1015.6,2.2,0.0,13.0,4.0,10.0,83.0,8.0,1230.0
2021-08-19,Vlissingen,310,7.7,236.0,17.2,1014.3,2.6,0.0,13.0,5.0,9.0,80.0,8.0,890.0
2021-08-20,Vlissingen,310,4.3,231.0,17.9,1016.7,4.7,0.3,9.0,1.0,6.0,87.0,7.0,1431.0
2021-08-21,Vlissingen,310,2.7,129.0,19.2,1016.3,2.6,10.9,10.0,1.0,6.0,84.0,8.0,1342.0
2021-08-22,Vlissingen,310,6.4,267.0,17.8,1017.0,2.1,3.8,12.0,6.0,8.0,89.0,8.0,995.0
2021-08-23,Vlissingen,310,6.7,1.0,18.6,1024.9,7.7,0.1,13.0,4.0,9.0,76.0,5.0,1762.0
2021-08-24,Vlissingen,310,5.9,15.0,17.8,1027.7,12.6,0.0,11.0,4.0,8.0,77.0,4.0,2081.0
2021-08-25,Vlissingen,310,4.5,350.0,17.4,1023.2,10.7,0.0,10.0,3.0,6.0,79.0,6.0,2024.0
2021-08-26,Vlissingen,310,5.8,337.0,16.8,1018.0,0.9,0.4,14.0,3.0,8.0,75.0,7.0,1010.0
2021-08-27,Vlissingen,310,5.2,341.0,16.8,1020.5,9.3,2.7,13.0,1.0,9.0,75.0,5.0,1722.0
2021-08-28,Vlissingen,310,5.9,355.0,17.2,1022.2,7.0,6.4,15.0,2.0,10.0,81.0,6.0,1523.0
2021-08-29,Vlissingen,310,5.5,346.0,16.6,1021.8,1.2,2.0,12.0,3.0,7.0,83.0,8.0,653.0
2021-08-30,Vlissingen,310,5.5,355.0,17.7,1022.7,2.6,0.0,12.0,3.0,8.0,81.0,8.0,957.0
2021-08-31,Vlissingen,310,5.1,4.0,17.3,1027.0,5.9,0.0,12.0,3.0,8.0,78.0,7.0,1468.0
2021-09-01,Vlissingen,310,3.5,13.0,17.2,1028.9,0.0,0.0,9.0,1.0,5.0,74.0,8.0,695.0
2021-09-02,Vlissingen,310,4.3,25.0,17.0,1026.3,6.5,0.0,9.0,3.0,6.0,74.0,4.0,1556.0
2021-09-03,Vlissingen,310,5.1,26.0,17.7,1020.5,12.5,0.0,9.0,3.0,7.0,81.0,0.0,1990.0
2021-09-04,Vlissingen,310,5.0,41.0,16.3,1018.4,5.1,0.0,10.0,3.0,7.0,86.0,4.0,1199.0
2021-09-05,Vlissingen,310,3.5,53.0,18.9,1020.9,11.7,0.0,7.0,3.0,5.0,73.0,2.0,1943.0
2021-09-06,Vlissingen,310,2.1,76.0,19.8,1023.9,10.0,0.0,5.0,1.0,3.0,70.0,5.0,1710.0
2021-09-07,Vlissingen,310,3.7,85.0,21.5,1021.9,10.5,0.0,9.0,2.0,7.0,68.0,5.0,1831.0
2021-09-08,Vlissingen,310,4.9,86.0,21.5,1014.1,11.7,0.0,8.0,3.0,7.0,68.0,3.0,1888.0
2021-09-09,Vlissingen,310,3.8,193.0,20.4,1009.8,7.1,2.8,8.0,1.0,6.0,82.0,7.0,1507.0
2021-09-10,Vlissingen,310,5.0,216.0,19.4,1012.4,4.6,2.5,10.0,3.0,7.0,86.0,6.0,1068.0
2021-09-11,Vlissingen,310,7.4,223.0,17.9,1016.6,0.7,0.0,13.0,6.0,10.0,85.0,7.0,796.0
2021-09-12,Vlissingen,310,4.0,251.0,17.0,1018.5,4.9,0.0,8.0,1.0,7.0,83.0,8.0,1311.0
2021-09-13,Vlissingen,310,2.7,61.0,17.1,1018.0,9.4,0.0,7.0,1.0,4.0,75.0,7.0,1530.0
2021-09-14,Vlissingen,310,4.2,105.0,18.2,1012.4,2.0,1.3,8.0,3.0,6.0,86.0,6.0,777.0
2021-09-15,Vlissingen,310,4.0,303.0,17.0,1012.8,2.5,0.0,10.0,2.0,7.0,84.0,5.0,727.0
2021-09-16,Vlissingen,310,3.9,256.0,18.0,1017.6,11.3,0.0,9.0,1.0,6.0,75.0,3.0,1739.0
2021-09-17,Vlissingen,310,3.1,178.0,17.5,1016.0,6.8,0.0,6.0,1.0,5.0,84.0,8.0,1288.0
2021-09-18,Vlissingen,310,4.0,91.0,19.0,1015.6,10.2,0.0,9.0,2.0,6.0,73.0,8.0,1497.0
2021-09-19,Vlissingen,310,2.5,66.0,17.3,1014.6,4.2,0.0,7.0,0.0,5.0,81.0,8.0,1075.0
2021-09-20,Vlissingen,310,4.6,49.0,15.2,1021.7,4.2,0.0,8.0,2.0,6.0,70.0,6.0,1074.0
2021-09-21,Vlissingen,310,2.1,42.0,15.3,1030.1,10.6,0.0,4.0,1.0,3.0,64.0,6.0,1533.0
2021-09-22,Vlissingen,310,3.3,212.0,16.7,1027.5,9.5,0.0,8.0,1.0,7.0,69.0,6.0,1426.0
2021-09-23,Vlissingen,310,8.2,235.0,16.3,1019.2,8.5,0.0,16.0,6.0,12.0,86.0,4.0,1315.0
2021-09-24,Vlissingen,310,7.1,233.0,17.6,1016.1,8.5,0.0,12.0,5.0,10.0,83.0,5.0,1364.0
2021-09-25,Vlissingen,310,3.3,175.0,17.7,1014.9,5.7,0.0,8.0,1.0,6.0,83.0,6.0,1080.0
2021-09-26,Vlissingen,310,4.3,181.0,18.9,1013.7,5.0,0.0,11.0,1.0,7.0,80.0,6.0,1050.0
2021-09-27,Vlissingen,310,9.5,199.0,16.3,1014.2,2.7,1.9,19.0,5.0,15.0,83.0,5.0,604.0
2021-09-28,Vlissingen,310,7.5,173.0,15.5,1019.3,7.4,0.0,12.0,6.0,9.0,75.0,6.0,1248.0
2021-09-29,Vlissingen,310,9.5,256.0,13.9,1017.7,5.8,10.6,20.0,8.0,11.0,69.0,6.0,928.0
2021-09-30,Vlissingen,310,8.6,198.0,13.4,1022.6,1.3,0.0,15.0,7.0,10.0,71.0,7.0,646.0
2021-10-01,Vlissingen,310,9.6,186.0,14.1,1012.8,0.1,5.6,15.0,7.0,11.0,85.0,7.0,370.0
2021-10-02,Vlissingen,310,9.8,173.0,14.4,1002.7,0.4,7.9,22.0,6.0,17.0,88.0,8.0,391.0
2021-10-03,Vlissingen,310,7.5,205.0,13.6,1000.7,2.2,15.2,15.0,2.0,11.0,86.0,7.0,460.0
2021-10-04,Vlissingen,310,8.9,179.0,14.3,1012.1,9.1,0.0,15.0,7.0,11.0,80.0,3.0,1203.0
2021-10-05,Vlissingen,310,11.2,204.0,13.9,1004.1,3.0,8.6,22.0,8.0,17.0,80.0,6.0,540.0
2021-10-06,Vlissingen,310,10.4,272.0,13.3,1015.6,0.9,10.8,23.0,3.0,17.0,83.0,7.0,542.0
2021-10-07,Vlissingen,310,2.1,136.0,14.1,1027.6,9.6,0.0,5.0,1.0,4.0,82.0,4.0,1262.0
2021-10-08,Vlissingen,310,3.0,54.0,13.4,1030.1,10.0,0.0,6.0,1.0,4.0,84.0,3.0,1281.0
2021-10-09,Vlissingen,310,2.6,62.0,13.0,1028.3,10.0,0.0,5.0,1.0,4.0,85.0,3.0,1220.0
2021-10-10,Vlissingen,310,2.9,321.0,13.3,1027.6,4.4,0.6,9.0,1.0,5.0,85.0,6.0,769.0
2021-10-11,Vlissingen,310,3.8,312.0,13.1,1027.7,3.5,0.0,9.0,2.0,6.0,72.0,8.0,728.0
2021-10-12,Vlissingen,310,4.8,303.0,12.8,1022.6,1.2,2.8,13.0,2.0,8.0,76.0,7.0,466.0
2021-10-13,Vlissingen,310,4.3,270.0,12.4,1026.4,7.6,0.1,8.0,2.0,6.0,75.0,8.0,1047.0
2021-10-14,Vlissingen,310,6.9,218.0,13.6,1023.0,3.6,0.0,10.0,5.0,8.0,87.0,8.0,684.0
2021-10-15,Vlissingen,310,4.6,305.0,13.0,1019.4,4.3,1.2,12.0,1.0,9.0,76.0,6.0,692.0
2021-10-16,Vlissingen,310,3.9,186.0,12.3,1021.6,5.9,0.0,7.0,2.0,5.0,67.0,7.0,811.0
2021-10-17,Vlissingen,310,5.9,174.0,12.4,1019.9,0.7,0.0,10.0,5.0,8.0,75.0,7.0,457.0
2021-10-18,Vlissingen,310,6.5,170.0,12.9,1019.5,4.6,0.9,10.0,6.0,8.0,82.0,8.0,703.0
2021-10-19,Vlissingen,310,8.1,195.0,16.7,1014.4,2.6,0.6,13.0,6.0,10.0,90.0,7.0,451.0
2021-10-20,Vlissingen,310,10.0,202.0,15.8,1000.6,1.9,7.6,23.0,5.0,13.0,83.0,7.0,395.0
2021-10-21,Vlissingen,310,10.6,273.0,10.9,1004.6,2.6,6.7,26.0,6.0,17.0,71.0,5.0,422.0
2021-10-22,Vlissingen,310,8.3,271.0,11.4,1018.9,2.7,1.6,18.0,2.0,13.0,72.0,6.0,501.0
2021-10-23,Vlissingen,310,4.5,182.0,11.8,1026.2,4.4,0.0,7.0,3.0,6.0,81.0,6.0,701.0
2021-10-24,Vlissingen,310,6.4,169.0,10.8,1021.2,9.2,0.0,10.0,5.0,8.0,77.0,3.0,985.0
2021-10-25,Vlissingen,310,7.2,187.0,11.8,1016.8,1.5,1.0,10.0,6.0,8.0,93.0,7.0,388.0
2021-10-26,Vlissingen,310,8.0,203.0,12.9,1019.7,4.9,0.0,13.0,7.0,10.0,90.0,6.0,675.0
2021-10-27,Vlissingen,310,7.5,189.0,13.3,1021.0,6.5,0.0,12.0,4.0,9.0,87.0,6.0,718.0
2021-10-28,Vlissingen,310,7.3,163.0,13.0,1012.9,8.8,0.0,11.0,6.0,9.0,82.0,1.0,891.0
2021-10-29,Vlissingen,310,9.5,167.0,13.3,1004.1,5.2,0.8,17.0,6.0,12.0,82.0,4.0,517.0
2021-10-30,Vlissingen,310,7.6,168.0,12.6,1000.4,0.2,9.1,15.0,5.0,12.0,92.0,8.0,196.0
2021-10-31,Vlissingen,310,8.8,171.0,11.9,998.5,0.5,8.5,22.0,6.0,11.0,89.0,6.0,172.0
2021-11-01,Vlissingen,310,10.0,192.0,10.0,997.2,3.4,0.8,17.0,7.0,13.0,84.0,5.0,405.0
2021-11-02,Vlissingen,310,5.5,201.0,9.0,999.0,2.7,1.4,9.0,3.0,7.0,86.0,6.0,412.0
2021-11-03,Vlissingen,310,2.5,295.0,8.7,1001.9,6.4,3.5,9.0,1.0,5.0,83.0,4.0,674.0
2021-11-04,Vlissingen,310,3.7,322.0,9.3,1009.2,1.4,10.7,11.0,2.0,6.0,85.0,7.0,329.0
2021-11-05,Vlissingen,310,4.9,268.0,9.6,1024.1,4.4,3.7,11.0,2.0,8.0,82.0,5.0,446.0
2021-11-06,Vlissingen,310,9.2,209.0,10.1,1024.5,1.9,1.8,15.0,7.0,12.0,89.0,8.0,380.0
2021-11-07,Vlissingen,310,7.2,280.0,11.4,1018.6,3.9,0.0,14.0,3.0,10.0,70.0,7.0,431.0
2021-11-08,Vlissingen,310,3.5,241.0,9.6,1023.2,7.2,0.0,8.0,2.0,6.0,76.0,5.0,604.0
2021-11-09,Vlissingen,310,6.0,183.0,9.7,1025.1,0.8,0.0,10.0,3.0,8.0,90.0,8.0,305.0
2021-11-10,Vlissingen,310,4.0,190.0,9.4,1024.0,0.0,0.0,8.0,2.0,6.0,83.0,8.0,149.0
2021-11-11,Vlissingen,310,3.6,183.0,10.3,1023.5,0.0,1.0,6.0,3.0,5.0,89.0,8.0,146.0
2021-11-12,Vlissingen,310,7.9,178.0,9.5,1014.2,5.8,1.2,13.0,5.0,10.0,84.0,6.0,566.0
2021-11-13,Vlissingen,310,5.1,282.0,11.4,1012.7,1.6,9.8,16.0,2.0,9.0,94.0,8.0,286.0
2021-11-14,Vlissingen,310,3.8,38.0,10.3,1022.8,1.6,0.0,9.0,2.0,5.0,89.0,7.0,264.0
2021-11-15,Vlissingen,310,3.7,39.0,7.9,1026.2,0.0,0.0,7.0,2.0,5.0,88.0,8.0,111.0
2021-11-16,Vlissingen,310,3.8,174.0,6.5,1022.7,0.0,0.0,9.0,1.0,7.0,91.0,8.0,79.0
2021-11-17,Vlissingen,310,5.1,244.0,9.7,1022.8,5.0,0.1,11.0,3.0,7.0,85.0,7.0,469.0
2021-11-18,Vlissingen,310,7.1,221.0,10.1,1028.3,7.1,0.0,13.0,5.0,10.0,89.0,6.0,500.0
2021-11-19,Vlissingen,310,5.5,237.0,11.6,1029.9,3.3,0.0,10.0,3.0,8.0,90.0,8.0,366.0
2021-11-20,Vlissingen,310,5.0,219.0,10.3,1022.9,0.0,1.0,8.0,4.0,7.0,88.0,8.0,94.0
2021-11-21,Vlissingen,310,4.5,343.0,9.1,1015.4,2.9,5.3,13.0,2.0,7.0,80.0,6.0,354.0
2021-11-22,Vlissingen,310,4.2,26.0,6.8,1027.7,7.4,0.0,10.0,2.0,6.0,78.0,0.0,555.0
2021-11-23,Vlissingen,310,2.0,326.0,8.6,1030.3,1.0,0.0,5.0,1.0,3.0,88.0,7.0,220.0
2021-11-24,Vlissingen,310,2.6,187.0,8.2,1020.9,0.0,0.0,7.0,1.0,5.0,85.0,8.0,171.0
2021-11-25,Vlissingen,310,4.0,306.0,7.8,1011.9,1.6,3.2,11.0,2.0,6.0,79.0,7.0,204.0
2021-11-26,Vlissingen,310,7.8,233.0,6.0,993.0,0.0,14.5,17.0,2.0,12.0,82.0,8.0,113.0
2021-11-27,Vlissingen,310,4.9,197.0,4.6,989.2,2.1,13.2,12.0,1.0,8.0,86.0,6.0,239.0
2021-11-28,Vlissingen,310,3.4,356.0,4.1,1000.2,0.0,17.6,11.0,2.0,7.0,87.0,8.0,69.0
2021-11-29,Vlissingen,310,6.6,272.0,6.0,1010.5,4.9,2.7,16.0,2.0,12.0,72.0,6.0,405.0
2021-11-30,Vlissingen,310,11.1,243.0,9.6,1007.7,0.0,6.0,19.0,9.0,14.0,91.0,8.0,79.0
2021-12-01,Vlissingen,310,9.7,253.0,8.5,995.7,0.3,5.9,20.0,4.0,16.0,83.0,8.0,187.0
2021-12-02,Vlissingen,310,5.7,308.0,4.5,1006.1,1.5,11.0,18.0,1.0,10.0,81.0,7.0,219.0
2021-12-03,Vlissingen,310,9.3,191.0,4.7,1005.5,0.2,0.8,17.0,4.0,13.0,90.0,8.0,142.0
2021-12-04,Vlissingen,310,7.0,228.0,6.2,996.6,1.7,5.4,17.0,3.0,12.0,87.0,8.0,116.0
2021-12-05,Vlissingen,310,4.8,186.0,5.3,1002.4,4.2,7.5,13.0,2.0,9.0,88.0,7.0,364.0
2021-12-06,Vlissingen,310,6.4,185.0,5.1,1009.7,3.3,6.8,17.0,2.0,11.0,88.0,7.0,316.0
2021-12-07,Vlissingen,310,9.8,171.0,5.9,1001.6,2.3,2.9,19.0,6.0,14.0,83.0,7.0,262.0
2021-12-08,Vlissingen,310,10.2,190.0,5.9,995.2,6.3,1.0,17.0,8.0,12.0,85.0,4.0,423.0
2021-12-09,Vlissingen,310,8.0,187.0,5.4,1000.7,0.0,3.3,12.0,6.0,10.0,90.0,7.0,105.0
2021-12-10,Vlissingen,310,5.2,133.0,3.7,994.9,0.0,21.7,13.0,2.0,10.0,92.0,8.0,85.0
2021-12-11,Vlissingen,310,6.2,239.0,6.6,1015.7,4.9,1.3,13.0,4.0,8.0,85.0,6.0,334.0
2021-12-12,Vlissingen,310,7.8,208.0,8.9,1021.4,1.5,2.5,13.0,6.0,10.0,96.0,8.0,145.0
2021-12-13,Vlissingen,310,5.8,184.0,8.8,1025.8,0.0,0.0,9.0,4.0,7.0,91.0,8.0,106.0
2021-12-14,Vlissingen,310,5.7,208.0,8.7,1027.5,0.7,0.0,9.0,4.0,7.0,94.0,8.0,121.0
2021-12-15,Vlissingen,310,5.6,222.0,9.3,1031.3,0.0,0.0,9.0,4.0,7.0,94.0,8.0,100.0
2021-12-16,Vlissingen,310,2.7,267.0,8.5,1037.7,2.3,0.0,8.0,0.0,6.0,92.0,4.0,224.0
2021-12-17,Vlissingen,310,3.8,52.0,6.8,1040.3,0.0,0.0,10.0,2.0,6.0,96.0,8.0,72.0
2021-12-18,Vlissingen,310,3.6,50.0,6.4,1039.1,0.0,0.0,8.0,2.0,5.0,98.0,8.0,99.0
2021-12-19,Vlissingen,310,2.5,339.0,6.7,1032.6,0.0,1.0,8.0,1.0,4.0,96.0,8.0,112.0
2021-12-20,Vlissingen,310,2.5,50.0,6.4,1028.1,0.0,0.0,7.0,1.0,3.0,75.0,8.0,97.0
2021-12-21,Vlissingen,310,2.9,76.0,2.4,1025.9,6.8,0.0,8.0,2.0,6.0,82.0,2.0,429.0
2021-12-22,Vlissingen,310,5.2,148.0,1.7,1021.7,5.9,0.0,11.0,3.0,8.0,79.0,8.0,347.0
2021-12-23,Vlissingen,310,7.8,201.0,4.0,1009.3,1.8,0.5,13.0,5.0,10.0,91.0,8.0,222.0
2021-12-24,Vlissingen,310,5.5,235.0,8.1,1005.0,2.2,0.6,14.0,1.0,12.0,96.0,8.0,207.0
2021-12-25,Vlissingen,310,7.5,68.0,2.8,1006.4,0.0,9.8,13.0,4.0,9.0,88.0,8.0,118.0
2021-12-26,Vlissingen,310,6.2,92.0,3.5,1003.5,0.0,1.6,10.0,3.0,8.0,91.0,8.0,143.0
2021-12-27,Vlissingen,310,6.2,151.0,7.8,996.3,0.0,2.5,11.0,3.0,9.0,97.0,8.0,106.0
2021-12-28,Vlissingen,310,10.1,228.0,9.2,992.7,0.8,4.6,23.0,8.0,17.0,90.0,8.0,149.0
2021-12-29,Vlissingen,310,8.2,226.0,9.1,1005.9,0.0,1.0,19.0,4.0,15.0,94.0,8.0,75.0
2021-12-30,Vlissingen,310,11.3,226.0,11.9,1014.8,0.5,0.2,19.0,7.0,14.0,92.0,8.0,175.0
2021-12-31,Vlissingen,310,9.6,214.0,11.1,1018.9,0.8,0.0,16.0,8.0,12.0,90.0,8.0,167.0
2022-01-01,Vlissingen,310,8.3,183.0,10.7,1020.7,2.7,1.3,13.0,6.0,10.0,91.0,7.0,250.0
2022-01-02,Vlissingen,310,11.5,220.0,10.8,1011.9,2.3,4.7,20.0,8.0,16.0,86.0,7.0,255.0
2022-01-03,Vlissingen,310,9.7,216.0,9.4,1008.5,0.0,0.0,18.0,7.0,14.0,88.0,7.0,153.0
2022-01-04,Vlissingen,310,5.8,262.0,6.8,999.0,0.2,1.6,13.0,3.0,8.0,85.0,8.0,133.0
2022-01-05,Vlissingen,310,8.0,287.0,5.8,1009.8,2.3,1.1,16.0,5.0,10.0,73.0,6.0,260.0
2022-01-06,Vlissingen,310,6.6,202.0,5.4,1017.5,4.5,1.4,17.0,1.0,13.0,79.0,7.0,390.0
2022-01-07,Vlissingen,310,8.6,219.0,5.5,1010.0,3.0,2.4,16.0,3.0,13.0,81.0,5.0,267.0
2022-01-08,Vlissingen,310,9.0,201.0,5.7,1001.5,0.0,12.4,18.0,4.0,13.0,87.0,7.0,87.0
2022-01-09,Vlissingen,310,7.0,265.0,6.0,1002.1,3.8,0.2,17.0,3.0,11.0,78.0,5.0,347.0
2022-01-10,Vlissingen,310,4.3,168.0,2.7,1021.7,2.0,0.0,9.0,2.0,7.0,93.0,7.0,276.0
2022-01-11,Vlissingen,310,6.0,180.0,3.6,1032.2,4.1,0.2,11.0,4.0,8.0,87.0,7.0,381.0
2022-01-12,Vlissingen,310,2.5,200.0,4.2,1039.6,1.6,0.5,5.0,1.0,4.0,99.0,7.0,295.0
2022-01-13,Vlissingen,310,3.8,216.0,3.8,1040.5,0.0,0.0,6.0,3.0,5.0,99.0,8.0,170.0
2022-01-14,Vlissingen,310,2.7,226.0,4.7,1035.4,5.5,0.0,5.0,2.0,4.0,91.0,6.0,415.0
2022-01-15,Vlissingen,310,4.2,147.0,3.1,1026.9,2.0,0.0,8.0,2.0,6.0,93.0,7.0,257.0
2022-01-16,Vlissingen,310,5.3,234.0,6.1,1026.4,0.9,1.6,11.0,3.0,7.0,92.0,8.0,175.0
2022-01-17,Vlissingen,310,3.9,284.0,6.7,1035.9,7.0,0.0,9.0,2.0,6.0,89.0,1.0,492.0
2022-01-18,Vlissingen,310,1.7,234.0,3.7,1037.3,3.4,0.0,5.0,1.0,3.0,98.0,6.0,349.0
2022-01-19,Vlissingen,310,5.4,251.0,5.8,1025.6,0.2,1.0,14.0,1.0,10.0,88.0,7.0,124.0
2022-01-20,Vlissingen,310,6.3,329.0,5.2,1031.4,3.6,0.3,18.0,3.0,8.0,74.0,6.0,332.0
2022-01-21,Vlissingen,310,4.3,299.0,5.4,1035.6,3.4,0.1,10.0,2.0,6.0,80.0,6.0,382.0
2022-01-22,Vlissingen,310,3.2,275.0,6.1,1035.6,0.0,0.0,9.0,1.0,6.0,85.0,8.0,128.0
2022-01-23,Vlissingen,310,2.5,163.0,5.8,1035.5,0.0,0.0,6.0,1.0,4.0,83.0,8.0,71.0
2022-01-24,Vlissingen,310,2.4,89.0,4.0,1034.1,0.0,0.0,5.0,1.0,4.0,79.0,6.0,237.0
2022-01-25,Vlissingen,310,1.8,73.0,3.0,1033.9,0.0,0.0,6.0,1.0,4.0,85.0,7.0,107.0
2022-01-26,Vlissingen,310,6.5,226.0,4.6,1031.6,0.0,0.0,12.0,5.0,9.0,83.0,8.0,135.0
2022-01-27,Vlissingen,310,8.3,249.0,7.0,1026.7,1.0,0.1,16.0,4.0,12.0,87.0,7.0,178.0
2022-01-28,Vlissingen,310,5.5,236.0,6.5,1033.4,6.8,0.0,14.0,3.0,10.0,90.0,6.0,559.0
2022-01-29,Vlissingen,310,11.5,247.0,8.6,1025.9,4.3,0.0,19.0,6.0,15.0,86.0,6.0,506.0
2022-01-30,Vlissingen,310,5.0,249.0,5.9,1027.9,6.5,0.0,13.0,3.0,10.0,81.0,4.0,651.0
2022-01-31,Vlissingen,310,11.2,294.0,6.3,1017.4,0.9,3.5,24.0,4.0,15.0,71.0,7.0,268.0
2022-02-01,Vlissingen,310,9.4,255.0,7.6,1018.0,2.7,1.4,16.0,5.0,13.0,86.0,7.0,295.0
2022-02-02,Vlissingen,310,6.3,260.0,8.2,1020.7,0.0,1.3,14.0,3.0,9.0,92.0,8.0,178.0
2022-02-03,Vlissingen,310,7.5,205.0,7.3,1015.0,0.8,0.6,13.0,5.0,10.0,92.0,8.0,207.0
2022-02-04,Vlissingen,310,10.1,230.0,7.0,1010.8,0.8,2.3,19.0,7.0,14.0,82.0,6.0,261.0
2022-02-05,Vlissingen,310,10.9,230.0,7.1,1018.0,7.5,0.4,23.0,7.0,16.0,78.0,5.0,714.0
2022-02-06,Vlissingen,310,14.2,247.0,8.0,1005.3,1.2,12.6,28.0,7.0,22.0,82.0,7.0,182.0
2022-02-07,Vlissingen,310,7.8,255.0,6.2,1024.3,8.2,0.0,16.0,5.0,11.0,76.0,4.0,828.0
2022-02-08,Vlissingen,310,10.1,231.0,9.0,1026.9,1.8,0.0,15.0,8.0,12.0,85.0,8.0,400.0
2022-02-09,Vlissingen,310,6.8,217.0,8.4,1024.4,2.8,0.3,12.0,3.0,9.0,90.0,8.0,460.0
2022-02-10,Vlissingen,310,5.1,262.0,7.0,1021.2,2.1,2.3,13.0,2.0,9.0,84.0,7.0,441.0
2022-02-11,Vlissingen,310,4.8,295.0,5.7,1031.1,7.7,0.0,13.0,1.0,8.0,73.0,4.0,806.0
2022-02-12,Vlissingen,310,8.1,173.0,4.3,1024.9,7.9,0.0,14.0,5.0,11.0,74.0,7.0,826.0
2022-02-13,Vlissingen,310,11.3,176.0,6.6,1007.0,3.6,0.0,19.0,8.0,14.0,75.0,8.0,557.0
2022-02-14,Vlissingen,310,10.3,210.0,8.4,1000.3,5.6,1.1,20.0,4.0,15.0,82.0,7.0,700.0
2022-02-15,Vlissingen,310,9.7,214.0,7.5,1007.6,4.5,6.4,22.0,5.0,15.0,87.0,7.0,547.0
2022-02-16,Vlissingen,310,15.9,228.0,10.5,996.3,2.6,3.5,30.0,9.0,23.0,90.0,8.0,538.0
2022-02-17,Vlissingen,310,12.4,244.0,8.8,1007.0,7.1,0.0,27.0,7.0,20.0,77.0,5.0,847.0
2022-02-18,Vlissingen,310,16.7,227.0,8.6,998.6,2.7,2.0,38.0,6.0,28.0,75.0,7.0,376.0
2022-02-19,Vlissingen,310,13.8,241.0,6.7,1010.0,4.5,5.5,36.0,7.0,18.0,73.0,6.0,605.0
2022-02-20,Vlissingen,310,14.7,229.0,8.6,1003.5,0.0,16.2,36.0,5.0,22.0,87.0,7.0,96.0
2022-02-21,Vlissingen,310,13.0,268.0,7.6,1005.9,3.8,1.3,27.0,5.0,19.0,71.0,,477.0
2022-02-22,Vlissingen,310,8.9,239.0,8.1,1018.1,0.0,1.1,21.0,4.0,17.0,84.0,,299.0
2022-02-23,Vlissingen,310,7.0,210.0,7.8,1022.3,7.4,0.0,13.0,4.0,10.0,78.0,,980.0
2022-02-24,Vlissingen,310,10.9,233.0,7.0,1011.4,3.2,4.1,23.0,8.0,14.0,71.0,6.0,522.0
2022-02-25,Vlissingen,310,7.3,270.0,6.1,1024.7,5.0,0.0,20.0,2.0,15.0,76.0,4.0,639.0
2022-02-26,Vlissingen,310,4.6,120.0,5.6,1032.9,9.2,0.0,10.0,2.0,8.0,79.0,1.0,1200.0
2022-02-27,Vlissingen,310,7.8,111.0,6.2,1028.9,10.0,0.0,12.0,6.0,10.0,65.0,0.0,1262.0
2022-02-28,Vlissingen,310,5.3,147.0,6.0,1028.2,9.9,0.0,10.0,3.0,8.0,67.0,3.0,1217.0
2022-03-01,Vlissingen,310,2.8,106.0,6.5,1026.7,0.2,0.8,5.0,2.0,4.0,77.0,8.0,327.0
2022-03-02,Vlissingen,310,3.9,71.0,7.1,1022.3,5.6,0.0,8.0,2.0,6.0,64.0,8.0,796.0
2022-03-03,Vlissingen,310,5.1,85.0,7.2,1017.5,9.8,0.0,9.0,4.0,7.0,64.0,2.0,1272.0
2022-03-04,Vlissingen,310,4.6,88.0,6.6,1019.1,10.0,0.0,9.0,3.0,7.0,65.0,1.0,1273.0
2022-03-05,Vlissingen,310,3.7,35.0,4.9,1021.0,10.2,0.0,9.0,1.0,5.0,75.0,0.0,1281.0
2022-03-06,Vlissingen,310,6.3,31.0,3.8,1026.4,9.9,0.0,12.0,4.0,9.0,70.0,2.0,1278.0
2022-03-07,Vlissingen,310,6.8,79.0,4.0,1025.1,10.2,0.0,13.0,3.0,10.0,63.0,1.0,1434.0
2022-03-08,Vlissingen,310,7.8,117.0,5.8,1019.4,10.2,0.0,13.0,5.0,10.0,59.0,0.0,1439.0
2022-03-09,Vlissingen,310,5.3,131.0,7.9,1020.6,10.3,0.0,10.0,4.0,7.0,68.0,1.0,1394.0
2022-03-10,Vlissingen,310,5.5,110.0,9.1,1019.8,10.5,0.0,9.0,3.0,8.0,68.0,2.0,1388.0
2022-03-11,Vlissingen,310,8.9,135.0,9.7,1011.1,7.3,0.0,16.0,7.0,11.0,69.0,4.0,1201.0
2022-03-12,Vlissingen,310,7.8,161.0,9.6,1013.7,4.3,0.3,13.0,3.0,10.0,78.0,7.0,968.0
2022-03-13,Vlissingen,310,8.8,158.0,10.4,1011.9,7.3,0.1,17.0,6.0,11.0,74.0,8.0,1178.0
2022-03-14,Vlissingen,310,4.5,222.0,8.8,1024.5,6.3,0.1,10.0,1.0,7.0,86.0,7.0,1124.0
2022-03-15,Vlissingen,310,3.9,101.0,8.8,1023.9,2.3,0.5,7.0,2.0,5.0,81.0,8.0,742.0
2022-03-16,Vlissingen,310,6.7,115.0,8.6,1020.0,1.5,0.1,11.0,5.0,8.0,87.0,7.0,626.0
2022-03-17,Vlissingen,310,5.3,268.0,7.9,1031.2,9.0,0.1,16.0,1.0,11.0,80.0,3.0,1531.0
2022-03-18,Vlissingen,310,3.7,59.0,9.2,1042.2,11.0,0.0,11.0,1.0,8.0,74.0,0.0,1571.0
2022-03-19,Vlissingen,310,8.5,62.0,9.6,1038.1,11.0,0.0,16.0,6.0,11.0,56.0,0.0,1644.0
2022-03-20,Vlissingen,310,4.5,95.0,5.3,1028.2,3.7,0.2,10.0,1.0,7.0,73.0,3.0,740.0
2022-03-21,Vlissingen,310,3.5,75.0,9.5,1029.6,10.7,0.0,6.0,2.0,5.0,67.0,3.0,1555.0
2022-03-22,Vlissingen,310,3.5,78.0,12.2,1030.0,10.8,0.0,6.0,3.0,4.0,65.0,2.0,1593.0
2022-03-23,Vlissingen,310,2.2,39.0,11.7,1030.2,11.3,0.0,5.0,0.0,4.0,56.0,0.0,1673.0
2022-03-24,Vlissingen,310,2.7,341.0,10.8,1029.8,11.3,0.0,6.0,1.0,4.0,66.0,0.0,1733.0
2022-03-25,Vlissingen,310,4.4,14.0,10.3,1030.8,11.3,0.0,9.0,3.0,6.0,66.0,0.0,1765.0
2022-03-26,Vlissingen,310,5.4,22.0,11.2,1031.9,11.3,0.0,11.0,3.0,7.0,68.0,1.0,1776.0
2022-03-27,Vlissingen,310,3.9,27.0,9.7,1030.4,5.7,0.0,7.0,2.0,5.0,85.0,4.0,1247.0
2022-03-28,Vlissingen,310,3.0,352.0,8.9,1022.0,10.6,0.0,6.0,1.0,4.0,85.0,4.0,1635.0
2022-03-29,Vlissingen,310,4.4,43.0,9.2,1011.3,0.3,0.0,8.0,2.0,6.0,84.0,8.0,692.0
2022-03-30,Vlissingen,310,4.6,32.0,8.5,1004.4,3.4,0.0,12.0,2.0,8.0,74.0,8.0,1165.0
2022-03-31,Vlissingen,310,8.5,6.0,3.7,1001.9,4.5,6.7,20.0,5.0,13.0,84.0,8.0,1153.0
2022-04-01,Vlissingen,310,10.2,22.0,3.2,1011.1,1.3,4.4,19.0,6.0,13.0,71.0,6.0,691.0
2022-04-02,Vlissingen,310,6.4,17.0,4.5,1020.3,7.7,0.0,15.0,3.0,9.0,58.0,6.0,1372.0
2022-04-03,Vlissingen,310,4.1,260.0,4.9,1023.3,7.9,0.2,11.0,1.0,9.0,73.0,5.0,1482.0
2022-04-04,Vlissingen,310,12.9,231.0,7.4,1010.0,0.0,5.6,21.0,8.0,17.0,89.0,8.0,244.0
2022-04-05,Vlissingen,310,9.5,244.0,9.7,1006.8,1.1,1.9,15.0,8.0,11.0,90.0,8.0,924.0
2022-04-06,Vlissingen,310,12.0,216.0,9.6,998.6,0.1,5.2,19.0,10.0,14.0,84.0,8.0,401.0
2022-04-07,Vlissingen,310,14.5,241.0,9.0,988.9,5.0,12.9,25.0,6.0,20.0,78.0,8.0,1330.0
2022-04-08,Vlissingen,310,5.3,285.0,6.8,1000.2,1.7,0.0,13.0,3.0,8.0,72.0,7.0,838.0
2022-04-09,Vlissingen,310,5.8,273.0,7.1,1014.2,12.1,0.0,15.0,1.0,9.0,68.0,4.0,2184.0
2022-04-10,Vlissingen,310,2.9,126.0,8.6,1020.0,12.5,0.0,7.0,1.0,6.0,64.0,5.0,2126.0
2022-04-11,Vlissingen,310,7.4,93.0,10.8,1013.4,12.1,0.0,12.0,3.0,10.0,62.0,6.0,1950.0
2022-04-12,Vlissingen,310,5.6,139.0,12.3,1008.8,10.2,0.0,13.0,2.0,8.0,73.0,6.0,1835.0
2022-04-13,Vlissingen,310,2.8,241.0,12.0,1017.2,1.6,0.0,6.0,1.0,4.0,84.0,8.0,1045.0
2022-04-14,Vlissingen,310,3.5,270.0,11.6,1022.5,11.3,0.0,7.0,2.0,5.0,86.0,4.0,2037.0
2022-04-15,Vlissingen,310,3.1,45.0,10.9,1028.0,10.9,0.0,7.0,2.0,5.0,85.0,6.0,2031.0
2022-04-16,Vlissingen,310,4.8,71.0,11.8,1030.5,12.9,0.0,10.0,3.0,7.0,66.0,3.0,2323.0
2022-04-17,Vlissingen,310,5.2,98.0,12.5,1024.0,12.9,0.0,9.0,3.0,7.0,56.0,2.0,2442.0
2022-04-18,Vlissingen,310,3.6,101.0,12.7,1017.2,12.2,0.0,8.0,1.0,5.0,61.0,6.0,2262.0
2022-04-19,Vlissingen,310,3.8,359.0,13.1,1014.7,6.7,0.0,9.0,2.0,6.0,65.0,8.0,1560.0
2022-04-20,Vlissingen,310,5.7,47.0,12.8,1014.9,10.9,0.0,13.0,4.0,8.0,57.0,4.0,2168.0
2022-04-21,Vlissingen,310,6.5,49.0,13.3,1011.4,12.8,0.0,13.0,5.0,8.0,57.0,2.0,2390.0
2022-04-22,Vlissingen,310,6.9,54.0,12.7,1006.0,5.8,0.0,13.0,5.0,9.0,67.0,5.0,1257.0
2022-04-23,Vlissingen,310,7.8,60.0,14.3,1002.3,12.2,0.0,14.0,5.0,10.0,63.0,5.0,2199.0
2022-04-24,Vlissingen,310,7.6,18.0,12.9,1005.7,12.6,0.0,17.0,6.0,10.0,63.0,1.0,2411.0
2022-04-25,Vlissingen,310,5.5,8.0,10.2,1012.9,2.8,1.3,11.0,3.0,7.0,78.0,7.0,1228.0
2022-04-26,Vlissingen,310,5.8,355.0,9.6,1020.8,11.7,0.8,11.0,2.0,8.0,71.0,3.0,2421.0
2022-04-27,Vlissingen,310,4.1,18.0,9.3,1026.9,8.4,0.0,10.0,2.0,7.0,71.0,2.0,1794.0
2022-04-28,Vlissingen,310,4.7,24.0,10.5,1030.2,10.0,0.0,9.0,3.0,6.0,72.0,4.0,2240.0
2022-04-29,Vlissingen,310,5.5,10.0,10.0,1029.3,6.5,0.0,12.0,3.0,8.0,75.0,6.0,1886.0
2022-04-30,Vlissingen,310,4.3,347.0,9.0,1028.0,7.0,0.0,11.0,1.0,7.0,72.0,4.0,1648.0
2022-05-01,Vlissingen,310,2.2,360.0,10.3,1023.7,7.4,0.0,6.0,1.0,4.0,74.0,6.0,1693.0
2022-05-02,Vlissingen,310,3.5,355.0,12.2,1020.4,12.3,0.0,10.0,1.0,6.0,67.0,3.0,2439.0
2022-05-03,Vlissingen,310,3.9,348.0,10.9,1020.3,7.3,0.0,11.0,2.0,7.0,77.0,7.0,1997.0
2022-05-04,Vlissingen,310,2.6,268.0,10.7,1019.7,7.4,0.0,7.0,1.0,4.0,77.0,6.0,1769.0
2022-05-05,Vlissingen,310,3.9,289.0,12.6,1023.1,8.6,0.0,9.0,1.0,6.0,85.0,6.0,2125.0
2022-05-06,Vlissingen,310,3.1,258.0,13.8,1025.2,12.5,0.0,9.0,1.0,6.0,76.0,4.0,2523.0
2022-05-07,Vlissingen,310,4.3,339.0,13.9,1024.8,7.0,0.0,10.0,2.0,7.0,81.0,7.0,1956.0
2022-05-08,Vlissingen,310,5.3,14.0,12.7,1027.8,12.7,0.0,11.0,3.0,7.0,72.0,1.0,2722.0
2022-05-09,Vlissingen,310,3.0,66.0,15.3,1024.0,12.1,0.0,7.0,1.0,4.0,64.0,3.0,2541.0
2022-05-10,Vlissingen,310,7.0,228.0,15.6,1016.1,2.1,0.0,13.0,5.0,9.0,75.0,8.0,1464.0
2022-05-11,Vlissingen,310,8.8,240.0,14.7,1011.6,9.0,0.7,18.0,6.0,14.0,74.0,6.0,2318.0
2022-05-12,Vlissingen,310,6.2,253.0,14.0,1018.4,13.5,0.0,12.0,3.0,9.0,72.0,3.0,2649.0
2022-05-13,Vlissingen,310,8.5,240.0,13.5,1020.2,12.5,0.0,14.0,5.0,10.0,76.0,4.0,2550.0
2022-05-14,Vlissingen,310,4.1,291.0,14.5,1021.4,14.3,0.0,8.0,3.0,6.0,75.0,1.0,2796.0
2022-05-15,Vlissingen,310,5.1,79.0,19.2,1016.3,13.6,0.0,11.0,3.0,8.0,56.0,6.0,2667.0
2022-05-16,Vlissingen,310,6.9,232.0,17.1,1016.0,8.4,0.8,15.0,2.0,12.0,78.0,5.0,2053.0
2022-05-17,Vlissingen,310,3.5,50.0,19.2,1018.8,9.9,0.0,7.0,2.0,6.0,71.0,6.0,2431.0
2022-05-18,Vlissingen,310,4.6,248.0,18.3,1020.0,10.5,0.0,14.0,2.0,7.0,74.0,7.0,2439.0
2022-05-19,Vlissingen,310,4.3,257.0,17.0,1018.8,7.4,6.1,14.0,1.0,8.0,85.0,7.0,1715.0
2022-05-20,Vlissingen,310,5.8,236.0,14.1,1018.5,3.5,13.6,17.0,1.0,11.0,87.0,6.0,847.0
2022-05-21,Vlissingen,310,5.9,256.0,14.4,1021.0,9.4,0.0,15.0,1.0,11.0,76.0,6.0,2337.0
2022-05-22,Vlissingen,310,2.5,101.0,17.4,1013.8,11.8,0.0,5.0,1.0,4.0,64.0,5.0,2686.0
2022-05-23,Vlissingen,310,4.7,278.0,15.4,1001.6,0.2,6.6,15.0,1.0,11.0,85.0,8.0,597.0
2022-05-24,Vlissingen,310,8.4,231.0,13.4,1006.6,8.3,4.8,15.0,5.0,12.0,80.0,4.0,1938.0
2022-05-25,Vlissingen,310,9.8,223.0,14.0,1014.9,5.7,0.0,18.0,6.0,13.0,80.0,7.0,1465.0
2022-05-26,Vlissingen,310,9.9,241.0,15.4,1020.9,10.7,0.0,16.0,8.0,13.0,80.0,6.0,2513.0
2022-05-27,Vlissingen,310,6.3,270.0,14.8,1023.1,12.8,0.0,15.0,2.0,12.0,68.0,3.0,2820.0
2022-05-28,Vlissingen,310,5.4,335.0,13.0,1022.8,13.8,0.0,12.0,3.0,7.0,65.0,3.0,2746.0
2022-05-29,Vlissingen,310,4.6,345.0,11.6,1016.8,6.6,2.4,11.0,3.0,7.0,71.0,7.0,1647.0
2022-05-30,Vlissingen,310,2.5,339.0,12.3,1014.0,9.2,0.0,7.0,1.0,4.0,62.0,7.0,2265.0
2022-05-31,Vlissingen,310,4.3,236.0,14.1,1013.0,6.2,1.2,12.0,1.0,8.0,64.0,7.0,1970.0
2022-06-01,Vlissingen,310,4.8,266.0,13.3,1016.8,10.1,0.1,10.0,2.0,7.0,73.0,4.0,2560.0
2022-06-02,Vlissingen,310,3.9,33.0,15.0,1020.6,14.0,0.0,10.0,1.0,7.0,67.0,3.0,2977.0
2022-06-03,Vlissingen,310,5.7,52.0,18.6,1017.4,10.2,0.0,12.0,4.0,8.0,56.0,5.0,2486.0
2022-06-04,Vlissingen,310,7.6,39.0,17.9,1018.8,8.9,6.5,13.0,5.0,9.0,66.0,6.0,2489.0
2022-06-05,Vlissingen,310,5.4,292.0,15.9,1013.9,0.0,20.9,14.0,1.0,10.0,89.0,8.0,590.0
2022-06-06,Vlissingen,310,8.8,230.0,14.1,1014.2,4.1,10.9,19.0,4.0,12.0,88.0,7.0,882.0
2022-06-07,Vlissingen,310,5.5,237.0,15.7,1012.5,6.9,0.9,9.0,3.0,7.0,83.0,6.0,2333.0
2022-06-08,Vlissingen,310,7.9,213.0,15.9,1006.8,3.9,9.2,17.0,4.0,13.0,87.0,7.0,1050.0
2022-06-09,Vlissingen,310,6.5,247.0,16.5,1016.0,10.4,0.0,13.0,4.0,10.0,75.0,5.0,2709.0
2022-06-10,Vlissingen,310,5.8,223.0,17.2,1020.5,3.9,0.0,11.0,4.0,7.0,81.0,6.0,1291.0
2022-06-11,Vlissingen,310,6.6,246.0,17.0,1022.6,13.4,0.0,11.0,5.0,8.0,73.0,4.0,2994.0
2022-06-12,Vlissingen,310,5.7,255.0,16.7,1022.8,15.2,0.0,11.0,3.0,8.0,73.0,5.0,3065.0
2022-06-13,Vlissingen,310,4.1,317.0,15.6,1024.1,14.6,0.0,10.0,2.0,7.0,62.0,4.0,2800.0
2022-06-14,Vlissingen,310,3.3,64.0,16.7,1022.0,15.3,0.0,9.0,1.0,6.0,63.0,1.0,3089.0
2022-06-15,Vlissingen,310,3.8,31.0,19.1,1018.9,14.1,0.0,8.0,3.0,5.0,62.0,3.0,2988.0
2022-06-16,Vlissingen,310,2.8,83.0,19.8,1022.6,13.3,0.0,6.0,1.0,5.0,63.0,4.0,2793.0
2022-06-17,Vlissingen,310,4.4,210.0,22.6,1020.9,12.6,0.0,10.0,3.0,7.0,61.0,3.0,2775.0
2022-06-18,Vlissingen,310,6.1,338.0,20.3,1015.3,12.0,0.0,18.0,1.0,12.0,72.0,3.0,2596.0
2022-06-19,Vlissingen,310,6.4,3.0,14.6,1013.3,0.7,4.9,20.0,4.0,11.0,77.0,8.0,808.0
2022-06-20,Vlissingen,310,4.9,357.0,15.5,1017.5,11.6,0.0,11.0,3.0,7.0,69.0,5.0,2582.0
2022-06-21,Vlissingen,310,3.8,59.0,16.7,1015.0,9.2,0.0,7.0,3.0,5.0,72.0,7.0,2345.0
2022-06-22,Vlissingen,310,5.0,13.0,19.0,1012.9,15.3,0.0,10.0,3.0,7.0,67.0,0.0,3113.0
2022-06-23,Vlissingen,310,4.9,149.0,21.6,1009.6,13.0,0.0,11.0,3.0,7.0,70.0,5.0,2696.0
2022-06-24,Vlissingen,310,3.8,201.0,19.2,1006.8,5.7,6.0,9.0,1.0,7.0,84.0,7.0,1594.0
2022-06-25,Vlissingen,310,5.0,187.0,17.5,1010.8,2.2,1.6,10.0,1.0,7.0,79.0,8.0,1224.0
2022-06-26,Vlissingen,310,4.4,192.0,17.7,1014.6,9.1,0.0,9.0,2.0,7.0,73.0,7.0,2187.0
2022-06-27,Vlissingen,310,5.1,240.0,17.5,1017.3,6.9,7.8,13.0,1.0,9.0,75.0,6.0,1610.0
2022-06-28,Vlissingen,310,4.5,181.0,18.8,1019.0,14.4,0.0,9.0,1.0,7.0,67.0,1.0,2813.0
2022-06-29,Vlissingen,310,3.2,322.0,20.1,1013.2,12.8,0.0,10.0,1.0,7.0,69.0,4.0,2874.0
2022-06-30,Vlissingen,310,4.5,222.0,15.8,1013.2,2.7,13.5,10.0,2.0,7.0,85.0,6.0,705.0
2022-07-01,Vlissingen,310,6.8,218.0,16.1,1018.2,10.2,0.5,14.0,3.0,9.0,77.0,2.0,1761.0
2022-07-02,Vlissingen,310,5.2,216.0,18.5,1019.9,12.7,0.0,9.0,3.0,7.0,64.0,5.0,2738.0
2022-07-03,Vlissingen,310,6.3,247.0,17.4,1019.4,13.5,0.0,12.0,4.0,9.0,73.0,3.0,2870.0
2022-07-04,Vlissingen,310,4.5,250.0,18.0,1020.8,14.5,0.0,9.0,2.0,6.0,72.0,2.0,2983.0
2022-07-05,Vlissingen,310,3.7,291.0,17.5,1024.2,13.0,0.0,11.0,2.0,6.0,67.0,3.0,2893.0
2022-07-06,Vlissingen,310,4.6,241.0,18.3,1025.2,8.0,0.0,13.0,1.0,9.0,72.0,6.0,2417.0
2022-07-07,Vlissingen,310,6.8,318.0,16.8,1027.0,2.3,0.1,17.0,2.0,10.0,71.0,7.0,1422.0
2022-07-08,Vlissingen,310,3.1,279.0,18.4,1031.3,14.7,0.0,8.0,1.0,5.0,70.0,2.0,2975.0
2022-07-09,Vlissingen,310,5.4,328.0,18.1,1028.9,9.9,0.0,13.0,2.0,8.0,74.0,5.0,2218.0
2022-07-10,Vlissingen,310,3.2,288.0,18.1,1026.9,12.1,0.0,8.0,1.0,5.0,68.0,3.0,2668.0
2022-07-11,Vlissingen,310,2.8,36.0,20.2,1024.3,13.9,0.0,8.0,1.0,5.0,74.0,4.0,2884.0
2022-07-12,Vlissingen,310,2.8,128.0,23.0,1023.4,7.7,0.1,8.0,1.0,6.0,64.0,8.0,2289.0
2022-07-13,Vlissingen,310,4.3,320.0,20.7,1021.1,2.4,0.3,9.0,2.0,6.0,75.0,8.0,1417.0
2022-07-14,Vlissingen,310,3.9,351.0,18.3,1021.9,9.8,0.0,12.0,2.0,7.0,69.0,4.0,2413.0
2022-07-15,Vlissingen,310,3.5,263.0,18.5,1023.4,15.3,0.0,10.0,1.0,6.0,64.0,1.0,2941.0
2022-07-16,Vlissingen,310,4.5,9.0,18.9,1025.5,14.2,0.0,12.0,3.0,5.0,62.0,4.0,2896.0
2022-07-17,Vlissingen,310,3.2,94.0,20.5,1026.3,14.0,0.0,6.0,2.0,5.0,60.0,4.0,2725.0
2022-07-18,Vlissingen,310,2.6,100.0,25.9,1020.7,15.0,0.0,6.0,1.0,5.0,49.0,1.0,2734.0
2022-07-19,Vlissingen,310,5.5,118.0,27.2,1014.0,14.4,0.0,15.0,3.0,10.0,51.0,0.0,2748.0
2022-07-20,Vlissingen,310,6.6,227.0,21.3,1016.7,2.0,1.1,16.0,2.0,12.0,79.0,7.0,1073.0
2022-07-21,Vlissingen,310,5.1,301.0,17.8,1020.4,1.4,14.1,12.0,2.0,7.0,84.0,7.0,602.0
2022-07-22,Vlissingen,310,3.5,23.0,17.8,1020.3,4.5,0.1,9.0,2.0,6.0,72.0,6.0,1531.0
2022-07-23,Vlissingen,310,2.9,259.0,20.1,1019.5,11.2,0.0,9.0,1.0,7.0,70.0,4.0,2457.0
2022-07-24,Vlissingen,310,4.5,217.0,22.9,1015.4,13.8,0.0,10.0,1.0,7.0,62.0,5.0,2689.0
2022-07-25,Vlissingen,310,9.9,245.0,20.5,1010.9,6.0,0.0,17.0,1.0,14.0,75.0,6.0,1761.0
2022-07-26,Vlissingen,310,4.8,339.0,18.0,1018.3,5.9,1.2,10.0,2.0,6.0,70.0,7.0,1636.0
2022-07-27,Vlissingen,310,4.1,12.0,17.5,1020.7,8.2,0.0,10.0,1.0,6.0,64.0,5.0,2053.0
2022-07-28,Vlissingen,310,5.8,45.0,18.5,1017.7,6.8,0.0,11.0,4.0,7.0,60.0,8.0,1944.0
2022-07-29,Vlissingen,310,3.6,351.0,19.4,1018.0,13.4,0.0,8.0,2.0,5.0,65.0,2.0,2656.0
2022-07-30,Vlissingen,310,3.0,250.0,20.2,1019.0,7.8,0.0,9.0,1.0,6.0,70.0,7.0,2010.0
2022-07-31,Vlissingen,310,7.7,241.0,19.9,1016.3,0.7,0.2,15.0,4.0,12.0,86.0,8.0,792.0
2022-08-01,Vlissingen,310,3.5,18.0,20.9,1018.5,9.2,0.0,9.0,2.0,7.0,67.0,6.0,2268.0
2022-08-02,Vlissingen,310,6.5,235.0,20.8,1016.4,11.7,0.0,12.0,4.0,9.0,79.0,5.0,2384.0
2022-08-03,Vlissingen,310,4.3,246.0,22.5,1014.4,13.9,0.0,10.0,1.0,7.0,74.0,5.0,2613.0
2022-08-04,Vlissingen,310,4.5,302.0,21.5,1014.3,6.6,0.0,8.0,3.0,6.0,73.0,7.0,2049.0
2022-08-05,Vlissingen,310,4.4,335.0,18.6,1021.1,11.0,0.0,12.0,1.0,7.0,61.0,3.0,2257.0
2022-08-06,Vlissingen,310,2.7,7.0,18.3,1028.0,12.7,0.0,9.0,1.0,5.0,56.0,4.0,2344.0
2022-08-07,Vlissingen,310,3.3,2.0,18.7,1025.9,14.0,0.0,8.0,2.0,5.0,62.0,2.0,2608.0
2022-08-08,Vlissingen,310,4.5,13.0,19.5,1026.6,13.3,0.0,11.0,3.0,7.0,68.0,4.0,2385.0
2022-08-09,Vlissingen,310,5.3,18.0,20.7,1027.7,13.9,0.0,11.0,4.0,7.0,70.0,1.0,2552.0
2022-08-10,Vlissingen,310,4.9,30.0,22.9,1024.5,13.9,0.0,10.0,3.0,7.0,61.0,1.0,2514.0
2022-08-11,Vlissingen,310,4.4,36.0,24.7,1020.7,13.9,0.0,10.0,3.0,6.0,54.0,0.0,2497.0
2022-08-12,Vlissingen,310,4.5,47.0,25.2,1017.4,13.7,0.0,11.0,3.0,8.0,52.0,0.0,2446.0
2022-08-13,Vlissingen,310,4.0,60.0,25.4,1014.4,13.7,0.0,9.0,1.0,6.0,46.0,1.0,2462.0
2022-08-14,Vlissingen,310,4.1,79.0,25.2,1006.7,9.4,0.0,11.0,2.0,8.0,51.0,5.0,2042.0
2022-08-15,Vlissingen,310,4.7,225.0,22.9,1004.2,8.9,1.2,13.0,2.0,7.0,69.0,7.0,2117.0
2022-08-16,Vlissingen,310,3.9,226.0,21.7,1008.2,3.7,4.0,10.0,1.0,7.0,73.0,8.0,1247.0
2022-08-17,Vlissingen,310,3.5,18.0,19.5,1011.5,0.5,15.0,9.0,1.0,6.0,91.0,6.0,436.0
2022-08-18,Vlissingen,310,3.0,269.0,21.2,1013.9,11.2,0.0,9.0,1.0,6.0,77.0,2.0,2131.0
2022-08-19,Vlissingen,310,6.3,234.0,19.9,1014.5,3.4,1.4,12.0,5.0,9.0,87.0,7.0,1157.0
2022-08-20,Vlissingen,310,5.2,246.0,19.5,1017.5,11.7,0.0,12.0,1.0,9.0,72.0,1.0,2176.0
2022-08-21,Vlissingen,310,5.1,234.0,19.2,1016.5,8.4,0.0,10.0,1.0,8.0,72.0,6.0,1882.0
2022-08-22,Vlissingen,310,4.1,90.0,21.3,1014.5,7.8,0.0,11.0,1.0,8.0,69.0,5.0,1869.0
2022-08-23,Vlissingen,310,3.4,251.0,21.9,1015.7,7.8,0.0,8.0,2.0,5.0,78.0,5.0,1863.0
2022-08-24,Vlissingen,310,3.0,53.0,23.9,1017.4,9.3,0.0,7.0,1.0,5.0,76.0,4.0,1755.0
2022-08-25,Vlissingen,310,5.2,334.0,22.7,1015.3,8.1,0.0,13.0,2.0,9.0,78.0,5.0,1825.0
2022-08-26,Vlissingen,310,4.7,341.0,19.7,1018.0,7.5,0.0,12.0,1.0,7.0,70.0,5.0,1735.0
2022-08-27,Vlissingen,310,4.2,9.0,19.0,1018.5,5.5,0.0,11.0,1.0,7.0,68.0,5.0,1464.0
2022-08-28,Vlissingen,310,5.5,26.0,18.4,1021.4,12.1,0.0,14.0,3.0,8.0,70.0,5.0,2001.0
2022-08-29,Vlissingen,310,4.3,30.0,18.5,1021.8,9.2,0.0,11.0,3.0,6.0,69.0,4.0,1894.0
2022-08-30,Vlissingen,310,6.4,22.0,19.8,1020.8,7.1,0.0,13.0,4.0,9.0,70.0,7.0,1616.0
2022-08-31,Vlissingen,310,7.0,30.0,19.9,1021.2,12.5,0.0,15.0,5.0,10.0,61.0,1.0,2051.0
2022-09-01,Vlissingen,310,5.2,53.0,20.1,1018.8,11.6,0.0,10.0,4.0,7.0,56.0,5.0,1998.0
2022-09-02,Vlissingen,310,4.2,77.0,21.0,1012.4,9.3,0.0,8.0,3.0,6.0,58.0,6.0,1823.0
2022-09-03,Vlissingen,310,2.9,105.0,21.1,1010.7,3.5,0.0,10.0,1.0,5.0,70.0,7.0,1312.0
2022-09-04,Vlissingen,310,3.0,119.0,21.6,1016.7,10.2,0.0,8.0,1.0,6.0,74.0,7.0,1743.0
2022-09-05,Vlissingen,310,4.5,96.0,22.2,1017.1,2.4,2.9,15.0,1.0,10.0,67.0,8.0,1013.0
2022-09-06,Vlissingen,310,4.2,144.0,20.6,1013.9,7.4,10.9,16.0,1.0,8.0,79.0,6.0,1558.0
2022-09-07,Vlissingen,310,6.2,170.0,20.0,1011.1,7.2,1.5,13.0,3.0,8.0,78.0,6.0,1540.0
2022-09-08,Vlissingen,310,6.6,184.0,17.8,1007.2,4.8,11.0,15.0,3.0,9.0,83.0,7.0,1140.0
2022-09-09,Vlissingen,310,9.5,202.0,17.0,1006.0,3.8,16.2,16.0,7.0,12.0,87.0,8.0,716.0
2022-09-10,Vlissingen,310,5.3,288.0,18.1,1013.0,3.6,45.3,15.0,2.0,9.0,83.0,6.0,643.0
2022-09-11,Vlissingen,310,2.1,161.0,19.6,1018.4,11.4,0.0,6.0,0.0,5.0,76.0,4.0,1971.0
2022-09-12,Vlissingen,310,3.4,171.0,20.4,1013.1,10.9,0.0,7.0,1.0,5.0,74.0,7.0,1703.0
2022-09-13,Vlissingen,310,3.5,10.0,19.4,1009.8,2.2,1.2,8.0,1.0,5.0,82.0,8.0,959.0
2022-09-14,Vlissingen,310,3.3,42.0,15.2,1006.7,0.7,14.9,8.0,1.0,5.0,87.0,8.0,380.0
2022-09-15,Vlissingen,310,4.6,317.0,16.3,1010.6,2.8,0.3,11.0,2.0,7.0,67.0,7.0,965.0
2022-09-16,Vlissingen,310,6.3,312.0,13.0,1014.0,2.6,22.5,18.0,3.0,9.0,77.0,8.0,825.0
2022-09-17,Vlissingen,310,7.3,311.0,13.5,1017.7,4.1,12.3,17.0,6.0,9.0,72.0,7.0,859.0
2022-09-18,Vlissingen,310,7.3,296.0,14.5,1017.7,2.3,2.0,20.0,4.0,10.0,65.0,7.0,969.0
2022-09-19,Vlissingen,310,4.4,316.0,14.2,1022.3,5.8,0.9,12.0,2.0,7.0,67.0,6.0,1363.0
2022-09-20,Vlissingen,310,2.5,341.0,13.9,1024.9,4.2,1.4,8.0,1.0,4.0,73.0,6.0,922.0
2022-09-21,Vlissingen,310,1.8,104.0,14.4,1026.1,8.7,0.0,4.0,1.0,2.0,68.0,5.0,1530.0
2022-09-22,Vlissingen,310,3.2,154.0,15.6,1021.1,10.9,0.0,8.0,1.0,5.0,66.0,5.0,1507.0
2022-09-23,Vlissingen,310,5.2,200.0,15.0,1015.0,0.1,12.1,11.0,4.0,8.0,82.0,8.0,616.0
2022-09-24,Vlissingen,310,6.0,7.0,14.9,1013.5,4.5,0.6,15.0,3.0,9.0,79.0,6.0,1046.0
2022-09-25,Vlissingen,310,3.6,270.0,13.8,1015.1,5.1,3.5,10.0,1.0,8.0,77.0,6.0,1100.0
2022-09-26,Vlissingen,310,8.5,233.0,12.5,1000.3,1.6,17.5,15.0,5.0,12.0,83.0,8.0,543.0
2022-09-27,Vlissingen,310,6.4,282.0,11.8,998.4,3.9,11.4,15.0,2.0,11.0,71.0,8.0,1007.0
2022-09-28,Vlissingen,310,4.0,241.0,11.1,998.2,4.6,10.9,11.0,1.0,7.0,81.0,6.0,830.0
2022-09-29,Vlissingen,310,2.5,281.0,12.5,1003.4,7.5,0.5,8.0,0.0,5.0,78.0,5.0,1184.0
2022-09-30,Vlissingen,310,8.2,195.0,14.0,1007.2,8.4,4.8,27.0,2.0,17.0,76.0,4.0,1321.0
2022-10-01,Vlissingen,310,9.2,238.0,15.6,1007.1,9.2,6.4,23.0,6.0,16.0,80.0,4.0,1380.0
2022-10-02,Vlissingen,310,5.0,276.0,14.9,1020.2,4.2,0.8,12.0,2.0,9.0,79.0,5.0,828.0
2022-10-03,Vlissingen,310,3.3,205.0,14.5,1026.2,7.9,0.0,7.0,2.0,5.0,78.0,6.0,1174.0
2022-10-04,Vlissingen,310,6.8,194.0,14.9,1019.3,6.9,0.0,13.0,5.0,10.0,81.0,6.0,1140.0
2022-10-05,Vlissingen,310,10.7,214.0,16.3,1015.4,0.2,0.0,19.0,8.0,13.0,74.0,7.0,424.0
2022-10-06,Vlissingen,310,7.7,235.0,14.2,1028.1,10.4,0.0,16.0,4.0,11.0,72.0,2.0,1369.0
2022-10-07,Vlissingen,310,7.9,204.0,14.4,1020.8,6.8,4.7,12.0,5.0,9.0,77.0,6.0,1038.0
2022-10-08,Vlissingen,310,5.0,267.0,13.4,1022.5,9.3,1.3,12.0,2.0,7.0,71.0,2.0,1199.0
2022-10-09,Vlissingen,310,4.6,138.0,13.5,1019.6,10.0,0.0,9.0,3.0,6.0,74.0,5.0,1298.0
2022-10-10,Vlissingen,310,5.1,250.0,12.5,1017.8,3.1,0.0,11.0,2.0,8.0,78.0,5.0,504.0
2022-10-11,Vlissingen,310,1.9,212.0,12.7,1026.2,9.5,0.0,5.0,1.0,3.0,74.0,3.0,1208.0
2022-10-12,Vlissingen,310,3.5,178.0,13.1,1022.0,7.1,0.0,9.0,1.0,7.0,75.0,7.0,1026.0
2022-10-13,Vlissingen,310,4.6,192.0,13.8,1016.3,0.1,2.1,10.0,1.0,8.0,91.0,8.0,387.0
2022-10-14,Vlissingen,310,4.6,203.0,14.7,1010.1,1.1,1.6,8.0,2.0,6.0,91.0,8.0,514.0
2022-10-15,Vlissingen,310,7.3,201.0,14.6,1006.3,4.0,3.4,13.0,5.0,9.0,87.0,7.0,577.0
2022-10-16,Vlissingen,310,6.0,165.0,15.2,1013.3,5.5,0.6,12.0,1.0,9.0,84.0,7.0,788.0
2022-10-17,Vlissingen,310,5.1,198.0,16.1,1019.8,0.6,3.4,12.0,2.0,8.0,92.0,8.0,351.0
2022-10-18,Vlissingen,310,2.8,14.0,14.3,1027.9,9.3,0.0,7.0,1.0,4.0,84.0,2.0,1062.0
2022-10-19,Vlissingen,310,7.5,72.0,12.8,1022.3,7.7,0.0,13.0,5.0,10.0,79.0,7.0,945.0
2022-10-20,Vlissingen,310,6.5,136.0,15.2,1009.4,4.8,1.0,10.0,4.0,8.0,89.0,6.0,622.0
2022-10-21,Vlissingen,310,6.5,173.0,16.4,1006.0,6.3,0.0,12.0,4.0,9.0,83.0,7.0,833.0
2022-10-22,Vlissingen,310,6.1,188.0,15.7,1011.7,6.2,0.0,12.0,4.0,9.0,84.0,7.0,738.0
2022-10-23,Vlissingen,310,7.1,142.0,15.9,1005.3,2.2,12.0,15.0,4.0,10.0,86.0,8.0,423.0
2022-10-24,Vlissingen,310,10.3,204.0,15.2,1005.8,2.9,4.5,18.0,6.0,13.0,84.0,8.0,530.0
2022-10-25,Vlissingen,310,6.4,183.0,14.5,1013.8,7.4,0.0,11.0,5.0,8.0,86.0,6.0,808.0
2022-10-26,Vlissingen,310,6.4,183.0,16.2,1015.2,7.4,0.3,12.0,4.0,9.0,83.0,7.0,785.0
2022-10-27,Vlissingen,310,6.3,155.0,16.5,1017.8,5.1,0.0,12.0,3.0,9.0,84.0,8.0,586.0
2022-10-28,Vlissingen,310,4.9,210.0,16.2,1017.6,2.8,0.0,12.0,2.0,8.0,86.0,8.0,540.0
2022-10-29,Vlissingen,310,4.3,143.0,16.4,1016.7,4.0,0.0,9.0,2.0,7.0,86.0,8.0,575.0
2022-10-30,Vlissingen,310,4.3,201.0,15.1,1017.5,2.9,0.0,9.0,3.0,6.0,86.0,7.0,498.0
2022-10-31,Vlissingen,310,5.6,133.0,14.5,1014.2,1.9,0.2,15.0,3.0,11.0,89.0,8.0,405.0
2022-11-01,Vlissingen,310,12.8,196.0,14.1,1011.5,6.9,5.9,22.0,9.0,15.0,77.0,6.0,689.0
2022-11-02,Vlissingen,310,10.9,197.0,13.1,1016.6,7.5,1.1,20.0,8.0,15.0,76.0,5.0,746.0
2022-11-03,Vlissingen,310,9.5,181.0,12.9,1003.3,1.2,14.3,18.0,6.0,12.0,83.0,8.0,372.0
2022-11-04,Vlissingen,310,3.6,271.0,10.7,1008.8,4.4,0.5,9.0,2.0,7.0,80.0,6.0,485.0
2022-11-05,Vlissingen,310,8.0,192.0,10.3,1015.7,1.1,0.2,14.0,3.0,11.0,84.0,6.0,326.0
2022-11-06,Vlissingen,310,11.3,182.0,11.2,1007.3,0.0,11.1,19.0,10.0,13.0,91.0,7.0,130.0
2022-11-07,Vlissingen,310,10.3,188.0,13.2,1008.2,1.6,4.7,17.0,8.0,12.0,86.0,8.0,363.0
2022-11-08,Vlissingen,310,10.3,177.0,13.8,1003.4,3.1,0.0,15.0,9.0,11.0,79.0,7.0,436.0
2022-11-09,Vlissingen,310,9.6,205.0,12.3,1009.1,5.6,4.3,18.0,7.0,13.0,85.0,5.0,510.0
2022-11-10,Vlissingen,310,8.4,198.0,12.0,1023.1,7.8,0.0,13.0,7.0,10.0,87.0,6.0,637.0
2022-11-11,Vlissingen,310,7.3,178.0,10.5,1029.2,4.8,0.0,14.0,3.0,11.0,90.0,8.0,494.0
2022-11-12,Vlissingen,310,3.3,128.0,11.1,1029.1,7.8,0.0,6.0,2.0,5.0,90.0,4.0,642.0
2022-11-13,Vlissingen,310,2.8,79.0,10.2,1020.7,5.7,0.0,6.0,1.0,4.0,88.0,3.0,530.0
2022-11-14,Vlissingen,310,4.9,166.0,7.4,1010.2,5.6,0.0,10.0,1.0,8.0,94.0,4.0,578.0
2022-11-15,Vlissingen,310,8.6,163.0,11.5,1001.8,3.5,3.2,14.0,6.0,11.0,89.0,8.0,350.0
2022-11-16,Vlissingen,310,9.5,150.0,10.7,994.4,4.1,11.9,22.0,5.0,17.0,89.0,6.0,379.0
2022-11-17,Vlissingen,310,11.8,191.0,10.9,985.5,0.4,6.4,21.0,8.0,15.0,87.0,8.0,177.0
2022-11-18,Vlissingen,310,5.7,197.0,9.7,1001.1,0.0,8.4,10.0,1.0,8.0,91.0,7.0,181.0
2022-11-19,Vlissingen,310,4.0,45.0,5.0,1011.0,0.0,11.3,9.0,1.0,6.0,94.0,8.0,101.0
2022-11-20,Vlissingen,310,6.3,226.0,7.3,1007.8,0.7,1.1,19.0,2.0,13.0,83.0,7.0,144.0
2022-11-21,Vlissingen,310,7.7,162.0,8.1,997.5,2.1,4.5,16.0,4.0,12.0,86.0,7.0,222.0
2022-11-22,Vlissingen,310,9.7,181.0,7.9,991.1,3.4,0.0,15.0,7.0,12.0,88.0,6.0,329.0
2022-11-23,Vlissingen,310,9.5,182.0,8.8,996.4,2.8,3.9,17.0,8.0,12.0,89.0,6.0,253.0
2022-11-24,Vlissingen,310,9.0,182.0,9.6,1007.2,7.0,12.9,18.0,7.0,12.0,87.0,6.0,456.0
2022-11-25,Vlissingen,310,6.9,213.0,9.5,1016.6,6.8,0.7,13.0,4.0,10.0,88.0,3.0,483.0
2022-11-26,Vlissingen,310,7.4,177.0,8.4,1026.4,4.9,0.0,14.0,4.0,11.0,90.0,8.0,402.0
2022-11-27,Vlissingen,310,8.7,168.0,7.7,1015.6,0.0,16.1,14.0,6.0,11.0,92.0,8.0,104.0
2022-11-28,Vlissingen,310,4.3,195.0,9.0,1010.7,2.1,2.5,9.0,2.0,7.0,96.0,7.0,288.0
2022-11-29,Vlissingen,310,2.2,218.0,7.0,1019.5,3.4,0.0,5.0,1.0,3.0,96.0,6.0,366.0
2022-11-30,Vlissingen,310,2.0,236.0,6.8,1025.3,0.7,0.0,5.0,1.0,3.0,96.0,6.0,229.0
2022-12-01,Vlissingen,310,3.4,25.0,5.2,1027.8,7.2,0.0,7.0,2.0,5.0,88.0,2.0,459.0
2022-12-02,Vlissingen,310,5.8,38.0,3.9,1024.1,0.7,0.0,13.0,3.0,8.0,85.0,8.0,161.0
2022-12-03,Vlissingen,310,6.0,50.0,2.3,1020.1,0.0,0.0,12.0,5.0,8.0,83.0,8.0,77.0
2022-12-04,Vlissingen,310,5.7,49.0,1.8,1017.2,0.0,0.0,11.0,4.0,7.0,86.0,8.0,121.0
2022-12-05,Vlissingen,310,3.4,20.0,5.0,1020.2,0.0,0.0,7.0,3.0,4.0,91.0,8.0,94.0
2022-12-06,Vlissingen,310,2.9,310.0,6.0,1020.7,4.5,3.8,9.0,1.0,6.0,86.0,7.0,373.0
2022-12-07,Vlissingen,310,3.4,304.0,5.7,1016.9,2.0,8.8,10.0,2.0,6.0,83.0,7.0,214.0
2022-12-08,Vlissingen,310,4.8,273.0,4.7,1008.5,1.4,4.5,11.0,2.0,7.0,79.0,6.0,194.0
2022-12-09,Vlissingen,310,3.1,162.0,1.6,1006.8,0.5,0.0,6.0,2.0,5.0,96.0,7.0,188.0
2022-12-10,Vlissingen,310,5.1,192.0,1.5,1010.0,2.2,3.6,12.0,3.0,7.0,96.0,8.0,275.0
2022-12-11,Vlissingen,310,5.5,174.0,1.5,1009.6,0.0,0.0,10.0,4.0,8.0,89.0,8.0,127.0
2022-12-12,Vlissingen,310,5.0,143.0,0.6,1011.4,6.2,0.0,8.0,4.0,6.0,82.0,2.0,425.0
2022-12-13,Vlissingen,310,4.1,67.0,-0.4,1008.5,4.1,0.0,8.0,3.0,6.0,83.0,6.0,273.0
2022-12-14,Vlissingen,310,2.8,28.0,-0.8,1004.0,6.7,0.0,6.0,1.0,4.0,75.0,5.0,422.0
2022-12-15,Vlissingen,310,2.8,244.0,2.1,1008.8,6.3,2.2,8.0,1.0,4.0,84.0,3.0,415.0
2022-12-16,Vlissingen,310,2.5,9.0,2.6,1016.8,6.3,0.0,9.0,1.0,5.0,75.0,2.0,390.0
2022-12-17,Vlissingen,310,5.0,172.0,0.3,1025.0,6.7,0.0,9.0,4.0,7.0,84.0,4.0,413.0
2022-12-18,Vlissingen,310,7.8,138.0,0.4,1021.9,0.3,3.9,14.0,5.0,11.0,83.0,8.0,129.0
2022-12-19,Vlissingen,310,11.4,178.0,7.7,1013.0,0.7,3.4,18.0,10.0,13.0,89.0,8.0,145.0
2022-12-20,Vlissingen,310,7.6,187.0,8.8,1009.9,0.0,5.6,15.0,3.0,12.0,94.0,8.0,56.0
2022-12-21,Vlissingen,310,6.5,190.0,7.5,1008.3,1.5,0.6,12.0,2.0,9.0,95.0,8.0,236.0
2022-12-22,Vlissingen,310,6.2,216.0,8.4,1003.9,0.4,7.9,13.0,1.0,10.0,97.0,7.0,144.0
2022-12-23,Vlissingen,310,9.6,229.0,8.8,1003.4,0.7,14.6,20.0,4.0,16.0,94.0,7.0,64.0
2022-12-24,Vlissingen,310,7.3,207.0,8.8,1011.8,3.0,0.0,15.0,5.0,11.0,93.0,7.0,260.0
2022-12-25,Vlissingen,310,4.6,175.0,8.0,1010.5,0.0,9.0,9.0,2.0,7.0,97.0,8.0,71.0
2022-12-26,Vlissingen,310,7.4,224.0,6.8,1015.7,3.0,1.1,15.0,5.0,11.0,83.0,5.0,290.0
2022-12-27,Vlissingen,310,8.4,195.0,6.0,1021.7,2.8,1.7,15.0,6.0,11.0,88.0,7.0,249.0
2022-12-28,Vlissingen,310,13.0,192.0,9.1,1006.3,0.0,2.7,20.0,11.0,15.0,90.0,8.0,106.0
2022-12-29,Vlissingen,310,11.9,212.0,8.4,1003.2,0.9,2.4,21.0,9.0,15.0,86.0,7.0,195.0
2022-12-30,Vlissingen,310,11.4,189.0,8.6,1002.4,0.0,5.9,20.0,9.0,16.0,91.0,7.0,84.0
2022-12-31,Vlissingen,310,12.0,202.0,12.4,1004.3,0.0,13.7,24.0,7.0,15.0,84.0,8.0,78.0
2023-01-01,Vlissingen,310,9.1,192.0,10.6,1011.1,1.4,2.0,20.0,6.0,14.0,85.0,8.0,176.0
2023-01-02,Vlissingen,310,6.3,224.0,8.3,1017.3,1.2,2.0,14.0,4.0,10.0,93.0,7.0,164.0
2023-01-03,Vlissingen,310,8.7,179.0,7.6,1023.2,6.9,3.7,19.0,4.0,15.0,90.0,6.0,383.0
2023-01-04,Vlissingen,310,14.4,223.0,10.8,1015.4,0.0,1.8,21.0,12.0,16.0,91.0,8.0,127.0
2023-01-05,Vlissingen,310,8.6,228.0,9.8,1019.5,1.6,1.0,15.0,6.0,13.0,93.0,8.0,196.0
2023-01-06,Vlissingen,310,8.8,207.0,10.1,1016.2,5.9,0.4,17.0,5.0,13.0,89.0,7.0,409.0
2023-01-07,Vlissingen,310,11.4,176.0,9.7,1006.7,2.3,2.0,22.0,7.0,14.0,83.0,8.0,264.0
2023-01-08,Vlissingen,310,8.8,184.0,8.2,997.3,6.3,0.8,14.0,6.0,10.0,83.0,4.0,426.0
2023-01-09,Vlissingen,310,9.4,246.0,7.9,1000.7,1.2,6.4,19.0,7.0,12.0,81.0,7.0,245.0
2023-01-10,Vlissingen,310,10.7,194.0,7.6,1011.8,0.0,3.2,19.0,7.0,15.0,88.0,7.0,125.0
2023-01-11,Vlissingen,310,11.7,223.0,9.4,1009.4,6.2,3.1,20.0,8.0,14.0,87.0,6.0,410.0
2023-01-12,Vlissingen,310,14.5,218.0,10.1,1004.7,0.0,24.2,24.0,11.0,17.0,92.0,7.0,68.0
2023-01-13,Vlissingen,310,13.0,235.0,8.8,1008.7,1.2,0.1,23.0,8.0,17.0,78.0,7.0,169.0
2023-01-14,Vlissingen,310,12.2,209.0,8.8,1002.3,0.0,10.6,21.0,7.0,16.0,87.0,8.0,69.0
2023-01-15,Vlissingen,310,12.8,217.0,6.4,998.7,3.6,3.2,24.0,8.0,17.0,80.0,6.0,344.0
2023-01-16,Vlissingen,310,9.1,191.0,5.1,982.5,1.5,14.2,21.0,5.0,14.0,85.0,8.0,213.0
2023-01-17,Vlissingen,310,3.3,253.0,2.9,988.6,6.4,0.0,12.0,1.0,7.0,71.0,6.0,485.0
2023-01-18,Vlissingen,310,7.3,233.0,4.0,996.6,6.4,0.2,13.0,3.0,11.0,75.0,6.0,530.0
2023-01-19,Vlissingen,310,5.5,251.0,4.2,1006.3,5.9,1.3,12.0,4.0,8.0,75.0,5.0,435.0
2023-01-20,Vlissingen,310,7.0,286.0,3.8,1015.6,3.4,2.5,15.0,5.0,9.0,85.0,6.0,370.0
2023-01-21,Vlissingen,310,3.9,28.0,0.8,1032.1,7.3,0.0,7.0,2.0,5.0,87.0,1.0,566.0
2023-01-22,Vlissingen,310,3.8,27.0,1.5,1034.2,0.0,0.0,9.0,2.0,6.0,85.0,8.0,237.0
2023-01-23,Vlissingen,310,3.8,36.0,3.0,1037.0,0.7,0.0,9.0,2.0,6.0,87.0,8.0,259.0
2023-01-24,Vlissingen,310,4.2,48.0,1.9,1038.4,0.0,0.0,9.0,2.0,6.0,85.0,8.0,116.0
2023-01-25,Vlissingen,310,3.5,173.0,0.5,1031.9,0.0,2.4,7.0,1.0,6.0,91.0,8.0,127.0
2023-01-26,Vlissingen,310,6.1,5.0,6.1,1025.7,5.1,1.9,13.0,2.0,8.0,84.0,7.0,534.0
2023-01-27,Vlissingen,310,5.6,26.0,4.6,1028.1,1.3,0.0,12.0,4.0,8.0,78.0,8.0,267.0
2023-01-28,Vlissingen,310,2.2,110.0,3.7,1030.9,4.9,0.0,6.0,1.0,4.0,76.0,7.0,498.0
2023-01-29,Vlissingen,310,7.9,210.0,5.0,1025.6,0.1,0.0,16.0,5.0,12.0,84.0,8.0,173.0
2023-01-30,Vlissingen,310,7.7,271.0,7.1,1022.3,8.0,0.0,16.0,2.0,11.0,78.0,3.0,681.0
2023-01-31,Vlissingen,310,8.8,240.0,6.5,1023.1,3.0,0.0,16.0,6.0,13.0,88.0,5.0,384.0
2023-02-01,Vlissingen,310,10.5,255.0,7.5,1022.0,2.9,0.0,18.0,8.0,14.0,80.0,8.0,436.0
2023-02-02,Vlissingen,310,9.8,244.0,7.7,1025.5,5.0,0.0,15.0,7.0,12.0,89.0,8.0,546.0
2023-02-03,Vlissingen,310,9.6,249.0,8.2,1029.4,3.3,0.0,18.0,4.0,13.0,91.0,8.0,399.0
2023-02-04,Vlissingen,310,2.9,273.0,8.0,1036.8,0.6,1.1,6.0,2.0,4.0,95.0,8.0,332.0
2023-02-05,Vlissingen,310,6.9,341.0,7.0,1041.5,6.1,0.5,16.0,3.0,9.0,81.0,7.0,601.0
2023-02-06,Vlissingen,310,2.2,11.0,5.0,1041.6,7.5,0.0,5.0,1.0,3.0,89.0,3.0,753.0
2023-02-07,Vlissingen,310,2.5,64.0,2.5,1039.2,8.4,0.0,5.0,2.0,4.0,89.0,0.0,829.0
2023-02-08,Vlissingen,310,2.5,137.0,3.3,1035.3,8.7,0.0,5.0,1.0,4.0,71.0,4.0,850.0
2023-02-09,Vlissingen,310,4.8,215.0,3.8,1032.8,4.4,0.0,10.0,2.0,8.0,81.0,7.0,474.0
2023-02-10,Vlissingen,310,5.9,220.0,4.8,1036.3,7.5,0.0,12.0,3.0,9.0,91.0,7.0,722.0
2023-02-11,Vlissingen,310,4.8,251.0,7.2,1036.3,0.0,0.0,10.0,1.0,8.0,90.0,8.0,212.0
2023-02-12,Vlissingen,310,2.1,91.0,7.2,1038.4,1.7,0.0,5.0,1.0,4.0,79.0,8.0,397.0
2023-02-13,Vlissingen,310,2.6,103.0,7.0,1035.5,8.8,0.0,5.0,2.0,4.0,87.0,2.0,886.0
2023-02-14,Vlissingen,310,2.3,141.0,6.6,1031.8,8.8,0.0,5.0,0.0,4.0,88.0,0.0,898.0
2023-02-15,Vlissingen,310,4.1,179.0,6.9,1025.1,7.2,0.0,9.0,2.0,6.0,85.0,6.0,766.0
2023-02-16,Vlissingen,310,7.3,207.0,8.3,1021.7,1.1,0.6,16.0,5.0,10.0,90.0,8.0,391.0
2023-02-17,Vlissingen,310,11.8,233.0,9.4,1021.1,1.8,0.0,22.0,9.0,16.0,93.0,8.0,420.0
2023-02-18,Vlissingen,310,12.8,236.0,9.3,1020.2,1.6,0.2,20.0,7.0,16.0,92.0,8.0,435.0
2023-02-19,Vlissingen,310,6.6,255.0,8.2,1024.8,5.2,0.0,16.0,3.0,10.0,86.0,7.0,695.0
2023-02-20,Vlissingen,310,10.4,236.0,7.9,1023.3,1.1,0.0,17.0,8.0,13.0,92.0,8.0,403.0
2023-02-21,Vlissingen,310,4.6,211.0,7.4,1018.6,0.0,0.0,12.0,1.0,9.0,94.0,8.0,260.0
2023-02-22,Vlissingen,310,3.9,183.0,6.9,1012.0,0.0,3.0,10.0,1.0,8.0,96.0,8.0,359.0
2023-02-23,Vlissingen,310,3.4,353.0,7.4,1016.1,1.6,0.0,11.0,1.0,6.0,88.0,8.0,551.0
2023-02-24,Vlissingen,310,5.3,291.0,5.7,1010.8,1.1,1.6,13.0,2.0,10.0,80.0,7.0,335.0
2023-02-25,Vlissingen,310,6.0,358.0,5.3,1014.1,8.5,0.2,14.0,2.0,9.0,69.0,4.0,948.0
2023-02-26,Vlissingen,310,6.7,33.0,3.7,1025.3,9.9,0.0,16.0,3.0,11.0,63.0,2.0,1236.0
2023-02-27,Vlissingen,310,5.2,37.0,3.5,1030.2,8.8,0.0,12.0,3.0,9.0,69.0,3.0,1159.0
2023-02-28,Vlissingen,310,4.3,39.0,3.0,1031.0,5.0,0.7,11.0,3.0,7.0,71.0,4.0,792.0
2023-03-01,Vlissingen,310,4.7,29.0,3.3,1027.4,10.0,0.0,12.0,3.0,7.0,69.0,0.0,1299.0
2023-03-02,Vlissingen,310,5.8,26.0,3.9,1023.8,9.8,0.0,11.0,4.0,8.0,77.0,0.0,1283.0
2023-03-03,Vlissingen,310,4.9,13.0,4.9,1026.7,5.5,0.0,10.0,4.0,6.0,78.0,5.0,922.0
2023-03-04,Vlissingen,310,3.8,342.0,6.1,1026.3,3.6,0.5,11.0,1.0,6.0,82.0,7.0,709.0
2023-03-05,Vlissingen,310,3.2,285.0,4.5,1016.7,0.3,0.1,10.0,1.0,5.0,81.0,8.0,419.0
2023-03-06,Vlissingen,310,6.3,242.0,5.0,1004.8,1.6,15.9,17.0,1.0,12.0,82.0,8.0,667.0
2023-03-07,Vlissingen,310,4.0,278.0,3.7,999.3,0.0,10.5,16.0,2.0,7.0,88.0,8.0,387.0
2023-03-08,Vlissingen,310,6.8,71.0,1.9,993.0,0.0,7.4,14.0,3.0,9.0,92.0,8.0,320.0
2023-03-09,Vlissingen,310,4.3,100.0,4.7,993.2,0.1,13.6,8.0,2.0,6.0,96.0,8.0,351.0
2023-03-10,Vlissingen,310,7.4,286.0,5.5,994.1,1.6,6.0,23.0,4.0,14.0,86.0,7.0,418.0
2023-03-11,Vlissingen,310,2.5,147.0,4.7,1010.8,7.6,0.0,7.0,0.0,6.0,69.0,7.0,1150.0
2023-03-12,Vlissingen,310,9.4,212.0,7.7,1007.0,3.8,1.9,18.0,5.0,14.0,89.0,8.0,924.0
2023-03-13,Vlissingen,310,13.3,215.0,11.6,993.8,8.1,0.6,29.0,7.0,20.0,78.0,6.0,1205.0
2023-03-14,Vlissingen,310,7.4,272.0,6.8,1001.4,2.1,5.4,17.0,3.0,11.0,77.0,8.0,636.0
2023-03-15,Vlissingen,310,4.0,183.0,6.2,1017.1,9.4,0.1,11.0,1.0,7.0,73.0,7.0,1423.0
2023-03-16,Vlissingen,310,8.0,163.0,9.1,1010.6,6.0,0.5,13.0,6.0,11.0,72.0,8.0,1194.0
2023-03-17,Vlissingen,310,4.1,184.0,9.8,1006.4,0.7,0.0,10.0,2.0,6.0,81.0,8.0,681.0
2023-03-18,Vlissingen,310,6.3,175.0,10.0,1009.0,5.0,3.6,14.0,4.0,10.0,90.0,6.0,1090.0
2023-03-19,Vlissingen,310,4.7,233.0,7.6,1015.5,1.3,0.2,8.0,3.0,6.0,94.0,7.0,724.0
2023-03-20,Vlissingen,310,7.0,204.0,8.2,1018.2,0.3,0.2,11.0,6.0,8.0,92.0,8.0,435.0
2023-03-21,Vlissingen,310,6.7,198.0,9.6,1012.0,1.8,1.7,12.0,5.0,9.0,88.0,7.0,684.0
2023-03-22,Vlissingen,310,10.5,190.0,10.4,1004.4,0.2,1.6,17.0,8.0,13.0,87.0,8.0,415.0
2023-03-23,Vlissingen,310,10.5,201.0,11.8,1000.9,7.3,3.4,19.0,8.0,14.0,81.0,7.0,1325.0
2023-03-24,Vlissingen,310,11.3,223.0,10.2,1000.9,4.4,5.7,20.0,9.0,16.0,81.0,7.0,870.0
2023-03-25,Vlissingen,310,13.5,230.0,9.5,1004.3,5.1,1.2,25.0,5.0,18.0,83.0,7.0,1286.0
2023-03-26,Vlissingen,310,5.9,16.0,7.5,1006.5,1.2,6.3,15.0,3.0,10.0,82.0,7.0,566.0
2023-03-27,Vlissingen,310,5.0,319.0,5.5,1024.0,8.7,0.2,13.0,2.0,8.0,68.0,4.0,1569.0
2023-03-28,Vlissingen,310,7.0,171.0,6.0,1022.2,0.5,1.0,13.0,4.0,10.0,77.0,8.0,701.0
2023-03-29,Vlissingen,310,6.9,191.0,10.9,1011.2,0.9,0.1,12.0,5.0,9.0,83.0,8.0,783.0
2023-03-30,Vlissingen,310,10.5,224.0,11.4,1005.7,7.8,0.2,18.0,8.0,14.0,84.0,7.0,1348.0
2023-03-31,Vlissingen,310,12.5,208.0,10.1,992.1,0.0,20.1,21.0,8.0,17.0,91.0,8.0,425.0
2023-04-01,Vlissingen,310,7.2,304.0,8.5,1002.2,0.0,8.3,15.0,6.0,10.0,95.0,8.0,450.0
2023-04-02,Vlissingen,310,5.7,18.0,6.5,1023.0,5.2,0.0,13.0,3.0,8.0,79.0,5.0,1157.0
2023-04-03,Vlissingen,310,5.7,53.0,6.3,1030.0,11.8,0.0,12.0,4.0,7.0,63.0,1.0,2103.0
2023-04-04,Vlissingen,310,4.0,54.0,6.1,1027.9,11.8,0.0,9.0,3.0,7.0,63.0,3.0,2084.0
2023-04-05,Vlissingen,310,1.8,81.0,8.0,1021.5,12.1,0.0,5.0,0.0,3.0,66.0,8.0,1977.0
2023-04-06,Vlissingen,310,6.2,202.0,8.5,1014.5,0.0,6.5,12.0,2.0,10.0,90.0,8.0,302.0
2023-04-07,Vlissingen,310,4.4,318.0,8.4,1019.7,0.5,0.0,11.0,3.0,7.0,86.0,7.0,751.0
2023-04-08,Vlissingen,310,3.1,347.0,9.3,1025.3,3.9,0.0,8.0,1.0,5.0,84.0,6.0,1018.0
2023-04-09,Vlissingen,310,3.0,96.0,10.9,1022.9,9.2,0.0,8.0,1.0,6.0,79.0,4.0,1896.0
2023-04-10,Vlissingen,310,9.4,186.0,10.7,1012.7,1.0,4.3,17.0,6.0,13.0,81.0,7.0,567.0
2023-04-11,Vlissingen,310,10.0,230.0,9.8,1010.8,9.3,2.7,18.0,4.0,13.0,77.0,4.0,1957.0
2023-04-12,Vlissingen,310,10.6,208.0,9.2,996.5,7.4,10.2,21.0,7.0,15.0,79.0,7.0,1555.0
2023-04-13,Vlissingen,310,10.8,242.0,9.1,1002.5,9.1,1.1,21.0,5.0,16.0,74.0,5.0,2027.0
2023-04-14,Vlissingen,310,5.3,154.0,9.7,1007.2,9.9,0.0,11.0,1.0,8.0,76.0,6.0,1990.0
2023-04-15,Vlissingen,310,6.0,355.0,10.1,1016.4,10.9,1.0,14.0,2.0,9.0,75.0,5.0,2207.0
2023-04-16,Vlissingen,310,4.5,342.0,8.6,1026.0,4.5,0.0,11.0,3.0,6.0,81.0,8.0,1451.0
2023-04-17,Vlissingen,310,4.6,7.0,9.5,1027.2,5.7,0.0,9.0,3.0,6.0,88.0,5.0,1230.0
2023-04-18,Vlissingen,310,7.0,46.0,9.9,1025.9,8.1,0.0,14.0,5.0,9.0,74.0,3.0,1604.0
2023-04-19,Vlissingen,310,8.0,42.0,11.3,1024.3,11.3,0.0,16.0,6.0,11.0,62.0,2.0,2342.0
2023-04-20,Vlissingen,310,6.3,30.0,8.3,1018.3,1.1,0.0,14.0,4.0,9.0,69.0,6.0,778.0
2023-04-21,Vlissingen,310,5.6,65.0,10.3,1011.0,10.7,2.3,19.0,3.0,13.0,76.0,6.0,2185.0
2023-04-22,Vlissingen,310,2.9,152.0,9.7,1007.0,3.5,0.4,8.0,1.0,6.0,88.0,8.0,856.0
2023-04-23,Vlissingen,310,7.5,189.0,10.9,1002.2,3.5,19.2,15.0,4.0,10.0,87.0,8.0,991.0
2023-04-24,Vlissingen,310,6.5,288.0,9.0,1008.2,3.9,4.6,15.0,3.0,11.0,77.0,8.0,1462.0
2023-04-25,Vlissingen,310,4.3,332.0,7.4,1017.1,8.3,1.7,12.0,2.0,7.0,67.0,5.0,1836.0
2023-04-26,Vlissingen,310,2.6,13.0,7.4,1019.9,6.7,0.0,8.0,1.0,5.0,68.0,6.0,1824.0
2023-04-27,Vlissingen,310,6.2,91.0,10.1,1017.9,7.4,0.0,10.0,5.0,7.0,62.0,7.0,1861.0
2023-04-28,Vlissingen,310,7.3,245.0,11.1,1011.9,1.1,0.4,14.0,3.0,11.0,90.0,8.0,997.0
2023-04-29,Vlissingen,310,4.2,360.0,10.6,1020.9,6.9,0.0,8.0,3.0,5.0,74.0,6.0,1760.0
2023-04-30,Vlissingen,310,3.5,58.0,12.8,1021.3,12.7,0.0,7.0,2.0,5.0,73.0,8.0,2378.0
2023-05-01,Vlissingen,310,4.1,284.0,12.6,1017.3,7.7,0.0,9.0,1.0,7.0,81.0,5.0,1978.0
2023-05-02,Vlissingen,310,5.1,3.0,10.1,1026.7,12.1,0.0,11.0,3.0,6.0,70.0,4.0,2580.0
2023-05-03,Vlissingen,310,5.7,52.0,10.9,1026.2,13.8,0.0,11.0,4.0,8.0,63.0,6.0,2628.0
2023-05-04,Vlissingen,310,5.5,90.0,14.5,1016.7,8.7,7.2,25.0,4.0,8.0,68.0,8.0,2324.0
2023-05-05,Vlissingen,310,2.8,217.0,13.8,1016.1,5.1,3.3,8.0,1.0,4.0,89.0,6.0,1286.0
2023-05-06,Vlissingen,310,2.7,118.0,14.5,1015.9,5.4,0.2,7.0,1.0,5.0,87.0,8.0,1566.0
2023-05-07,Vlissingen,310,2.7,302.0,15.2,1017.9,4.5,0.0,7.0,1.0,4.0,87.0,6.0,1492.0
2023-05-08,Vlissingen,310,3.7,215.0,12.9,1020.6,0.5,0.0,8.0,2.0,5.0,92.0,8.0,820.0
2023-05-09,Vlissingen,310,5.7,202.0,13.3,1011.1,0.9,16.3,10.0,4.0,7.0,95.0,8.0,497.0
2023-05-10,Vlissingen,310,4.5,251.0,12.7,1012.3,5.1,0.0,12.0,1.0,7.0,90.0,8.0,1605.0
2023-05-11,Vlissingen,310,4.3,271.0,13.2,1015.9,6.9,0.0,8.0,3.0,6.0,87.0,7.0,2009.0
2023-05-12,Vlissingen,310,6.2,12.0,14.4,1018.4,2.7,3.3,16.0,4.0,9.0,84.0,8.0,979.0
2023-05-13,Vlissingen,310,6.8,344.0,13.2,1021.9,14.2,0.0,13.0,5.0,9.0,85.0,3.0,2698.0
2023-05-14,Vlissingen,310,4.5,327.0,11.6,1019.2,9.8,0.0,10.0,1.0,6.0,87.0,7.0,2348.0
2023-05-15,Vlissingen,310,5.7,314.0,10.6,1017.9,0.2,5.2,14.0,2.0,9.0,86.0,7.0,438.0
2023-05-16,Vlissingen,310,4.4,313.0,10.9,1023.8,11.5,0.0,10.0,2.0,7.0,73.0,2.0,2544.0
2023-05-17,Vlissingen,310,4.5,348.0,11.5,1028.2,12.3,0.0,10.0,2.0,7.0,72.0,6.0,2734.0
2023-05-18,Vlissingen,310,4.4,22.0,11.2,1028.0,13.6,0.0,9.0,3.0,6.0,69.0,4.0,2755.0
2023-05-19,Vlissingen,310,5.4,5.0,13.5,1025.6,14.3,0.0,12.0,3.0,8.0,71.0,3.0,2811.0
2023-05-20,Vlissingen,310,6.8,15.0,15.4,1021.7,12.6,0.0,14.0,4.0,10.0,69.0,3.0,2619.0
2023-05-21,Vlissingen,310,5.8,350.0,14.5,1018.2,7.0,0.0,12.0,3.0,9.0,82.0,6.0,2100.0
2023-05-22,Vlissingen,310,5.1,314.0,13.5,1018.1,3.8,0.0,12.0,3.0,7.0,90.0,7.0,1603.0
2023-05-23,Vlissingen,310,6.7,352.0,12.1,1024.5,8.0,0.0,14.0,2.0,9.0,74.0,5.0,2036.0
2023-05-24,Vlissingen,310,3.9,331.0,12.9,1025.3,9.7,0.0,9.0,1.0,6.0,73.0,6.0,2557.0
2023-05-25,Vlissingen,310,5.8,15.0,13.4,1028.3,9.6,0.0,12.0,3.0,9.0,75.0,3.0,2107.0
2023-05-26,Vlissingen,310,7.0,29.0,13.3,1030.0,14.9,0.0,13.0,4.0,8.0,68.0,2.0,2970.0
2023-05-27,Vlissingen,310,5.0,19.0,14.5,1025.0,15.0,0.0,9.0,4.0,6.0,72.0,1.0,2960.0
2023-05-28,Vlissingen,310,6.6,8.0,16.0,1021.7,13.2,0.0,15.0,4.0,11.0,76.0,5.0,2714.0
2023-05-29,Vlissingen,310,8.2,14.0,13.1,1025.7,13.2,0.0,16.0,6.0,10.0,71.0,5.0,2715.0
2023-05-30,Vlissingen,310,6.3,14.0,12.9,1027.2,9.6,0.0,13.0,3.0,8.0,78.0,4.0,2487.0
2023-05-31,Vlissingen,310,6.8,10.0,15.5,1024.5,15.0,0.0,12.0,5.0,8.0,78.0,2.0,2981.0
2023-06-01,Vlissingen,310,7.0,7.0,13.1,1023.4,9.2,0.0,14.0,6.0,9.0,77.0,5.0,2699.0
2023-06-02,Vlissingen,310,6.2,9.0,13.1,1022.4,5.2,0.0,12.0,5.0,7.0,74.0,5.0,1696.0
2023-06-03,Vlissingen,310,6.2,21.0,16.8,1021.4,15.0,0.0,14.0,4.0,8.0,62.0,0.0,3015.0
2023-06-04,Vlissingen,310,6.3,11.0,16.0,1022.4,15.1,0.0,13.0,5.0,8.0,65.0,1.0,2969.0
2023-06-05,Vlissingen,310,7.1,3.0,14.1,1022.3,15.1,0.0,13.0,6.0,9.0,78.0,0.0,2934.0
2023-06-06,Vlissingen,310,6.6,5.0,15.0,1021.2,14.6,0.0,12.0,5.0,8.0,78.0,1.0,2916.0
2023-06-07,Vlissingen,310,6.0,7.0,16.1,1020.2,11.6,0.0,10.0,5.0,7.0,77.0,4.0,2719.0
2023-06-08,Vlissingen,310,5.8,11.0,17.9,1016.6,13.8,0.0,10.0,4.0,7.0,74.0,0.0,2873.0
2023-06-09,Vlissingen,310,5.5,49.0,22.0,1013.1,15.1,0.0,12.0,3.0,9.0,58.0,0.0,2904.0
2023-06-10,Vlissingen,310,5.9,66.0,24.3,1013.9,15.0,0.0,11.0,5.0,7.0,50.0,0.0,2859.0
2023-06-11,Vlissingen,310,3.9,73.0,24.2,1014.0,13.5,0.0,13.0,2.0,7.0,58.0,3.0,2865.0
2023-06-12,Vlissingen,310,5.3,37.0,23.3,1014.2,15.3,0.0,12.0,1.0,8.0,53.0,3.0,2981.0
2023-06-13,Vlissingen,310,5.8,44.0,22.8,1013.2,13.6,0.0,11.0,4.0,8.0,47.0,1.0,2924.0
2023-06-14,Vlissingen,310,4.7,45.0,22.1,1016.5,15.3,0.0,12.0,3.0,7.0,45.0,2.0,3017.0
2023-06-15,Vlissingen,310,4.2,19.0,21.2,1019.5,15.1,0.0,11.0,1.0,8.0,55.0,0.0,2965.0
2023-06-16,Vlissingen,310,3.6,6.0,20.7,1018.6,15.3,0.0,8.0,1.0,5.0,59.0,2.0,2993.0
2023-06-17,Vlissingen,310,3.4,69.0,21.7,1014.7,8.4,0.0,7.0,1.0,5.0,55.0,7.0,2181.0
2023-06-18,Vlissingen,310,5.9,116.0,20.9,1010.3,2.0,3.9,16.0,3.0,9.0,76.0,8.0,1489.0
2023-06-19,Vlissingen,310,5.4,232.0,20.5,1011.9,9.4,0.1,15.0,2.0,11.0,73.0,6.0,2491.0
2023-06-20,Vlissingen,310,4.8,154.0,20.9,1010.2,5.3,17.6,20.0,2.0,9.0,83.0,8.0,1520.0
2023-06-21,Vlissingen,310,4.9,257.0,19.0,1017.2,15.0,0.0,11.0,1.0,8.0,79.0,5.0,2967.0
2023-06-22,Vlissingen,310,3.8,347.0,18.9,1018.2,5.0,0.3,8.0,2.0,5.0,82.0,7.0,1098.0
2023-06-23,Vlissingen,310,3.5,261.0,20.2,1024.0,14.0,0.0,10.0,1.0,6.0,70.0,4.0,2734.0
2023-06-24,Vlissingen,310,4.1,262.0,19.9,1023.5,15.2,0.0,8.0,1.0,6.0,75.0,0.0,3007.0
2023-06-25,Vlissingen,310,3.9,193.0,23.9,1015.8,15.3,0.0,14.0,1.0,10.0,65.0,1.0,2955.0
2023-06-26,Vlissingen,310,8.3,252.0,19.0,1018.9,13.3,0.0,14.0,7.0,11.0,71.0,5.0,2788.0
2023-06-27,Vlissingen,310,4.4,271.0,18.8,1020.7,4.9,1.5,9.0,3.0,6.0,65.0,8.0,1885.0
2023-06-28,Vlissingen,310,4.3,224.0,19.2,1017.8,0.6,0.0,7.0,3.0,5.0,83.0,8.0,1065.0
2023-06-29,Vlissingen,310,5.4,271.0,17.7,1015.3,2.0,0.0,11.0,1.0,9.0,82.0,7.0,1224.0
2023-06-30,Vlissingen,310,7.3,225.0,18.1,1012.7,7.7,0.1,16.0,1.0,12.0,69.0,5.0,2275.0
2023-07-01,Vlissingen,310,9.0,231.0,18.1,1005.7,1.3,3.6,14.0,6.0,11.0,87.0,8.0,1311.0
2023-07-02,Vlissingen,310,8.1,249.0,17.8,1010.9,9.1,0.0,16.0,4.0,13.0,62.0,6.0,2693.0
2023-07-03,Vlissingen,310,11.3,228.0,17.2,1010.8,6.9,1.3,22.0,8.0,15.0,73.0,6.0,2305.0
2023-07-04,Vlissingen,310,7.8,238.0,17.8,1010.2,4.3,2.7,29.0,1.0,13.0,68.0,7.0,1873.0
2023-07-05,Vlissingen,310,13.1,239.0,16.5,1009.9,9.4,11.3,25.0,8.0,19.0,77.0,6.0,2536.0
2023-07-06,Vlissingen,310,4.9,240.0,17.4,1017.5,12.5,0.0,10.0,2.0,8.0,71.0,5.0,2558.0
2023-07-07,Vlissingen,310,5.9,96.0,22.4,1017.5,14.7,0.0,9.0,5.0,7.0,59.0,2.0,2852.0
2023-07-08,Vlissingen,310,2.9,36.0,23.9,1015.9,10.9,0.0,9.0,1.0,5.0,63.0,4.0,2342.0
2023-07-09,Vlissingen,310,3.6,297.0,20.6,1019.4,4.8,0.0,12.0,1.0,6.0,74.0,7.0,1504.0
2023-07-10,Vlissingen,310,3.7,253.0,20.4,1020.4,13.9,0.0,8.0,1.0,5.0,66.0,5.0,2826.0
2023-07-11,Vlissingen,310,7.2,239.0,20.5,1011.6,11.3,0.8,15.0,4.0,10.0,75.0,6.0,2517.0
2023-07-12,Vlissingen,310,10.1,236.0,18.4,1012.1,12.7,3.1,17.0,8.0,13.0,77.0,5.0,2789.0
2023-07-13,Vlissingen,310,8.8,236.0,18.3,1016.8,12.5,0.1,15.0,6.0,11.0,76.0,5.0,2679.0
2023-07-14,Vlissingen,310,6.3,160.0,20.0,1010.8,2.0,0.0,12.0,4.0,9.0,70.0,8.0,1505.0
2023-07-15,Vlissingen,310,8.8,217.0,20.2,1005.0,7.8,2.7,18.0,4.0,14.0,69.0,5.0,1798.0
2023-07-16,Vlissingen,310,10.4,218.0,18.7,1012.3,7.4,0.1,17.0,7.0,13.0,69.0,7.0,2074.0
2023-07-17,Vlissingen,310,8.7,230.0,17.6,1018.9,10.1,0.3,17.0,6.0,13.0,73.0,4.0,1942.0
2023-07-18,Vlissingen,310,3.3,228.0,18.7,1018.2,10.0,0.0,8.0,1.0,7.0,70.0,7.0,2610.0
2023-07-19,Vlissingen,310,7.1,256.0,18.6,1014.6,4.0,0.0,14.0,4.0,10.0,76.0,7.0,1707.0
2023-07-20,Vlissingen,310,2.5,301.0,18.0,1015.1,6.6,0.0,7.0,2.0,4.0,68.0,5.0,1772.0
2023-07-21,Vlissingen,310,4.9,258.0,17.5,1013.0,9.0,6.2,12.0,1.0,8.0,70.0,7.0,2443.0
2023-07-22,Vlissingen,310,7.0,215.0,17.1,1012.2,1.8,1.8,14.0,5.0,11.0,81.0,8.0,1199.0
2023-07-23,Vlissingen,310,9.2,212.0,18.5,1005.3,3.7,2.2,16.0,5.0,12.0,83.0,8.0,1362.0
2023-07-24,Vlissingen,310,6.5,262.0,17.4,1004.7,5.4,0.6,13.0,3.0,9.0,79.0,8.0,1838.0
2023-07-25,Vlissingen,310,5.0,296.0,16.9,1009.7,10.2,0.0,11.0,2.0,7.0,63.0,6.0,2477.0
2023-07-26,Vlissingen,310,5.4,240.0,17.7,1012.3,10.9,3.2,10.0,4.0,7.0,67.0,5.0,2647.0
2023-07-27,Vlissingen,310,10.1,220.0,17.6,1004.7,0.0,16.0,19.0,7.0,15.0,95.0,8.0,469.0
2023-07-28,Vlissingen,310,6.0,232.0,18.9,1007.0,2.0,0.1,13.0,3.0,10.0,89.0,8.0,912.0
2023-07-29,Vlissingen,310,8.1,228.0,18.6,1007.6,7.5,2.7,15.0,6.0,12.0,80.0,5.0,1706.0
2023-07-30,Vlissingen,310,11.2,225.0,17.3,1011.2,4.8,18.2,19.0,7.0,14.0,87.0,7.0,1740.0
2023-07-31,Vlissingen,310,10.4,217.0,17.6,1005.0,0.3,10.3,17.0,7.0,12.0,92.0,8.0,583.0
2023-08-01,Vlissingen,310,9.9,247.0,17.8,1001.2,7.2,8.3,17.0,6.0,13.0,81.0,7.0,1876.0
2023-08-02,Vlissingen,310,11.0,208.0,18.1,990.6,4.0,14.9,21.0,6.0,16.0,87.0,8.0,1377.0
2023-08-03,Vlissingen,310,7.7,286.0,17.0,1002.9,1.8,6.4,21.0,3.0,17.0,82.0,7.0,1037.0
2023-08-04,Vlissingen,310,4.3,313.0,17.0,1015.7,7.2,1.2,11.0,2.0,6.0,81.0,6.0,1761.0
2023-08-05,Vlissingen,310,7.0,157.0,15.7,1008.9,0.3,9.2,14.0,3.0,10.0,89.0,8.0,775.0
2023-08-06,Vlissingen,310,9.0,305.0,15.2,1011.4,4.2,12.6,21.0,3.0,12.0,79.0,6.0,1059.0
2023-08-07,Vlissingen,310,8.0,260.0,16.6,1017.5,12.9,0.0,15.0,6.0,12.0,72.0,3.0,2561.0
2023-08-08,Vlissingen,310,8.2,244.0,16.6,1014.3,3.3,26.7,17.0,3.0,13.0,81.0,8.0,1478.0
2023-08-09,Vlissingen,310,3.3,267.0,16.9,1018.0,11.7,0.0,10.0,1.0,6.0,78.0,4.0,2461.0
2023-08-10,Vlissingen,310,3.7,127.0,19.8,1020.7,13.7,0.0,7.0,2.0,5.0,69.0,1.0,2462.0
2023-08-11,Vlissingen,310,4.8,228.0,19.7,1018.8,4.0,0.0,12.0,2.0,8.0,85.0,6.0,1456.0
2023-08-12,Vlissingen,310,7.2,233.0,19.0,1016.0,9.3,14.7,13.0,2.0,10.0,84.0,6.0,2179.0
2023-08-13,Vlissingen,310,5.7,213.0,18.5,1016.1,5.7,0.0,11.0,4.0,7.0,83.0,7.0,1481.0
2023-08-14,Vlissingen,310,5.2,193.0,19.9,1013.1,9.3,0.0,12.0,3.0,7.0,76.0,6.0,2201.0
2023-08-15,Vlissingen,310,4.0,246.0,18.6,1016.7,8.5,0.9,8.0,0.0,6.0,82.0,4.0,1953.0
2023-08-16,Vlissingen,310,3.1,36.0,19.7,1020.6,11.6,0.0,8.0,1.0,5.0,77.0,6.0,2223.0
2023-08-17,Vlissingen,310,5.0,43.0,19.1,1019.2,4.5,0.0,10.0,3.0,7.0,81.0,6.0,1429.0
2023-08-18,Vlissingen,310,4.0,75.0,21.0,1014.5,4.2,0.0,9.0,2.0,7.0,87.0,7.0,1623.0
2023-08-19,Vlissingen,310,6.6,237.0,20.8,1015.9,7.5,0.0,14.0,3.0,10.0,83.0,6.0,1618.0
2023-08-20,Vlissingen,310,3.3,253.0,20.3,1022.8,12.7,0.0,7.0,0.0,5.0,74.0,2.0,2286.0
2023-08-21,Vlissingen,310,3.5,256.0,19.7,1023.4,13.1,0.0,7.0,1.0,5.0,82.0,3.0,2373.0
2023-08-22,Vlissingen,310,4.2,242.0,19.0,1021.0,7.4,0.0,8.0,2.0,7.0,85.0,4.0,1672.0
2023-08-23,Vlissingen,310,3.3,268.0,19.6,1019.8,12.3,0.0,7.0,2.0,4.0,80.0,3.0,2247.0
2023-08-24,Vlissingen,310,4.7,150.0,20.6,1012.3,2.9,6.9,11.0,2.0,8.0,88.0,6.0,995.0
2023-08-25,Vlissingen,310,4.2,255.0,18.9,1008.7,3.6,0.0,11.0,1.0,8.0,86.0,7.0,1376.0
2023-08-26,Vlissingen,310,6.8,213.0,16.9,1009.7,9.0,2.3,14.0,2.0,9.0,81.0,5.0,1636.0
2023-08-27,Vlissingen,310,7.5,232.0,16.7,1009.8,9.0,6.0,13.0,3.0,10.0,81.0,5.0,1845.0
2023-08-28,Vlissingen,310,3.0,318.0,16.6,1013.2,5.2,5.5,7.0,1.0,4.0,81.0,5.0,960.0
2023-08-29,Vlissingen,310,4.3,235.0,16.7,1011.6,6.5,0.0,9.0,1.0,6.0,73.0,4.0,1569.0
2023-08-30,Vlissingen,310,6.6,242.0,15.5,1007.2,8.2,10.2,14.0,2.0,9.0,78.0,5.0,1795.0
2023-08-31,Vlissingen,310,5.0,211.0,16.1,1010.6,6.3,2.2,12.0,3.0,7.0,81.0,6.0,1367.0
2023-09-01,Vlissingen,310,3.0,169.0,17.7,1012.5,3.1,3.1,10.0,1.0,5.0,91.0,8.0,880.0
2023-09-02,Vlissingen,310,2.9,20.0,18.8,1021.0,3.4,0.0,6.0,1.0,4.0,88.0,8.0,1048.0
2023-09-03,Vlissingen,310,3.1,68.0,19.5,1027.2,10.3,0.0,8.0,1.0,6.0,77.0,6.0,1877.0
2023-09-04,Vlissingen,310,4.2,62.0,20.0,1023.4,10.8,0.0,9.0,3.0,6.0,73.0,5.0,1909.0
2023-09-05,Vlissingen,310,3.8,85.0,22.6,1017.8,12.3,0.0,7.0,2.0,6.0,68.0,1.0,2011.0
2023-09-06,Vlissingen,310,3.2,80.0,23.5,1018.7,12.3,0.0,6.0,1.0,5.0,73.0,2.0,1970.0
2023-09-07,Vlissingen,310,4.0,97.0,23.0,1017.3,12.1,0.0,7.0,2.0,6.0,68.0,1.0,1985.0
2023-09-08,Vlissingen,310,2.2,257.0,21.9,1016.5,11.2,0.0,8.0,1.0,6.0,80.0,3.0,1846.0
2023-09-09,Vlissingen,310,2.8,91.0,23.4,1016.3,11.7,0.0,6.0,0.0,5.0,75.0,0.0,1796.0
2023-09-10,Vlissingen,310,3.4,116.0,24.5,1015.6,10.8,0.0,7.0,2.0,5.0,74.0,4.0,1713.0
2023-09-11,Vlissingen,310,4.2,243.0,20.3,1013.4,4.0,2.8,9.0,2.0,7.0,87.0,6.0,1042.0
2023-09-12,Vlissingen,310,3.3,239.0,19.5,1013.3,2.6,0.0,7.0,2.0,6.0,90.0,8.0,866.0
2023-09-13,Vlissingen,310,5.3,356.0,18.1,1019.2,8.6,0.0,14.0,3.0,9.0,75.0,5.0,1524.0
2023-09-14,Vlissingen,310,2.8,101.0,18.3,1021.5,11.7,0.0,7.0,2.0,6.0,74.0,4.0,1766.0
2023-09-15,Vlissingen,310,4.2,93.0,19.8,1016.2,10.0,0.0,8.0,3.0,5.0,68.0,4.0,1702.0
2023-09-16,Vlissingen,310,3.9,56.0,20.9,1013.3,8.4,11.6,9.0,2.0,6.0,73.0,7.0,1516.0
2023-09-17,Vlissingen,310,3.9,63.0,19.3,1010.7,1.9,0.5,8.0,1.0,7.0,87.0,8.0,890.0
2023-09-18,Vlissingen,310,10.2,211.0,19.3,1003.7,7.3,5.5,21.0,3.0,15.0,79.0,6.0,1250.0
2023-09-19,Vlissingen,310,11.5,204.0,17.1,1008.6,1.9,0.7,20.0,9.0,14.0,79.0,8.0,746.0
2023-09-20,Vlissingen,310,10.1,180.0,19.4,1003.2,2.4,0.0,16.0,7.0,11.0,75.0,8.0,774.0
2023-09-21,Vlissingen,310,5.1,199.0,15.3,996.9,0.0,16.6,15.0,2.0,11.0,88.0,7.0,271.0
2023-09-22,Vlissingen,310,7.5,200.0,14.1,1001.6,2.8,3.5,13.0,4.0,10.0,84.0,7.0,780.0
2023-09-23,Vlissingen,310,7.5,227.0,14.7,1015.8,6.5,2.5,12.0,6.0,9.0,79.0,5.0,1178.0
2023-09-24,Vlissingen,310,7.3,168.0,16.1,1022.3,10.5,0.0,13.0,6.0,9.0,71.0,4.0,1554.0
2023-09-25,Vlissingen,310,4.4,165.0,17.1,1021.1,3.0,0.0,11.0,2.0,9.0,79.0,8.0,882.0
2023-09-26,Vlissingen,310,3.5,161.0,18.2,1019.5,5.1,0.0,7.0,2.0,5.0,82.0,7.0,1080.0
2023-09-27,Vlissingen,310,4.5,151.0,18.8,1016.2,3.1,0.0,11.0,1.0,8.0,84.0,8.0,945.0
2023-09-28,Vlissingen,310,6.5,191.0,17.8,1015.8,3.2,0.0,13.0,4.0,8.0,77.0,7.0,869.0
2023-09-29,Vlissingen,310,6.2,223.0,17.6,1018.4,2.8,0.4,13.0,3.0,9.0,80.0,7.0,598.0
2023-09-30,Vlissingen,310,3.5,191.0,16.2,1025.4,8.6,0.0,7.0,1.0,5.0,80.0,5.0,1257.0
2023-10-01,Vlissingen,310,4.3,199.0,18.3,1021.8,10.0,0.0,10.0,0.0,7.0,80.0,4.0,1380.0
2023-10-02,Vlissingen,310,3.7,161.0,19.4,1016.6,5.9,0.0,10.0,1.0,8.0,81.0,8.0,1065.0
2023-10-03,Vlissingen,310,10.2,251.0,17.2,1017.4,5.2,1.7,21.0,7.0,16.0,73.0,6.0,794.0
2023-10-04,Vlissingen,310,8.4,227.0,15.4,1025.8,6.0,0.0,15.0,6.0,12.0,77.0,7.0,888.0
2023-10-05,Vlissingen,310,6.9,222.0,15.6,1024.8,5.6,0.0,12.0,4.0,8.0,79.0,8.0,938.0
2023-10-06,Vlissingen,310,8.0,217.0,16.3,1023.4,5.9,0.0,13.0,6.0,10.0,82.0,6.0,961.0
2023-10-07,Vlissingen,310,9.7,241.0,18.1,1022.4,6.8,0.0,17.0,7.0,12.0,82.0,6.0,1107.0
2023-10-08,Vlissingen,310,3.5,245.0,18.1,1023.8,8.4,0.0,10.0,1.0,7.0,86.0,7.0,1141.0
2023-10-09,Vlissingen,310,4.8,245.0,17.4,1021.1,2.9,0.0,10.0,1.0,8.0,88.0,7.0,725.0
2023-10-10,Vlissingen,310,6.2,208.0,17.6,1017.4,7.5,0.0,12.0,3.0,9.0,79.0,7.0,1073.0
2023-10-11,Vlissingen,310,8.0,221.0,17.7,1013.2,1.8,0.4,14.0,5.0,10.0,84.0,8.0,509.0
2023-10-12,Vlissingen,310,7.2,212.0,17.1,1012.4,0.2,4.3,13.0,5.0,9.0,91.0,8.0,263.0
2023-10-13,Vlissingen,310,10.0,206.0,18.2,1003.4,0.4,20.6,22.0,6.0,15.0,85.0,8.0,365.0
2023-10-14,Vlissingen,310,6.3,286.0,12.7,1014.8,9.0,0.2,15.0,3.0,8.0,59.0,3.0,1097.0
2023-10-15,Vlissingen,310,5.1,304.0,10.4,1022.8,6.6,1.7,13.0,1.0,8.0,68.0,5.0,845.0
2023-10-16,Vlissingen,310,3.5,93.0,11.6,1021.9,7.1,0.0,10.0,1.0,7.0,70.0,8.0,892.0
2023-10-17,Vlissingen,310,7.5,68.0,11.1,1016.1,7.9,0.0,14.0,5.0,10.0,72.0,7.0,1036.0
2023-10-18,Vlissingen,310,8.8,93.0,12.4,999.9,2.7,11.0,17.0,6.0,13.0,79.0,8.0,646.0
2023-10-19,Vlissingen,310,7.4,139.0,16.2,988.2,2.5,0.1,14.0,6.0,9.0,87.0,8.0,433.0
2023-10-20,Vlissingen,310,7.3,146.0,14.8,978.6,0.2,22.3,13.0,5.0,9.0,92.0,7.0,100.0
2023-10-21,Vlissingen,310,10.9,176.0,13.6,989.3,2.4,7.7,18.0,7.0,14.0,87.0,7.0,395.0
2023-10-22,Vlissingen,310,6.4,219.0,13.0,1006.4,4.1,0.6,20.0,2.0,15.0,81.0,6.0,652.0
2023-10-23,Vlissingen,310,5.1,89.0,12.1,1008.4,2.4,8.8,11.0,2.0,7.0,89.0,7.0,497.0
2023-10-24,Vlissingen,310,8.3,203.0,12.2,1001.4,4.0,2.1,14.0,6.0,11.0,86.0,7.0,525.0
2023-10-25,Vlissingen,310,4.5,65.0,11.1,995.7,0.4,1.8,11.0,1.0,7.0,88.0,7.0,243.0
2023-10-26,Vlissingen,310,5.3,133.0,12.0,993.9,2.3,1.0,9.0,3.0,7.0,90.0,8.0,439.0
2023-10-27,Vlissingen,310,6.2,192.0,12.2,991.9,2.6,4.8,12.0,3.0,9.0,88.0,8.0,485.0
2023-10-28,Vlissingen,310,10.2,174.0,13.1,992.3,6.2,3.2,20.0,8.0,15.0,83.0,8.0,707.0
2023-10-29,Vlissingen,310,11.0,193.0,12.7,992.0,2.3,6.0,21.0,8.0,15.0,82.0,6.0,425.0
2023-10-30,Vlissingen,310,5.4,187.0,11.5,997.5,0.0,4.5,13.0,1.0,9.0,88.0,7.0,218.0
2023-10-31,Vlissingen,310,7.1,199.0,11.4,1001.9,3.0,10.1,14.0,5.0,11.0,92.0,7.0,404.0
2023-11-01,Vlissingen,310,10.1,175.0,12.6,995.8,1.7,2.0,17.0,6.0,12.0,85.0,7.0,382.0
2023-11-02,Vlissingen,310,17.2,176.0,11.0,972.3,0.4,20.2,30.0,12.0,22.0,83.0,8.0,212.0
2023-11-03,Vlissingen,310,12.3,200.0,10.3,983.1,5.4,12.0,25.0,10.0,18.0,83.0,7.0,616.0
2023-11-04,Vlissingen,310,9.6,167.0,10.0,974.9,0.2,8.3,18.0,6.0,13.0,89.0,6.0,167.0
2023-11-05,Vlissingen,310,10.2,226.0,11.3,980.1,2.2,1.3,21.0,8.0,16.0,83.0,7.0,283.0
2023-11-06,Vlissingen,310,10.3,201.0,10.1,1000.1,5.0,3.2,17.0,8.0,13.0,87.0,7.0,522.0
2023-11-07,Vlissingen,310,9.5,207.0,9.9,1008.5,8.2,1.4,15.0,7.0,10.0,85.0,4.0,714.0
2023-11-08,Vlissingen,310,11.3,184.0,9.9,1007.4,0.8,8.5,18.0,9.0,14.0,90.0,8.0,260.0
2023-11-09,Vlissingen,310,8.5,201.0,9.3,998.8,1.8,5.2,19.0,4.0,14.0,87.0,8.0,279.0
2023-11-10,Vlissingen,310,8.6,209.0,8.7,996.0,1.3,3.2,18.0,2.0,13.0,85.0,6.0,345.0
2023-11-11,Vlissingen,310,6.3,263.0,9.3,1005.4,4.6,0.0,13.0,4.0,9.0,73.0,5.0,522.0
2023-11-12,Vlissingen,310,4.1,153.0,7.4,1006.2,0.9,0.2,8.0,2.0,6.0,90.0,8.0,252.0
2023-11-13,Vlissingen,310,12.3,215.0,12.0,1000.5,2.5,6.0,27.0,4.0,18.0,86.0,5.0,230.0
2023-11-14,Vlissingen,310,10.6,238.0,12.1,1004.0,1.1,10.9,22.0,5.0,17.0,85.0,7.0,223.0
2023-11-15,Vlissingen,310,9.0,256.0,11.5,1014.8,5.0,0.0,16.0,6.0,12.0,75.0,5.0,452.0
2023-11-16,Vlissingen,310,3.5,130.0,8.4,1013.3,0.3,0.0,10.0,1.0,6.0,86.0,8.0,114.0
2023-11-17,Vlissingen,310,3.7,211.0,8.1,1020.1,3.5,6.3,7.0,1.0,6.0,86.0,7.0,357.0
2023-11-18,Vlissingen,310,9.3,182.0,10.2,1014.6,0.0,8.6,16.0,6.0,12.0,91.0,8.0,59.0
2023-11-19,Vlissingen,310,12.6,226.0,12.3,1008.5,5.4,2.3,21.0,10.0,15.0,84.0,5.0,433.0
2023-11-20,Vlissingen,310,5.9,222.0,10.1,1009.1,2.8,0.0,15.0,1.0,11.0,89.0,5.0,277.0
2023-11-21,Vlissingen,310,4.3,1.0,9.8,1019.4,6.0,0.8,12.0,1.0,7.0,88.0,6.0,431.0
2023-11-22,Vlissingen,310,4.9,216.0,7.9,1028.6,3.2,0.0,11.0,1.0,9.0,85.0,8.0,357.0
2023-11-23,Vlissingen,310,9.9,251.0,11.4,1021.3,6.8,0.1,17.0,7.0,13.0,87.0,5.0,489.0
2023-11-24,Vlissingen,310,9.3,318.0,8.0,1015.1,2.0,6.7,22.0,7.0,12.0,71.0,6.0,256.0
2023-11-25,Vlissingen,310,6.0,318.0,7.2,1015.9,2.0,14.2,18.0,1.0,8.0,78.0,6.0,275.0
2023-11-26,Vlissingen,310,5.5,224.0,7.1,1014.7,0.0,4.6,12.0,2.0,9.0,82.0,8.0,191.0
2023-11-27,Vlissingen,310,7.8,201.0,6.6,997.3,0.0,26.7,17.0,2.0,13.0,92.0,8.0,77.0
2023-11-28,Vlissingen,310,6.3,267.0,4.0,1006.4,5.7,0.2,15.0,2.0,9.0,75.0,4.0,457.0
2023-11-29,Vlissingen,310,5.3,264.0,4.9,1003.2,2.9,1.3,15.0,1.0,11.0,79.0,7.0,328.0
2023-11-30,Vlissingen,310,2.3,57.0,2.0,1002.1,4.1,0.0,6.0,1.0,4.0,94.0,6.0,359.0
2023-12-01,Vlissingen,310,3.7,60.0,0.2,1007.7,0.4,0.0,8.0,2.0,6.0,86.0,5.0,115.0
2023-12-02,Vlissingen,310,4.4,207.0,1.0,1014.9,7.2,0.0,10.0,1.0,8.0,90.0,3.0,494.0
2023-12-03,Vlissingen,310,9.2,166.0,2.1,1016.1,0.0,1.8,15.0,6.0,11.0,84.0,7.0,126.0
2023-12-04,Vlissingen,310,9.0,113.0,4.1,1001.9,0.0,8.1,15.0,5.0,12.0,82.0,8.0,82.0
2023-12-05,Vlissingen,310,3.4,359.0,4.4,1004.5,0.0,1.4,9.0,1.0,6.0,92.0,8.0,67.0
2023-12-06,Vlissingen,310,2.7,265.0,5.2,1016.5,2.4,3.3,8.0,0.0,5.0,84.0,6.0,230.0
2023-12-07,Vlissingen,310,8.3,124.0,4.2,1013.4,1.5,1.0,14.0,4.0,11.0,85.0,8.0,260.0
2023-12-08,Vlissingen,310,7.2,183.0,7.3,1006.9,3.3,2.0,13.0,5.0,10.0,93.0,7.0,280.0
2023-12-09,Vlissingen,310,11.4,201.0,8.6,999.1,0.0,6.4,21.0,7.0,16.0,87.0,7.0,65.0
2023-12-10,Vlissingen,310,12.6,226.0,9.6,1002.2,1.5,3.2,23.0,7.0,18.0,81.0,6.0,190.0
2023-12-11,Vlissingen,310,9.5,241.0,9.5,1003.4,0.6,0.8,21.0,4.0,16.0,83.0,7.0,158.0
2023-12-12,Vlissingen,310,5.6,176.0,8.6,1000.7,1.0,7.0,13.0,3.0,8.0,93.0,7.0,182.0
2023-12-13,Vlissingen,310,4.8,230.0,8.4,999.3,1.3,0.4,11.0,3.0,8.0,93.0,8.0,210.0
2023-12-14,Vlissingen,310,4.0,269.0,7.1,1020.5,1.7,1.1,11.0,1.0,7.0,84.0,8.0,192.0
2023-12-15,Vlissingen,310,4.3,246.0,8.7,1035.1,0.0,0.0,8.0,3.0,6.0,76.0,8.0,111.0
2023-12-16,Vlissingen,310,7.5,218.0,8.4,1038.7,0.0,0.8,13.0,6.0,9.0,92.0,7.0,79.0
2023-12-17,Vlissingen,310,7.8,207.0,8.1,1035.3,6.5,0.0,12.0,7.0,9.0,86.0,5.0,398.0
2023-12-18,Vlissingen,310,8.9,191.0,7.0,1029.5,0.5,0.0,13.0,6.0,10.0,89.0,8.0,117.0
2023-12-19,Vlissingen,310,8.2,221.0,8.3,1019.1,0.0,11.1,16.0,3.0,12.0,91.0,7.0,46.0
2023-12-20,Vlissingen,310,10.3,253.0,8.8,1014.9,0.8,0.3,17.0,8.0,14.0,82.0,6.0,176.0
2023-12-21,Vlissingen,310,14.1,251.0,10.3,1003.3,1.7,1.8,23.0,11.0,17.0,82.0,7.0,170.0
2023-12-22,Vlissingen,310,11.3,267.0,10.3,1008.0,0.0,0.9,21.0,10.0,15.0,80.0,8.0,126.0
2023-12-23,Vlissingen,310,13.4,242.0,9.9,1010.6,3.6,0.0,20.0,12.0,15.0,82.0,8.0,260.0
2023-12-24,Vlissingen,310,17.5,234.0,11.3,1005.5,0.0,9.2,27.0,15.0,19.0,90.0,8.0,61.0
2023-12-25,Vlissingen,310,14.1,233.0,11.0,1007.3,0.0,10.2,22.0,9.0,17.0,93.0,8.0,80.0
2023-12-26,Vlissingen,310,7.5,252.0,9.2,1015.5,3.6,1.1,18.0,2.0,14.0,78.0,7.0,273.0
2023-12-27,Vlissingen,310,9.8,175.0,9.2,1011.4,0.7,2.9,19.0,4.0,13.0,85.0,8.0,145.0
2023-12-28,Vlissingen,310,13.1,203.0,10.5,1008.8,1.3,0.8,19.0,12.0,14.0,77.0,8.0,209.0
2023-12-29,Vlissingen,310,11.6,224.0,10.1,1007.5,1.2,4.2,19.0,10.0,14.0,85.0,8.0,181.0
2023-12-30,Vlissingen,310,9.5,191.0,9.1,1009.0,3.1,0.0,20.0,7.0,14.0,83.0,8.0,273.0
2023-12-31,Vlissingen,310,13.1,187.0,8.9,994.7,0.7,4.1,21.0,11.0,15.0,80.0,8.0,177.0
2021-01-01,Eelde,280,2.7,223.0,1.9,1007.1,1.7,0.0,5.0,2.0,4.0,96.0,7.0,192.0
2021-01-02,Eelde,280,2.1,226.0,3.4,1012.9,0.0,0.4,5.0,0.0,3.0,97.0,8.0,118.0
2021-01-03,Eelde,280,4.9,47.0,3.5,1018.1,1.4,0.3,12.0,2.0,7.0,90.0,8.0,166.0
2021-01-04,Eelde,280,7.1,45.0,2.6,1019.9,0.0,0.5,13.0,6.0,8.0,84.0,8.0,92.0
2021-01-05,Eelde,280,5.6,49.0,2.5,1019.5,0.0,1.1,10.0,3.0,7.0,91.0,8.0,57.0
2021-01-06,Eelde,280,2.3,349.0,1.6,1016.3,0.0,1.0,6.0,0.0,4.0,91.0,8.0,82.0
2021-01-07,Eelde,280,1.9,280.0,1.6,1010.9,0.9,0.6,4.0,1.0,3.0,96.0,8.0,156.0
2021-01-08,Eelde,280,1.9,309.0,1.3,1015.7,2.2,0.5,5.0,1.0,3.0,95.0,7.0,245.0
2021-01-09,Eelde,280,1.1,230.0,0.2,1022.5,4.0,0.1,4.0,0.0,2.0,96.0,6.0,281.0
2021-01-10,Eelde,280,4.2,222.0,1.2,1021.6,1.5,0.2,9.0,1.0,6.0,96.0,8.0,165.0
2021-01-11,Eelde,280,7.8,223.0,4.9,1011.8,0.0,6.6,15.0,6.0,9.0,93.0,8.0,86.0
2021-01-12,Eelde,280,4.4,284.0,4.3,1006.7,3.7,10.5,16.0,3.0,7.0,86.0,6.0,301.0
2021-01-13,Eelde,280,5.3,288.0,3.5,1012.3,5.4,2.7,18.0,3.0,8.0,80.0,5.0,351.0
2021-01-14,Eelde,280,2.5,42.0,-0.6,1021.2,6.7,0.0,7.0,1.0,5.0,88.0,4.0,429.0
2021-01-15,Eelde,280,1.8,322.0,0.7,1028.2,0.0,0.0,6.0,0.0,4.0,82.0,8.0,99.0
2021-01-16,Eelde,280,3.5,192.0,0.3,1022.1,0.0,0.7,10.0,1.0,5.0,88.0,8.0,114.0
2021-01-17,Eelde,280,2.9,215.0,1.4,1017.3,0.2,5.0,6.0,2.0,4.0,97.0,6.0,123.0
2021-01-18,Eelde,280,5.2,231.0,3.5,1017.3,0.0,1.2,12.0,3.0,7.0,94.0,8.0,79.0
2021-01-19,Eelde,280,7.8,219.0,7.0,1002.5,0.0,14.2,17.0,5.0,11.0,93.0,8.0,92.0
2021-01-20,Eelde,280,8.3,196.0,8.5,993.6,0.0,1.0,16.0,7.0,10.0,77.0,8.0,135.0
2021-01-21,Eelde,280,9.5,203.0,7.1,985.1,4.6,6.1,22.0,2.0,13.0,76.0,7.0,347.0
2021-01-22,Eelde,280,5.7,227.0,3.5,989.8,3.5,2.9,13.0,3.0,9.0,88.0,6.0,345.0
2021-01-23,Eelde,280,3.4,197.0,1.6,993.8,0.4,0.8,12.0,0.0,7.0,93.0,8.0,168.0
2021-01-24,Eelde,280,2.0,264.0,-0.2,997.2,3.7,0.2,8.0,1.0,4.0,93.0,7.0,387.0
2021-01-25,Eelde,280,3.0,215.0,-0.4,1003.2,6.9,8.4,10.0,1.0,6.0,91.0,6.0,531.0
2021-01-26,Eelde,280,2.6,252.0,2.1,1013.5,7.1,0.0,7.0,1.0,4.0,91.0,7.0,481.0
2021-01-27,Eelde,280,3.7,215.0,3.2,1009.3,0.0,4.1,8.0,3.0,5.0,95.0,8.0,125.0
2021-01-28,Eelde,280,2.6,96.0,2.1,1004.0,0.0,0.2,8.0,1.0,4.0,91.0,8.0,143.0
2021-01-29,Eelde,280,4.7,73.0,2.0,994.1,0.0,17.8,12.0,2.0,7.0,95.0,8.0,68.0
2021-01-30,Eelde,280,3.1,69.0,-1.8,1004.8,3.8,0.0,8.0,1.0,5.0,89.0,5.0,367.0
2021-01-31,Eelde,280,1.8,86.0,-2.9,1003.0,7.8,0.0,6.0,0.0,4.0,86.0,5.0,645.0
2021-02-01,Eelde,280,2.8,58.0,-1.6,996.7,1.8,0.0,7.0,1.0,5.0,87.0,8.0,326.0
2021-02-02,Eelde,280,3.2,93.0,0.3,1000.0,0.3,4.0,7.0,1.0,5.0,90.0,8.0,190.0
2021-02-03,Eelde,280,2.5,182.0,5.5,995.9,0.2,8.5,8.0,1.0,5.0,98.0,8.0,169.0
2021-02-04,Eelde,280,2.5,56.0,2.3,1011.8,0.6,1.1,6.0,1.0,4.0,95.0,8.0,251.0
2021-02-05,Eelde,280,4.8,88.0,2.4,1013.4,0.0,6.3,10.0,4.0,6.0,97.0,8.0,135.0
2021-02-06,Eelde,280,8.1,82.0,0.0,1013.4,0.0,0.0,17.0,6.0,10.0,79.0,8.0,160.0
2021-02-07,Eelde,280,11.4,69.0,-4.4,1006.6,0.0,2.7,20.0,10.0,13.0,82.0,8.0,131.0
2021-02-08,Eelde,280,8.0,66.0,-3.3,1005.1,0.0,0.5,17.0,4.0,10.0,69.0,8.0,285.0
2021-02-09,Eelde,280,4.9,46.0,-2.9,1009.2,5.1,0.0,11.0,1.0,7.0,75.0,6.0,496.0
2021-02-10,Eelde,280,2.7,40.0,-3.8,1016.5,6.0,0.0,9.0,1.0,5.0,81.0,7.0,637.0
2021-02-11,Eelde,280,1.7,51.0,-4.5,1030.5,8.1,0.0,6.0,0.0,4.0,76.0,5.0,848.0
2021-02-12,Eelde,280,3.8,73.0,-6.1,1037.6,8.5,0.0,9.0,2.0,6.0,75.0,0.0,985.0
2021-02-13,Eelde,280,2.6,101.0,-6.2,1041.4,8.8,0.0,7.0,2.0,4.0,71.0,0.0,939.0
2021-02-14,Eelde,280,4.2,138.0,-2.7,1035.9,8.4,0.0,12.0,2.0,7.0,57.0,7.0,792.0
2021-02-15,Eelde,280,5.2,185.0,1.6,1022.0,0.0,4.6,11.0,3.0,6.0,79.0,8.0,127.0
2021-02-16,Eelde,280,3.9,194.0,5.3,1012.6,1.0,2.9,9.0,3.0,6.0,92.0,8.0,362.0
2021-02-17,Eelde,280,5.2,220.0,7.7,1013.2,0.0,1.0,12.0,4.0,7.0,92.0,8.0,239.0
2021-02-18,Eelde,280,5.0,177.0,8.4,1008.7,3.1,8.2,13.0,4.0,6.0,81.0,7.0,450.0
2021-02-19,Eelde,280,5.0,194.0,6.7,1013.7,6.1,0.0,10.0,4.0,7.0,82.0,5.0,748.0
2021-02-20,Eelde,280,5.1,167.0,11.7,1011.8,7.1,0.0,11.0,4.0,7.0,71.0,7.0,805.0
2021-02-21,Eelde,280,3.3,170.0,10.1,1013.4,8.6,0.0,9.0,1.0,5.0,75.0,4.0,856.0
2021-02-22,Eelde,280,3.4,185.0,10.4,1018.2,6.5,0.0,11.0,2.0,7.0,66.0,2.0,714.0
2021-02-23,Eelde,280,4.7,203.0,11.9,1026.9,4.9,0.0,15.0,2.0,9.0,76.0,6.0,674.0
2021-02-24,Eelde,280,5.0,197.0,13.0,1026.5,7.1,0.0,12.0,3.0,8.0,72.0,7.0,709.0
2021-02-25,Eelde,280,4.3,254.0,10.4,1025.9,7.8,0.0,11.0,2.0,7.0,79.0,7.0,903.0
2021-02-26,Eelde,280,3.6,300.0,6.1,1034.0,8.6,0.0,10.0,2.0,6.0,85.0,5.0,943.0
2021-02-27,Eelde,280,2.0,274.0,4.2,1040.1,4.2,0.0,6.0,1.0,3.0,93.0,5.0,668.0
2021-02-28,Eelde,280,1.4,57.0,2.2,1038.4,2.4,0.0,5.0,1.0,3.0,98.0,8.0,619.0
2021-03-01,Eelde,280,3.2,66.0,4.1,1035.4,5.4,0.0,8.0,1.0,5.0,95.0,7.0,861.0
2021-03-02,Eelde,280,2.8,86.0,4.9,1031.7,6.5,0.0,7.0,1.0,4.0,89.0,4.0,988.0
2021-03-03,Eelde,280,2.4,272.0,2.9,1026.7,3.0,0.0,7.0,1.0,4.0,95.0,6.0,567.0
2021-03-04,Eelde,280,3.2,336.0,3.4,1021.9,0.7,0.0,9.0,1.0,5.0,86.0,7.0,355.0
2021-03-05,Eelde,280,2.1,349.0,1.0,1030.2,8.6,0.0,9.0,1.0,4.0,74.0,2.0,1125.0
2021-03-06,Eelde,280,2.1,281.0,1.8,1032.9,1.8,0.0,6.0,1.0,3.0,87.0,7.0,548.0
2021-03-07,Eelde,280,3.1,266.0,3.3,1024.7,0.0,1.1,9.0,1.0,5.0,83.0,8.0,332.0
2021-03-08,Eelde,280,2.2,197.0,3.9,1021.8,3.0,3.8,8.0,1.0,5.0,88.0,8.0,696.0
2021-03-09,Eelde,280,2.2,350.0,4.0,1017.0,0.0,1.6,7.0,0.0,4.0,91.0,8.0,282.0
2021-03-10,Eelde,280,5.2,182.0,5.1,1011.5,0.0,6.6,18.0,1.0,10.0,85.0,8.0,344.0
2021-03-11,Eelde,280,10.5,232.0,8.0,992.9,2.1,13.3,25.0,6.0,17.0,83.0,7.0,440.0
2021-03-12,Eelde,280,7.9,233.0,5.6,999.6,3.1,6.6,18.0,3.0,11.0,83.0,7.0,605.0
2021-03-13,Eelde,280,9.9,242.0,6.0,990.0,2.8,10.6,22.0,5.0,13.0,83.0,8.0,654.0
2021-03-14,Eelde,280,5.3,265.0,6.1,1005.8,7.6,3.8,12.0,3.0,8.0,83.0,6.0,1135.0
2021-03-15,Eelde,280,6.1,304.0,5.7,1012.2,2.5,0.6,15.0,3.0,9.0,86.0,6.0,696.0
2021-03-16,Eelde,280,4.3,317.0,5.9,1022.3,7.3,0.1,10.0,3.0,6.0,81.0,8.0,1200.0
2021-03-17,Eelde,280,3.4,354.0,3.5,1026.0,6.8,1.3,12.0,1.0,6.0,80.0,7.0,1174.0
2021-03-18,Eelde,280,2.4,359.0,2.9,1023.3,1.6,0.1,8.0,1.0,4.0,89.0,7.0,557.0
2021-03-19,Eelde,280,3.3,17.0,3.4,1026.8,10.3,0.0,10.0,1.0,5.0,79.0,2.0,1512.0
2021-03-20,Eelde,280,3.3,262.0,3.2,1027.2,1.4,0.3,9.0,0.0,6.0,90.0,7.0,667.0
2021-03-21,Eelde,280,5.7,324.0,5.8,1022.7,1.7,0.3,14.0,3.0,7.0,79.0,8.0,665.0
2021-03-22,Eelde,280,3.5,310.0,5.7,1024.4,0.5,0.0,8.0,2.0,5.0,81.0,8.0,540.0
2021-03-23,Eelde,280,3.5,238.0,7.1,1023.9,2.0,0.0,8.0,2.0,5.0,81.0,8.0,909.0
2021-03-24,Eelde,280,3.9,232.0,7.2,1020.9,10.7,0.0,11.0,2.0,7.0,80.0,5.0,1554.0
2021-03-25,Eelde,280,3.5,216.0,7.0,1018.8,6.9,0.2,10.0,1.0,6.0,81.0,5.0,1099.0
2021-03-26,Eelde,280,5.7,197.0,9.9,1013.3,3.7,0.1,14.0,3.0,9.0,68.0,7.0,1086.0
2021-03-27,Eelde,280,6.0,246.0,5.3,1017.6,6.7,2.9,18.0,3.0,8.0,81.0,7.0,1125.0
2021-03-28,Eelde,280,8.0,222.0,8.1,1022.7,1.3,1.1,19.0,4.0,12.0,82.0,8.0,589.0
2021-03-29,Eelde,280,6.5,236.0,11.2,1026.0,11.0,0.0,14.0,3.0,9.0,72.0,3.0,1742.0
2021-03-30,Eelde,280,2.5,223.0,11.1,1028.8,11.8,0.0,7.0,0.0,4.0,63.0,3.0,1866.0
2021-03-31,Eelde,280,1.5,279.0,13.0,1021.3,11.2,0.0,5.0,1.0,3.0,64.0,3.0,1773.0
2021-04-01,Eelde,280,3.9,356.0,7.0,1023.6,8.9,0.0,11.0,1.0,6.0,81.0,4.0,1552.0
2021-04-02,Eelde,280,4.8,334.0,5.9,1025.9,0.5,0.1,12.0,3.0,7.0,76.0,7.0,672.0
2021-04-03,Eelde,280,4.1,335.0,6.5,1027.5,4.5,0.0,11.0,2.0,6.0,74.0,7.0,1359.0
2021-04-04,Eelde,280,5.2,255.0,6.1,1020.3,1.6,0.0,13.0,3.0,8.0,78.0,8.0,627.0
2021-04-05,Eelde,280,7.0,296.0,2.8,1007.1,6.2,5.9,21.0,3.0,11.0,79.0,7.0,1281.0
2021-04-06,Eelde,280,5.4,292.0,1.9,1009.4,8.3,2.7,18.0,2.0,9.0,78.0,6.0,1454.0
2021-04-07,Eelde,280,5.6,284.0,2.8,1013.7,5.2,4.5,16.0,3.0,10.0,84.0,7.0,1109.0
2021-04-08,Eelde,280,5.7,226.0,4.9,1019.1,1.4,0.1,14.0,1.0,10.0,71.0,8.0,978.0
2021-04-09,Eelde,280,4.6,244.0,6.2,1012.4,1.2,1.0,11.0,1.0,7.0,82.0,8.0,638.0
2021-04-10,Eelde,280,4.5,44.0,4.5,1014.0,1.2,9.3,13.0,0.0,7.0,81.0,8.0,1042.0
2021-04-11,Eelde,280,4.9,339.0,2.9,1013.7,1.7,0.8,13.0,2.0,6.0,86.0,6.0,744.0
2021-04-12,Eelde,280,4.0,254.0,2.4,1025.2,9.0,2.9,13.0,2.0,6.0,81.0,3.0,1451.0
2021-04-13,Eelde,280,4.2,292.0,3.5,1031.0,8.9,0.4,13.0,1.0,7.0,77.0,3.0,1609.0
2021-04-14,Eelde,280,3.0,338.0,4.2,1031.0,9.5,1.1,10.0,1.0,6.0,77.0,5.0,1768.0
2021-04-15,Eelde,280,2.8,29.0,4.9,1031.3,11.1,0.0,9.0,0.0,6.0,68.0,4.0,1937.0
2021-04-16,Eelde,280,3.5,11.0,5.6,1029.1,13.2,0.0,10.0,1.0,6.0,70.0,0.0,2274.0
2021-04-17,Eelde,280,3.4,351.0,5.6,1026.0,12.3,0.0,10.0,1.0,6.0,76.0,1.0,2125.0
2021-04-18,Eelde,280,2.4,4.0,7.8,1022.7,10.0,0.0,10.0,0.0,5.0,75.0,3.0,2069.0
2021-04-19,Eelde,280,2.7,75.0,9.6,1020.9,8.3,0.0,9.0,1.0,5.0,79.0,4.0,1809.0
2021-04-20,Eelde,280,2.1,34.0,10.4,1017.7,11.9,0.0,7.0,0.0,5.0,68.0,1.0,2245.0
2021-04-21,Eelde,280,3.8,348.0,6.5,1019.8,7.3,0.0,12.0,1.0,7.0,72.0,7.0,1570.0
2021-04-22,Eelde,280,4.5,321.0,6.1,1025.9,3.6,0.0,12.0,1.0,6.0,67.0,6.0,1367.0
2021-04-23,Eelde,280,2.9,316.0,5.4,1029.2,11.1,0.0,9.0,1.0,5.0,73.0,4.0,2120.0
2021-04-24,Eelde,280,3.8,6.0,6.2,1028.6,13.0,0.0,12.0,0.0,6.0,67.0,7.0,2386.0
2021-04-25,Eelde,280,3.3,4.0,6.2,1027.4,3.6,0.0,8.0,0.0,5.0,64.0,5.0,1311.0
2021-04-26,Eelde,280,2.7,10.0,4.7,1021.0,13.5,0.0,9.0,1.0,5.0,69.0,3.0,2469.0
2021-04-27,Eelde,280,3.7,83.0,7.5,1012.3,13.6,0.0,10.0,1.0,5.0,57.0,2.0,2498.0
2021-04-28,Eelde,280,4.8,40.0,9.5,1006.2,10.2,0.0,11.0,3.0,7.0,57.0,5.0,2240.0
2021-04-29,Eelde,280,3.1,357.0,8.2,1003.8,0.2,16.4,9.0,1.0,5.0,89.0,8.0,282.0
2021-04-30,Eelde,280,1.6,341.0,8.2,1012.6,1.2,2.4,6.0,1.0,4.0,88.0,8.0,885.0
2021-05-01,Eelde,280,2.9,267.0,7.9,1012.8,2.6,0.0,8.0,0.0,5.0,84.0,8.0,1146.0
2021-05-02,Eelde,280,5.0,303.0,6.2,1017.1,3.6,0.3,12.0,2.0,7.0,78.0,7.0,1308.0
2021-05-03,Eelde,280,4.6,207.0,8.6,1013.6,2.3,3.3,16.0,1.0,8.0,76.0,8.0,1122.0
2021-05-04,Eelde,280,10.3,233.0,8.2,992.9,3.4,7.8,21.0,8.0,12.0,84.0,8.0,1010.0
2021-05-05,Eelde,280,7.6,267.0,6.4,1001.4,7.3,4.5,20.0,4.0,11.0,76.0,7.0,1596.0
2021-05-06,Eelde,280,2.8,264.0,4.9,1005.9,6.9,7.7,12.0,1.0,5.0,85.0,6.0,1466.0
2021-05-07,Eelde,280,3.9,268.0,6.4,1013.3,11.2,0.0,13.0,1.0,7.0,75.0,4.0,2291.0
2021-05-08,Eelde,280,4.0,167.0,8.3,1011.4,3.0,7.8,12.0,1.0,8.0,82.0,7.0,1080.0
2021-05-09,Eelde,280,3.7,171.0,17.9,1001.6,7.2,1.2,15.0,1.0,5.0,72.0,6.0,1592.0
2021-05-10,Eelde,280,4.5,199.0,15.9,1004.4,4.3,0.2,19.0,1.0,11.0,77.0,8.0,1293.0
2021-05-11,Eelde,280,2.9,68.0,13.0,1009.1,0.1,0.5,8.0,1.0,5.0,89.0,8.0,777.0
2021-05-12,Eelde,280,3.1,290.0,12.7,1010.6,12.0,0.0,9.0,0.0,5.0,78.0,6.0,2453.0
2021-05-13,Eelde,280,2.8,26.0,10.4,1008.6,13.7,0.0,7.0,1.0,4.0,80.0,6.0,2680.0
2021-05-14,Eelde,280,2.6,311.0,9.6,1007.8,1.0,0.0,6.0,1.0,4.0,81.0,8.0,1159.0
2021-05-15,Eelde,280,2.0,119.0,10.3,1003.0,3.3,4.7,9.0,1.0,3.0,84.0,8.0,1212.0
2021-05-16,Eelde,280,2.9,222.0,10.7,999.7,3.9,2.5,12.0,0.0,7.0,86.0,7.0,1479.0
2021-05-17,Eelde,280,2.4,272.0,10.6,1003.3,2.4,1.6,9.0,1.0,5.0,86.0,8.0,1382.0
2021-05-18,Eelde,280,2.2,262.0,9.9,1011.9,4.5,2.2,11.0,1.0,4.0,84.0,5.0,1413.0
2021-05-19,Eelde,280,1.8,230.0,8.7,1016.1,3.4,7.6,9.0,0.0,4.0,90.0,5.0,1093.0
2021-05-20,Eelde,280,3.5,201.0,11.1,1015.6,7.0,0.0,11.0,1.0,6.0,74.0,6.0,1930.0
2021-05-21,Eelde,280,8.1,217.0,12.3,999.8,6.5,5.6,23.0,5.0,11.0,68.0,7.0,1543.0
2021-05-22,Eelde,280,7.3,228.0,10.2,1000.0,0.7,5.6,16.0,3.0,10.0,82.0,8.0,807.0
2021-05-23,Eelde,280,3.7,217.0,10.0,1011.0,4.7,1.9,13.0,1.0,8.0,77.0,8.0,1318.0
2021-05-24,Eelde,280,3.7,181.0,11.5,1007.4,1.2,4.1,11.0,1.0,6.0,85.0,8.0,924.0
2021-05-25,Eelde,280,4.0,244.0,9.7,1009.5,2.7,6.0,11.0,3.0,6.0,87.0,7.0,1312.0
2021-05-26,Eelde,280,5.4,255.0,10.2,1008.7,3.1,4.2,13.0,3.0,8.0,87.0,8.0,1287.0
2021-05-27,Eelde,280,4.9,305.0,10.8,1016.2,3.4,6.6,12.0,2.0,6.0,86.0,7.0,1301.0
2021-05-28,Eelde,280,2.8,321.0,11.8,1024.6,11.8,0.0,8.0,1.0,4.0,80.0,5.0,2530.0
2021-05-29,Eelde,280,2.5,352.0,11.5,1027.5,5.8,0.0,7.0,1.0,4.0,81.0,6.0,1874.0
2021-05-30,Eelde,280,2.5,22.0,12.4,1028.3,14.6,0.0,7.0,1.0,5.0,78.0,2.0,2954.0
2021-05-31,Eelde,280,2.9,64.0,15.1,1023.5,10.6,0.0,10.0,2.0,5.0,76.0,3.0,2633.0
2021-06-01,Eelde,280,3.7,75.0,17.7,1018.8,15.4,0.0,10.0,2.0,7.0,62.0,3.0,3014.0
2021-06-02,Eelde,280,3.3,61.0,18.1,1016.1,13.3,0.0,7.0,2.0,5.0,66.0,6.0,2688.0
2021-06-03,Eelde,280,2.8,206.0,20.2,1018.1,7.3,0.0,10.0,1.0,5.0,74.0,7.0,2196.0
2021-06-04,Eelde,280,2.2,333.0,18.9,1020.5,12.1,0.0,7.0,0.0,4.0,81.0,6.0,2699.0
2021-06-05,Eelde,280,2.9,298.0,15.8,1020.1,0.5,7.0,7.0,1.0,4.0,94.0,8.0,704.0
2021-06-06,Eelde,280,3.4,314.0,13.7,1023.5,0.4,0.0,7.0,2.0,4.0,90.0,7.0,717.0
2021-06-07,Eelde,280,2.7,359.0,15.3,1024.3,15.4,0.0,7.0,1.0,4.0,74.0,2.0,3016.0
2021-06-08,Eelde,280,1.8,33.0,16.3,1023.7,11.5,0.0,7.0,1.0,4.0,76.0,5.0,2722.0
2021-06-09,Eelde,280,1.8,288.0,18.6,1021.4,13.2,0.0,8.0,0.0,5.0,72.0,2.0,2516.0
2021-06-10,Eelde,280,2.1,281.0,18.3,1020.2,13.4,0.0,8.0,0.0,4.0,73.0,3.0,2714.0
2021-06-11,Eelde,280,3.5,254.0,19.0,1018.3,11.9,0.0,9.0,0.0,6.0,81.0,6.0,2384.0
2021-06-12,Eelde,280,4.8,300.0,15.4,1020.6,6.8,0.0,14.0,2.0,8.0,77.0,6.0,1922.0
2021-06-13,Eelde,280,2.2,272.0,15.2,1026.6,15.4,0.0,7.0,1.0,4.0,71.0,0.0,2989.0
2021-06-14,Eelde,280,3.8,267.0,18.6,1020.6,15.0,0.0,10.0,1.0,6.0,68.0,3.0,2906.0
2021-06-15,Eelde,280,2.5,16.0,15.6,1021.2,11.8,0.0,7.0,1.0,4.0,72.0,5.0,2639.0
2021-06-16,Eelde,280,2.3,105.0,20.1,1014.6,14.0,0.0,6.0,1.0,3.0,66.0,2.0,2752.0
2021-06-17,Eelde,280,3.8,210.0,24.5,1011.1,14.4,0.0,11.0,1.0,7.0,67.0,3.0,2744.0
2021-06-18,Eelde,280,3.8,31.0,20.7,1012.9,5.5,23.7,12.0,1.0,6.0,84.0,6.0,2001.0
2021-06-19,Eelde,280,4.8,249.0,18.8,1012.8,4.0,0.0,11.0,2.0,7.0,84.0,7.0,1682.0
2021-06-20,Eelde,280,4.6,320.0,17.5,1007.9,6.5,9.7,13.0,2.0,9.0,83.0,8.0,1710.0
2021-06-21,Eelde,280,4.1,7.0,13.0,1011.3,1.0,13.3,10.0,1.0,6.0,90.0,7.0,636.0
2021-06-22,Eelde,280,3.2,348.0,13.8,1018.1,5.6,0.0,9.0,1.0,5.0,71.0,6.0,1830.0
2021-06-23,Eelde,280,2.8,352.0,13.7,1022.0,4.2,0.0,7.0,1.0,4.0,75.0,6.0,1771.0
2021-06-24,Eelde,280,2.0,17.0,14.1,1020.6,5.6,0.0,6.0,1.0,3.0,78.0,6.0,1683.0
2021-06-25,Eelde,280,1.9,200.0,15.4,1017.5,4.9,0.0,8.0,0.0,4.0,81.0,6.0,1557.0
2021-06-26,Eelde,280,2.3,43.0,19.0,1019.4,7.3,0.0,7.0,0.0,4.0,80.0,7.0,2152.0
2021-06-27,Eelde,280,4.2,42.0,18.7,1017.6,10.6,0.0,10.0,2.0,6.0,81.0,4.0,2564.0
2021-06-28,Eelde,280,2.8,28.0,19.9,1013.8,6.7,0.0,7.0,2.0,4.0,80.0,8.0,2112.0
2021-06-29,Eelde,280,2.8,330.0,16.7,1010.6,0.0,0.6,9.0,1.0,4.0,93.0,8.0,570.0
2021-06-30,Eelde,280,2.8,317.0,13.9,1011.3,0.0,9.0,6.0,2.0,4.0,94.0,8.0,484.0
2021-07-01,Eelde,280,4.0,281.0,16.6,1013.2,2.4,3.0,8.0,3.0,5.0,90.0,8.0,1194.0
2021-07-02,Eelde,280,2.8,245.0,16.4,1016.5,6.8,0.0,9.0,0.0,5.0,84.0,5.0,1852.0
2021-07-03,Eelde,280,1.6,88.0,18.1,1014.9,9.5,0.0,6.0,0.0,4.0,78.0,5.0,2487.0
2021-07-04,Eelde,280,2.4,175.0,18.6,1009.3,2.2,9.3,8.0,1.0,4.0,89.0,7.0,1346.0
2021-07-05,Eelde,280,3.0,195.0,17.0,1007.5,4.2,8.2,9.0,1.0,5.0,88.0,7.0,1532.0
2021-07-06,Eelde,280,5.7,191.0,17.8,1004.8,2.9,0.6,16.0,2.0,9.0,78.0,6.0,1293.0
2021-07-07,Eelde,280,3.3,198.0,17.3,1014.7,9.0,0.2,10.0,0.0,6.0,78.0,5.0,1995.0
2021-07-08,Eelde,280,1.8,354.0,17.6,1020.5,8.2,0.0,8.0,0.0,4.0,82.0,5.0,2131.0
2021-07-09,Eelde,280,1.8,345.0,17.3,1020.8,6.8,0.0,6.0,0.0,4.0,81.0,6.0,1988.0
2021-07-10,Eelde,280,2.0,42.0,17.0,1016.7,6.1,0.0,7.0,0.0,4.0,80.0,6.0,1852.0
2021-07-11,Eelde,280,2.9,55.0,19.0,1015.9,8.8,0.3,8.0,1.0,5.0,81.0,6.0,1836.0
2021-07-12,Eelde,280,1.5,31.0,20.1,1011.4,1.5,0.0,6.0,0.0,3.0,85.0,8.0,1470.0
2021-07-13,Eelde,280,3.0,332.0,19.5,1010.4,0.7,0.9,7.0,2.0,4.0,95.0,8.0,769.0
2021-07-14,Eelde,280,4.5,343.0,20.5,1010.2,1.9,5.0,11.0,3.0,6.0,88.0,8.0,1316.0
2021-07-15,Eelde,280,5.3,354.0,18.4,1015.6,0.5,5.7,12.0,4.0,6.0,88.0,8.0,664.0
2021-07-16,Eelde,280,3.5,324.0,17.3,1022.2,0.1,0.0,8.0,2.0,5.0,83.0,7.0,969.0
2021-07-17,Eelde,280,3.8,328.0,18.9,1025.4,15.1,0.0,10.0,1.0,6.0,80.0,0.0,2820.0
2021-07-18,Eelde,280,3.3,317.0,18.8,1023.2,11.4,0.0,10.0,1.0,7.0,80.0,5.0,2433.0
2021-07-19,Eelde,280,3.0,328.0,16.8,1022.1,6.9,0.0,8.0,1.0,4.0,73.0,6.0,1969.0
2021-07-20,Eelde,280,1.8,4.0,16.9,1021.9,6.8,0.0,7.0,0.0,4.0,74.0,5.0,1970.0
2021-07-21,Eelde,280,2.0,313.0,17.6,1023.4,3.9,0.0,6.0,1.0,3.0,78.0,7.0,1446.0
2021-07-22,Eelde,280,2.3,337.0,17.4,1022.4,9.9,0.0,8.0,1.0,4.0,72.0,5.0,2439.0
2021-07-23,Eelde,280,1.8,6.0,17.2,1018.0,0.1,0.0,6.0,1.0,4.0,79.0,7.0,1046.0
2021-07-24,Eelde,280,3.7,68.0,19.4,1010.4,7.4,10.1,9.0,2.0,5.0,79.0,6.0,1998.0
2021-07-25,Eelde,280,3.3,221.0,19.7,1007.5,3.8,12.8,10.0,0.0,6.0,86.0,7.0,1477.0
2021-07-26,Eelde,280,2.9,185.0,20.2,1009.2,11.2,0.0,10.0,1.0,6.0,80.0,5.0,2400.0
2021-07-27,Eelde,280,4.3,209.0,19.0,1009.7,5.0,0.7,9.0,2.0,6.0,83.0,7.0,1880.0
2021-07-28,Eelde,280,5.3,206.0,17.1,1007.5,5.3,3.5,20.0,3.0,9.0,86.0,6.0,1451.0
2021-07-29,Eelde,280,7.1,228.0,16.0,1007.9,10.6,1.5,16.0,3.0,10.0,75.0,5.0,1859.0
2021-07-30,Eelde,280,3.8,198.0,16.5,1006.0,5.9,5.8,11.0,2.0,5.0,80.0,7.0,1606.0
2021-07-31,Eelde,280,6.0,242.0,16.8,1004.4,4.6,7.4,14.0,3.0,9.0,86.0,8.0,1407.0
2021-08-01,Eelde,280,3.1,280.0,15.7,1008.7,3.1,1.1,9.0,2.0,5.0,85.0,7.0,1305.0
2021-08-02,Eelde,280,3.3,273.0,14.8,1013.3,5.0,0.5,10.0,1.0,5.0,81.0,6.0,1447.0
2021-08-03,Eelde,280,1.9,8.0,15.2,1014.0,7.1,0.0,6.0,0.0,4.0,75.0,7.0,1894.0
2021-08-04,Eelde,280,3.0,47.0,16.7,1014.0,6.7,0.0,8.0,1.0,4.0,75.0,6.0,1870.0
2021-08-05,Eelde,280,2.2,107.0,17.8,1008.1,9.6,0.3,8.0,1.0,3.0,79.0,3.0,2121.0
2021-08-06,Eelde,280,3.8,183.0,17.3,1001.8,4.3,17.2,14.0,2.0,6.0,88.0,7.0,1385.0
2021-08-07,Eelde,280,3.5,191.0,17.0,1001.4,7.3,5.8,13.0,1.0,6.0,82.0,6.0,1808.0
2021-08-08,Eelde,280,6.3,206.0,16.5,1005.9,6.2,11.4,16.0,3.0,10.0,83.0,7.0,1530.0
2021-08-09,Eelde,280,4.6,202.0,15.7,1013.3,3.4,5.8,12.0,3.0,7.0,86.0,8.0,1279.0
2021-08-10,Eelde,280,3.5,232.0,16.0,1015.1,5.8,2.1,10.0,1.0,6.0,85.0,5.0,1466.0
2021-08-11,Eelde,280,2.2,216.0,17.4,1018.6,11.0,0.0,8.0,0.0,4.0,82.0,4.0,2025.0
2021-08-12,Eelde,280,2.4,226.0,18.7,1019.0,10.2,0.0,9.0,0.0,5.0,80.0,7.0,2151.0
2021-08-13,Eelde,280,3.8,235.0,17.3,1020.0,5.2,0.0,12.0,0.0,8.0,83.0,6.0,1497.0
2021-08-14,Eelde,280,4.3,236.0,17.4,1018.5,6.6,0.0,13.0,1.0,7.0,82.0,8.0,1584.0
2021-08-15,Eelde,280,3.4,232.0,18.6,1011.4,9.6,0.2,12.0,1.0,7.0,81.0,6.0,2022.0
2021-08-16,Eelde,280,6.1,269.0,15.7,1008.8,4.1,5.5,17.0,3.0,9.0,81.0,7.0,1321.0
2021-08-17,Eelde,280,4.7,260.0,15.6,1013.9,4.3,0.0,12.0,2.0,7.0,80.0,7.0,1294.0
2021-08-18,Eelde,280,4.8,253.0,16.4,1012.5,0.7,0.0,11.0,3.0,6.0,85.0,8.0,884.0
2021-08-19,Eelde,280,2.3,248.0,15.9,1012.2,0.2,9.3,8.0,1.0,4.0,93.0,8.0,549.0
2021-08-20,Eelde,280,2.3,250.0,16.8,1015.8,4.1,0.0,6.0,0.0,3.0,89.0,8.0,1251.0
2021-08-21,Eelde,280,1.6,149.0,18.6,1017.4,5.2,0.0,5.0,1.0,3.0,82.0,7.0,1708.0
2021-08-22,Eelde,280,3.3,65.0,17.7,1014.7,0.8,17.0,10.0,1.0,6.0,93.0,8.0,687.0
2021-08-23,Eelde,280,3.9,28.0,17.5,1025.1,11.9,0.0,9.0,2.0,6.0,76.0,2.0,2156.0
2021-08-24,Eelde,280,3.0,24.0,17.0,1028.8,10.6,0.0,7.0,1.0,4.0,81.0,4.0,1860.0
2021-08-25,Eelde,280,3.4,303.0,14.7,1021.4,4.4,1.2,10.0,1.0,5.0,87.0,7.0,1092.0
2021-08-26,Eelde,280,4.4,348.0,16.6,1015.0,9.6,0.0,14.0,2.0,7.0,74.0,6.0,1732.0
2021-08-27,Eelde,280,4.4,350.0,15.9,1017.5,4.1,4.0,13.0,2.0,7.0,83.0,7.0,1157.0
2021-08-28,Eelde,280,4.6,2.0,16.5,1020.5,2.3,2.4,12.0,2.0,7.0,81.0,8.0,1011.0
2021-08-29,Eelde,280,4.0,358.0,16.6,1019.6,0.2,1.4,12.0,3.0,5.0,88.0,8.0,408.0
2021-08-30,Eelde,280,3.8,5.0,17.6,1021.5,8.7,0.0,10.0,2.0,6.0,84.0,5.0,1660.0
2021-08-31,Eelde,280,3.3,334.0,16.1,1025.7,2.7,0.0,9.0,2.0,5.0,83.0,7.0,932.0
2021-09-01,Eelde,280,1.6,304.0,15.2,1028.1,0.0,0.0,5.0,1.0,3.0,82.0,7.0,611.0
2021-09-02,Eelde,280,1.2,333.0,13.7,1027.2,3.8,0.0,4.0,0.0,2.0,84.0,5.0,1024.0
2021-09-03,Eelde,280,2.2,23.0,13.8,1022.4,5.3,0.0,7.0,0.0,4.0,83.0,6.0,1322.0
2021-09-04,Eelde,280,2.6,43.0,15.4,1020.4,6.9,0.0,7.0,1.0,4.0,77.0,5.0,1539.0
2021-09-05,Eelde,280,2.3,66.0,13.8,1022.9,7.6,0.0,7.0,1.0,4.0,86.0,4.0,1610.0
2021-09-06,Eelde,280,0.7,68.0,14.9,1024.6,7.0,0.0,5.0,0.0,2.0,80.0,8.0,1446.0
2021-09-07,Eelde,280,1.3,145.0,18.4,1023.4,8.6,0.0,5.0,1.0,3.0,77.0,6.0,1603.0
2021-09-08,Eelde,280,2.6,92.0,18.9,1017.1,12.2,0.0,9.0,1.0,4.0,72.0,1.0,1845.0
2021-09-09,Eelde,280,2.2,144.0,19.6,1010.4,10.5,0.0,6.0,1.0,3.0,76.0,3.0,1671.0
2021-09-10,Eelde,280,2.1,196.0,19.3,1012.1,0.7,9.1,10.0,1.0,4.0,91.0,8.0,667.0
2021-09-11,Eelde,280,3.8,222.0,18.0,1014.7,1.6,0.8,10.0,2.0,6.0,91.0,8.0,705.0
2021-09-12,Eelde,280,3.3,249.0,16.4,1016.8,3.5,1.0,8.0,2.0,5.0,86.0,8.0,1025.0
2021-09-13,Eelde,280,1.6,356.0,14.4,1019.0,3.8,0.0,5.0,0.0,3.0,84.0,5.0,1016.0
2021-09-14,Eelde,280,2.5,88.0,16.9,1014.9,8.2,0.0,7.0,1.0,4.0,81.0,6.0,1480.0
2021-09-15,Eelde,280,3.5,233.0,17.5,1010.4,0.6,0.0,9.0,2.0,5.0,88.0,7.0,632.0
2021-09-16,Eelde,280,3.7,268.0,15.4,1015.1,3.7,0.3,11.0,2.0,6.0,86.0,6.0,907.0
2021-09-17,Eelde,280,1.5,60.0,14.5,1016.0,1.4,0.0,5.0,1.0,3.0,87.0,8.0,762.0
2021-09-18,Eelde,280,1.6,88.0,14.9,1017.6,7.4,0.0,6.0,1.0,3.0,82.0,7.0,1401.0
2021-09-19,Eelde,280,3.6,90.0,14.1,1017.7,8.1,0.0,9.0,2.0,5.0,78.0,8.0,1299.0
2021-09-20,Eelde,280,2.2,73.0,12.1,1023.6,5.4,0.0,7.0,0.0,4.0,78.0,8.0,1128.0
2021-09-21,Eelde,280,3.0,245.0,13.0,1028.8,2.9,0.0,10.0,1.0,6.0,83.0,8.0,830.0
2021-09-22,Eelde,280,3.1,226.0,13.8,1025.9,7.4,0.0,8.0,1.0,5.0,88.0,5.0,1183.0
2021-09-23,Eelde,280,5.4,249.0,14.4,1015.4,0.5,0.6,15.0,3.0,9.0,87.0,6.0,499.0
2021-09-24,Eelde,280,5.3,233.0,16.7,1013.5,2.6,0.0,15.0,2.0,9.0,84.0,8.0,785.0
2021-09-25,Eelde,280,2.4,208.0,17.9,1014.9,0.6,0.0,7.0,1.0,5.0,90.0,8.0,548.0
2021-09-26,Eelde,280,2.0,159.0,17.9,1014.3,5.8,0.0,7.0,1.0,4.0,87.0,6.0,952.0
2021-09-27,Eelde,280,3.8,191.0,15.1,1014.0,1.0,11.9,14.0,2.0,7.0,90.0,5.0,693.0
2021-09-28,Eelde,280,3.0,188.0,13.0,1020.3,8.4,0.0,8.0,1.0,5.0,82.0,4.0,1228.0
2021-09-29,Eelde,280,4.6,217.0,10.9,1014.4,0.0,7.4,13.0,3.0,7.0,90.0,8.0,256.0
2021-09-30,Eelde,280,6.2,214.0,11.8,1020.2,6.6,0.3,13.0,4.0,8.0,78.0,6.0,1019.0
2021-10-01,Eelde,280,5.9,193.0,13.3,1012.7,0.8,3.1,14.0,3.0,8.0,81.0,8.0,579.0
2021-10-02,Eelde,280,4.4,171.0,14.0,1004.8,1.8,6.9,15.0,2.0,8.0,87.0,8.0,668.0
2021-10-03,Eelde,280,4.0,207.0,12.9,999.6,0.0,20.3,13.0,0.0,8.0,93.0,8.0,199.0
2021-10-04,Eelde,280,5.4,189.0,13.4,1012.9,7.7,0.0,13.0,3.0,9.0,76.0,4.0,1152.0
2021-10-05,Eelde,280,4.5,159.0,12.6,1005.5,6.2,2.3,10.0,3.0,6.0,82.0,6.0,947.0
2021-10-06,Eelde,280,3.1,190.0,10.7,1012.4,3.6,0.0,10.0,0.0,6.0,88.0,5.0,668.0
2021-10-07,Eelde,280,1.3,151.0,7.7,1028.1,0.0,0.0,6.0,0.0,3.0,97.0,8.0,479.0
2021-10-08,Eelde,280,1.5,73.0,9.7,1032.0,8.2,0.0,5.0,0.0,3.0,90.0,3.0,1128.0
2021-10-09,Eelde,280,2.5,91.0,9.8,1030.4,7.1,0.0,7.0,1.0,4.0,87.0,6.0,1013.0
2021-10-10,Eelde,280,1.5,268.0,9.3,1026.3,7.5,0.7,5.0,0.0,3.0,88.0,5.0,999.0
2021-10-11,Eelde,280,3.1,278.0,10.7,1024.4,4.9,0.2,13.0,2.0,6.0,86.0,7.0,733.0
2021-10-12,Eelde,280,3.0,302.0,9.9,1019.4,6.2,7.2,13.0,1.0,5.0,86.0,6.0,890.0
2021-10-13,Eelde,280,3.2,267.0,10.6,1023.3,3.7,0.1,9.0,1.0,5.0,85.0,7.0,690.0
2021-10-14,Eelde,280,4.9,242.0,13.2,1019.5,1.3,0.0,11.0,3.0,7.0,82.0,8.0,477.0
2021-10-15,Eelde,280,4.2,278.0,10.6,1016.5,6.7,7.4,14.0,2.0,7.0,82.0,5.0,861.0
2021-10-16,Eelde,280,3.0,213.0,9.5,1020.5,0.8,0.0,8.0,1.0,5.0,83.0,7.0,362.0
2021-10-17,Eelde,280,4.2,208.0,10.9,1019.1,0.4,0.0,9.0,3.0,5.0,75.0,8.0,359.0
2021-10-18,Eelde,280,3.5,186.0,11.7,1020.1,1.8,0.0,7.0,3.0,4.0,78.0,8.0,551.0
2021-10-19,Eelde,280,5.5,202.0,15.2,1013.0,1.1,0.6,15.0,3.0,9.0,90.0,7.0,230.0
2021-10-20,Eelde,280,8.2,218.0,15.2,998.9,0.5,1.3,18.0,2.0,11.0,82.0,7.0,251.0
2021-10-21,Eelde,280,5.3,263.0,9.3,998.1,2.1,22.0,19.0,2.0,10.0,82.0,7.0,345.0
2021-10-22,Eelde,280,5.7,266.0,8.0,1012.9,4.2,4.8,15.0,3.0,9.0,80.0,5.0,494.0
2021-10-23,Eelde,280,3.1,210.0,9.0,1025.9,3.1,0.0,7.0,1.0,5.0,81.0,7.0,537.0
2021-10-24,Eelde,280,3.0,168.0,7.6,1022.3,8.9,0.0,8.0,1.0,4.0,80.0,3.0,881.0
2021-10-25,Eelde,280,3.8,200.0,9.2,1016.2,0.1,0.7,8.0,3.0,5.0,94.0,7.0,219.0
2021-10-26,Eelde,280,5.5,216.0,11.8,1017.4,1.9,0.7,12.0,3.0,7.0,91.0,7.0,398.0
2021-10-27,Eelde,280,6.1,217.0,13.4,1019.2,0.0,0.0,11.0,3.0,8.0,87.0,8.0,213.0
2021-10-28,Eelde,280,4.0,174.0,11.7,1014.3,8.7,0.0,10.0,2.0,5.0,83.0,1.0,810.0
2021-10-29,Eelde,280,5.3,172.0,13.1,1006.0,7.9,0.0,13.0,4.0,7.0,75.0,5.0,714.0
2021-10-30,Eelde,280,4.4,170.0,11.9,1002.1,0.5,2.3,11.0,3.0,6.0,91.0,8.0,228.0
2021-10-31,Eelde,280,4.7,173.0,11.7,1000.1,2.2,16.2,16.0,3.0,7.0,89.0,7.0,431.0
2021-11-01,Eelde,280,6.1,194.0,9.6,996.8,6.3,0.0,15.0,3.0,9.0,82.0,2.0,617.0
2021-11-02,Eelde,280,2.7,189.0,7.1,999.0,0.3,0.4,7.0,1.0,5.0,94.0,6.0,307.0
2021-11-03,Eelde,280,1.7,196.0,5.6,1001.9,0.6,0.0,4.0,1.0,3.0,97.0,7.0,266.0
2021-11-04,Eelde,280,1.5,270.0,6.0,1007.3,4.4,0.1,6.0,1.0,3.0,94.0,6.0,513.0
2021-11-05,Eelde,280,3.2,253.0,7.8,1020.8,3.4,0.8,8.0,2.0,5.0,90.0,6.0,437.0
2021-11-06,Eelde,280,6.7,218.0,9.9,1020.5,0.0,2.9,14.0,5.0,9.0,90.0,8.0,224.0
2021-11-07,Eelde,280,5.2,258.0,9.1,1012.9,5.6,11.8,13.0,3.0,7.0,84.0,7.0,472.0
2021-11-08,Eelde,280,3.3,244.0,8.3,1021.1,1.8,0.5,8.0,2.0,5.0,91.0,7.0,309.0
2021-11-09,Eelde,280,4.5,200.0,8.6,1024.7,3.0,0.0,10.0,2.0,6.0,86.0,7.0,362.0
2021-11-10,Eelde,280,3.6,205.0,9.2,1023.6,0.7,0.3,7.0,3.0,4.0,91.0,8.0,243.0
2021-11-11,Eelde,280,3.3,211.0,9.8,1023.0,0.3,0.1,7.0,2.0,4.0,95.0,8.0,183.0
2021-11-12,Eelde,280,4.3,178.0,8.2,1014.6,3.9,0.6,9.0,3.0,5.0,86.0,8.0,418.0
2021-11-13,Eelde,280,2.4,175.0,9.8,1011.9,0.3,1.7,9.0,0.0,5.0,95.0,8.0,177.0
2021-11-14,Eelde,280,3.4,65.0,8.6,1025.0,0.0,0.0,6.0,2.0,4.0,92.0,8.0,139.0
2021-11-15,Eelde,280,2.9,87.0,5.7,1027.7,0.0,0.0,6.0,2.0,3.0,89.0,8.0,61.0
2021-11-16,Eelde,280,1.8,178.0,4.5,1022.7,0.0,0.0,6.0,1.0,4.0,91.0,8.0,45.0
2021-11-17,Eelde,280,4.5,233.0,7.3,1019.4,4.5,0.5,13.0,3.0,6.0,88.0,6.0,373.0
2021-11-18,Eelde,280,5.8,235.0,10.1,1024.2,1.8,0.0,15.0,4.0,9.0,90.0,8.0,260.0
2021-11-19,Eelde,280,4.9,253.0,11.2,1026.3,2.0,0.0,11.0,4.0,6.0,90.0,7.0,274.0
2021-11-20,Eelde,280,5.0,237.0,9.7,1020.2,0.0,0.0,10.0,4.0,6.0,93.0,8.0,67.0
2021-11-21,Eelde,280,3.5,314.0,7.5,1013.2,4.7,2.3,11.0,2.0,5.0,84.0,5.0,363.0
2021-11-22,Eelde,280,2.2,281.0,3.8,1026.9,7.3,0.1,5.0,1.0,3.0,87.0,2.0,449.0
2021-11-23,Eelde,280,2.4,273.0,7.3,1028.6,3.9,1.0,7.0,1.0,4.0,94.0,7.0,355.0
2021-11-24,Eelde,280,3.1,199.0,6.6,1020.6,0.0,0.0,7.0,2.0,4.0,86.0,8.0,122.0
2021-11-25,Eelde,280,3.2,242.0,4.8,1009.1,1.4,2.1,8.0,2.0,4.0,89.0,6.0,218.0
2021-11-26,Eelde,280,5.0,188.0,3.6,991.1,1.3,2.7,14.0,1.0,8.0,91.0,8.0,228.0
2021-11-27,Eelde,280,1.9,179.0,3.7,988.5,0.0,5.3,7.0,1.0,4.0,95.0,8.0,64.0
2021-11-28,Eelde,280,2.6,296.0,2.1,997.5,1.9,2.4,11.0,1.0,4.0,88.0,6.0,182.0
2021-11-29,Eelde,280,2.5,260.0,2.4,1006.1,4.2,1.7,11.0,1.0,6.0,92.0,6.0,303.0
2021-11-30,Eelde,280,5.3,253.0,6.9,1002.3,0.0,5.9,14.0,3.0,9.0,91.0,8.0,134.0
2021-12-01,Eelde,280,9.4,250.0,7.4,988.7,1.0,3.6,23.0,5.0,13.0,84.0,8.0,162.0
2021-12-02,Eelde,280,2.7,259.0,1.1,1002.0,3.2,4.9,12.0,1.0,4.0,90.0,6.0,232.0
2021-12-03,Eelde,280,6.7,212.0,2.9,1003.1,0.0,0.2,16.0,3.0,10.0,92.0,8.0,109.0
2021-12-04,Eelde,280,3.1,183.0,4.3,995.7,0.0,4.3,8.0,1.0,5.0,96.0,8.0,78.0
2021-12-05,Eelde,280,3.4,104.0,3.4,1003.9,0.7,0.0,8.0,2.0,5.0,92.0,8.0,107.0
2021-12-06,Eelde,280,4.2,146.0,2.4,1010.7,0.5,1.2,10.0,2.0,6.0,90.0,8.0,135.0
2021-12-07,Eelde,280,4.4,162.0,2.6,1003.2,5.8,3.5,13.0,3.0,7.0,89.0,6.0,321.0
2021-12-08,Eelde,280,5.0,169.0,4.3,996.1,2.8,0.8,14.0,3.0,7.0,85.0,6.0,204.0
2021-12-09,Eelde,280,3.9,173.0,2.6,1001.3,2.5,0.0,8.0,3.0,5.0,92.0,5.0,171.0
2021-12-10,Eelde,280,2.8,117.0,1.1,997.1,5.9,0.0,9.0,0.0,5.0,89.0,6.0,303.0
2021-12-11,Eelde,280,2.8,204.0,-0.5,1014.0,5.3,0.0,7.0,1.0,5.0,96.0,4.0,322.0
2021-12-12,Eelde,280,4.9,215.0,7.9,1019.2,0.0,2.3,12.0,3.0,7.0,97.0,8.0,75.0
2021-12-13,Eelde,280,4.4,213.0,9.4,1024.6,1.0,0.3,9.0,3.0,6.0,92.0,8.0,136.0
2021-12-14,Eelde,280,4.8,228.0,8.7,1025.2,0.0,0.2,8.0,4.0,6.0,94.0,8.0,79.0
2021-12-15,Eelde,280,4.8,238.0,9.0,1028.8,1.7,0.0,10.0,3.0,6.0,90.0,7.0,174.0
2021-12-16,Eelde,280,2.0,242.0,7.4,1036.7,0.2,0.0,5.0,1.0,3.0,98.0,7.0,113.0
2021-12-17,Eelde,280,1.9,319.0,7.9,1040.4,0.0,0.0,5.0,1.0,3.0,97.0,8.0,78.0
2021-12-18,Eelde,280,3.0,308.0,7.4,1038.3,0.0,0.0,8.0,1.0,4.0,94.0,8.0,91.0
2021-12-19,Eelde,280,4.3,319.0,7.2,1029.8,0.0,0.2,11.0,2.0,6.0,86.0,8.0,80.0
2021-12-20,Eelde,280,0.8,350.0,0.7,1028.5,6.3,0.0,6.0,0.0,3.0,88.0,2.0,327.0
2021-12-21,Eelde,280,1.0,196.0,-3.1,1027.0,6.3,0.0,4.0,0.0,2.0,92.0,1.0,369.0
2021-12-22,Eelde,280,2.0,161.0,-3.2,1023.3,5.2,0.0,4.0,1.0,3.0,90.0,8.0,273.0
2021-12-23,Eelde,280,5.0,215.0,1.3,1007.2,0.0,3.1,12.0,2.0,7.0,91.0,8.0,57.0
2021-12-24,Eelde,280,4.8,335.0,4.9,1003.0,0.5,5.2,11.0,1.0,7.0,92.0,8.0,97.0
2021-12-25,Eelde,280,4.5,80.0,-4.3,1012.4,6.2,0.0,10.0,2.0,6.0,71.0,1.0,362.0
2021-12-26,Eelde,280,4.4,91.0,-3.8,1008.3,6.5,0.0,9.0,4.0,6.0,68.0,3.0,344.0
2021-12-27,Eelde,280,3.3,110.0,0.9,999.6,0.0,0.2,8.0,3.0,4.0,93.0,8.0,91.0
2021-12-28,Eelde,280,2.8,159.0,6.2,992.0,0.2,3.2,10.0,0.0,5.0,97.0,8.0,89.0
2021-12-29,Eelde,280,3.5,227.0,7.9,1003.3,0.0,2.4,9.0,2.0,5.0,96.0,8.0,96.0
2021-12-30,Eelde,280,7.4,235.0,11.2,1010.8,0.0,4.2,16.0,5.0,9.0,93.0,8.0,55.0
2021-12-31,Eelde,280,8.3,238.0,11.8,1015.0,0.7,6.0,17.0,6.0,10.0,89.0,8.0,68.0
2022-01-01,Eelde,280,5.4,211.0,11.7,1019.4,0.9,0.9,11.0,4.0,7.0,90.0,8.0,133.0
2022-01-02,Eelde,280,7.2,228.0,10.6,1008.5,0.0,11.0,19.0,4.0,11.0,89.0,8.0,64.0
2022-01-03,Eelde,280,8.1,237.0,8.8,1004.6,1.9,0.2,17.0,5.0,10.0,85.0,7.0,215.0
2022-01-04,Eelde,280,4.2,246.0,4.8,996.0,1.2,2.5,9.0,3.0,6.0,89.0,7.0,128.0
2022-01-05,Eelde,280,6.5,279.0,4.9,1001.8,4.0,2.8,15.0,4.0,8.0,80.0,5.0,260.0
2022-01-06,Eelde,280,3.7,220.0,2.5,1015.5,6.2,0.0,11.0,1.0,7.0,84.0,4.0,347.0
2022-01-07,Eelde,280,5.8,207.0,3.0,1007.7,2.5,1.7,14.0,4.0,7.0,90.0,7.0,201.0
2022-01-08,Eelde,280,5.8,189.0,2.3,1000.7,1.8,7.4,14.0,4.0,8.0,91.0,6.0,214.0
2022-01-09,Eelde,280,4.0,252.0,4.5,997.8,2.8,6.7,9.0,2.0,6.0,89.0,5.0,281.0
2022-01-10,Eelde,280,1.4,181.0,0.2,1021.7,6.5,0.0,4.0,1.0,2.0,96.0,2.0,382.0
2022-01-11,Eelde,280,3.5,194.0,1.4,1032.0,1.9,0.3,7.0,2.0,4.0,92.0,8.0,222.0
2022-01-12,Eelde,280,3.2,232.0,3.7,1037.8,0.3,0.0,7.0,1.0,5.0,98.0,8.0,194.0
2022-01-13,Eelde,280,4.8,246.0,5.7,1037.4,0.3,0.0,10.0,4.0,6.0,96.0,8.0,107.0
2022-01-14,Eelde,280,2.7,268.0,6.4,1034.0,0.0,0.0,7.0,1.0,4.0,94.0,8.0,131.0
2022-01-15,Eelde,280,2.9,187.0,4.4,1027.4,0.0,0.0,7.0,1.0,5.0,96.0,8.0,107.0
2022-01-16,Eelde,280,4.6,250.0,4.9,1022.3,0.2,0.6,11.0,4.0,5.0,91.0,8.0,100.0
2022-01-17,Eelde,280,5.6,295.0,7.1,1031.3,0.9,0.0,14.0,3.0,8.0,86.0,8.0,212.0
2022-01-18,Eelde,280,3.6,240.0,5.3,1036.5,2.1,0.0,8.0,1.0,6.0,93.0,8.0,237.0
2022-01-19,Eelde,280,5.0,240.0,4.5,1021.8,0.0,1.0,13.0,3.0,8.0,89.0,7.0,104.0
2022-01-20,Eelde,280,5.7,320.0,3.0,1026.0,3.4,0.9,15.0,2.0,8.0,76.0,5.0,322.0
2022-01-21,Eelde,280,4.5,294.0,4.7,1031.0,1.2,0.5,11.0,2.0,7.0,89.0,7.0,204.0
2022-01-22,Eelde,280,3.2,292.0,6.0,1032.4,0.2,0.5,10.0,1.0,5.0,95.0,8.0,113.0
2022-01-23,Eelde,280,2.2,230.0,5.8,1035.2,0.0,0.0,5.0,2.0,3.0,89.0,8.0,177.0
2022-01-24,Eelde,280,1.8,208.0,4.4,1034.6,0.0,0.0,5.0,1.0,3.0,82.0,8.0,99.0
2022-01-25,Eelde,280,2.5,232.0,3.2,1033.5,0.0,0.0,5.0,2.0,4.0,90.0,8.0,73.0
2022-01-26,Eelde,280,5.7,233.0,4.0,1028.2,0.2,0.0,15.0,4.0,9.0,90.0,8.0,120.0
2022-01-27,Eelde,280,7.8,267.0,6.7,1020.2,0.6,2.1,17.0,6.0,11.0,83.0,7.0,181.0
2022-01-28,Eelde,280,4.9,264.0,5.7,1029.6,4.6,0.0,13.0,3.0,8.0,77.0,7.0,384.0
2022-01-29,Eelde,280,9.4,261.0,8.6,1018.7,0.4,1.8,23.0,7.0,13.0,81.0,7.0,156.0
2022-01-30,Eelde,280,6.2,286.0,5.1,1023.5,5.1,1.1,18.0,3.0,9.0,71.0,7.0,439.0
2022-01-31,Eelde,280,5.6,296.0,5.0,1008.6,2.7,5.5,16.0,3.0,7.0,84.0,7.0,338.0
2022-02-01,Eelde,280,7.3,274.0,6.5,1010.7,0.0,4.1,24.0,3.0,10.0,84.0,8.0,171.0
2022-02-02,Eelde,280,5.2,285.0,6.3,1016.7,4.5,0.2,18.0,2.0,9.0,82.0,8.0,448.0
2022-02-03,Eelde,280,5.7,228.0,7.4,1012.5,0.0,1.4,11.0,5.0,7.0,93.0,8.0,120.0
2022-02-04,Eelde,280,6.9,236.0,5.7,1005.8,0.0,6.3,22.0,5.0,11.0,87.0,8.0,157.0
2022-02-05,Eelde,280,8.0,236.0,5.3,1012.3,4.7,6.6,19.0,4.0,12.0,83.0,6.0,438.0
2022-02-06,Eelde,280,8.4,256.0,6.2,998.2,0.5,16.4,20.0,5.0,11.0,87.0,8.0,150.0
2022-02-07,Eelde,280,6.5,273.0,5.6,1018.6,7.6,0.3,16.0,4.0,9.0,77.0,6.0,576.0
2022-02-08,Eelde,280,7.1,239.0,8.9,1022.5,0.0,0.7,13.0,6.0,8.0,87.0,8.0,158.0
2022-02-09,Eelde,280,5.7,239.0,8.3,1021.8,0.0,1.4,13.0,2.0,9.0,91.0,8.0,157.0
2022-02-10,Eelde,280,3.5,249.0,5.4,1018.4,3.4,1.8,10.0,1.0,6.0,86.0,7.0,454.0
2022-02-11,Eelde,280,5.6,298.0,2.9,1026.3,2.8,2.4,20.0,1.0,12.0,80.0,6.0,405.0
2022-02-12,Eelde,280,5.3,189.0,2.3,1024.9,8.5,0.0,13.0,2.0,8.0,72.0,7.0,798.0
2022-02-13,Eelde,280,7.2,190.0,5.1,1007.6,5.0,0.0,14.0,6.0,9.0,67.0,8.0,549.0
2022-02-14,Eelde,280,8.2,210.0,8.7,998.2,1.4,0.2,18.0,6.0,10.0,73.0,8.0,297.0
2022-02-15,Eelde,280,7.0,223.0,6.9,1004.7,2.3,9.2,17.0,4.0,11.0,85.0,8.0,423.0
2022-02-16,Eelde,280,9.8,233.0,10.0,990.4,0.3,10.0,24.0,4.0,15.0,88.0,8.0,205.0
2022-02-17,Eelde,280,10.5,267.0,7.5,999.3,4.2,0.0,25.0,4.0,14.0,69.0,7.0,553.0
2022-02-18,Eelde,280,10.8,230.0,6.6,993.5,0.0,4.8,34.0,3.0,21.0,83.0,8.0,138.0
2022-02-19,Eelde,280,8.1,243.0,4.8,1005.0,3.7,10.7,25.0,3.0,15.0,81.0,8.0,554.0
2022-02-20,Eelde,280,9.5,233.0,6.9,997.6,0.0,30.7,22.0,4.0,15.0,91.0,8.0,118.0
2022-02-21,Eelde,280,8.9,274.0,5.6,997.2,1.5,13.0,20.0,6.0,11.0,79.0,8.0,223.0
2022-02-22,Eelde,280,6.1,251.0,6.0,1013.3,0.9,3.6,19.0,4.0,10.0,85.0,6.0,279.0
2022-02-23,Eelde,280,6.5,229.0,7.1,1019.5,9.1,0.0,15.0,4.0,10.0,74.0,4.0,1026.0
2022-02-24,Eelde,280,6.8,223.0,5.5,1007.3,1.4,6.6,18.0,4.0,10.0,80.0,7.0,407.0
2022-02-25,Eelde,280,6.1,272.0,4.6,1019.4,7.2,1.3,15.0,2.0,9.0,78.0,5.0,830.0
2022-02-26,Eelde,280,1.8,178.0,2.1,1034.1,9.2,0.0,5.0,1.0,3.0,81.0,5.0,1047.0
2022-02-27,Eelde,280,3.5,121.0,3.6,1032.9,9.8,0.0,10.0,2.0,6.0,69.0,0.0,1166.0
2022-02-28,Eelde,280,3.4,147.0,4.5,1030.3,9.5,0.0,9.0,2.0,5.0,62.0,2.0,1162.0
2022-03-01,Eelde,280,2.3,117.0,4.7,1028.3,1.2,0.0,5.0,1.0,3.0,67.0,8.0,529.0
2022-03-02,Eelde,280,3.3,65.0,3.9,1025.2,9.9,0.0,7.0,2.0,5.0,78.0,1.0,1145.0
2022-03-03,Eelde,280,3.8,86.0,3.3,1021.3,9.9,0.0,8.0,2.0,6.0,73.0,1.0,1234.0
2022-03-04,Eelde,280,3.9,101.0,1.8,1023.0,7.4,0.0,8.0,2.0,5.0,80.0,2.0,1137.0
2022-03-05,Eelde,280,3.5,74.0,1.6,1023.6,9.7,0.0,9.0,2.0,5.0,73.0,2.0,1200.0
2022-03-06,Eelde,280,3.0,33.0,2.4,1027.9,7.9,0.0,9.0,1.0,5.0,74.0,5.0,1103.0
2022-03-07,Eelde,280,1.9,78.0,1.6,1027.6,10.2,0.0,6.0,0.0,4.0,77.0,1.0,1288.0
2022-03-08,Eelde,280,3.5,120.0,4.3,1023.2,10.3,0.0,11.0,2.0,6.0,59.0,0.0,1346.0
2022-03-09,Eelde,280,2.8,135.0,4.6,1023.2,10.3,0.0,8.0,2.0,5.0,54.0,0.0,1386.0
2022-03-10,Eelde,280,3.0,124.0,6.5,1023.4,10.3,0.0,9.0,1.0,5.0,55.0,3.0,1368.0
2022-03-11,Eelde,280,5.2,120.0,7.0,1016.7,10.3,0.0,14.0,4.0,7.0,49.0,2.0,1395.0
2022-03-12,Eelde,280,3.7,139.0,8.9,1016.6,7.7,0.0,9.0,2.0,5.0,54.0,8.0,1072.0
2022-03-13,Eelde,280,3.3,115.0,9.7,1015.1,9.4,0.0,9.0,2.0,5.0,52.0,7.0,1318.0
2022-03-14,Eelde,280,3.1,227.0,7.5,1023.6,2.4,0.7,11.0,1.0,6.0,82.0,7.0,454.0
2022-03-15,Eelde,280,1.8,98.0,6.6,1025.5,2.0,0.0,5.0,1.0,4.0,87.0,6.0,629.0
2022-03-16,Eelde,280,3.8,120.0,8.6,1023.5,6.4,0.0,11.0,1.0,6.0,73.0,8.0,1243.0
2022-03-17,Eelde,280,4.8,253.0,7.3,1028.6,6.6,1.4,12.0,1.0,7.0,74.0,4.0,1159.0
2022-03-18,Eelde,280,2.5,32.0,6.3,1043.9,11.1,0.0,8.0,1.0,5.0,82.0,1.0,1509.0
2022-03-19,Eelde,280,5.5,64.0,6.6,1043.2,11.0,0.0,14.0,2.0,9.0,69.0,0.0,1618.0
2022-03-20,Eelde,280,5.3,99.0,6.1,1030.9,7.6,0.0,14.0,1.0,8.0,66.0,3.0,1262.0
2022-03-21,Eelde,280,2.0,147.0,8.2,1031.4,11.0,0.0,6.0,1.0,3.0,71.0,1.0,1575.0
2022-03-22,Eelde,280,1.4,96.0,9.9,1031.7,9.3,0.0,6.0,1.0,3.0,70.0,1.0,1456.0
2022-03-23,Eelde,280,2.0,61.0,9.2,1031.2,10.8,0.0,7.0,0.0,4.0,65.0,0.0,1610.0
2022-03-24,Eelde,280,1.5,351.0,7.6,1029.9,11.3,0.0,6.0,0.0,4.0,72.0,0.0,1583.0
2022-03-25,Eelde,280,2.0,5.0,5.9,1031.5,11.3,0.0,7.0,1.0,4.0,68.0,3.0,1667.0
2022-03-26,Eelde,280,2.9,339.0,7.4,1032.8,11.0,0.0,9.0,1.0,5.0,83.0,5.0,1589.0
2022-03-27,Eelde,280,2.9,23.0,7.7,1031.7,9.3,0.0,8.0,1.0,5.0,81.0,4.0,1692.0
2022-03-28,Eelde,280,2.3,9.0,6.7,1022.8,2.3,0.0,6.0,1.0,4.0,88.0,8.0,893.0
2022-03-29,Eelde,280,1.9,360.0,6.3,1013.1,4.5,0.0,7.0,1.0,3.0,80.0,7.0,1103.0
2022-03-30,Eelde,280,3.4,36.0,4.8,1006.0,1.0,0.1,9.0,1.0,5.0,74.0,8.0,938.0
2022-03-31,Eelde,280,6.8,50.0,1.4,1003.6,0.0,9.7,19.0,3.0,12.0,88.0,8.0,247.0
2022-04-01,Eelde,280,6.2,40.0,2.3,1012.7,1.0,0.0,15.0,2.0,9.0,67.0,8.0,861.0
2022-04-02,Eelde,280,3.9,21.0,1.8,1020.2,7.4,0.0,12.0,1.0,7.0,64.0,6.0,1354.0
2022-04-03,Eelde,280,3.6,271.0,2.9,1020.4,7.0,0.2,11.0,1.0,6.0,77.0,7.0,1248.0
2022-04-04,Eelde,280,7.8,244.0,6.6,1004.0,0.0,14.6,18.0,4.0,12.0,89.0,8.0,352.0
2022-04-05,Eelde,280,4.5,260.0,8.2,1002.2,0.2,4.6,11.0,2.0,7.0,90.0,8.0,562.0
2022-04-06,Eelde,280,8.8,223.0,9.3,994.6,0.5,8.3,17.0,4.0,11.0,88.0,8.0,558.0
2022-04-07,Eelde,280,9.6,247.0,7.5,982.3,5.7,12.7,25.0,5.0,13.0,81.0,7.0,1030.0
2022-04-08,Eelde,280,5.3,275.0,5.8,996.3,9.5,2.8,15.0,3.0,7.0,75.0,7.0,1568.0
2022-04-09,Eelde,280,5.3,285.0,4.6,1009.1,8.7,5.0,16.0,3.0,8.0,80.0,5.0,1404.0
2022-04-10,Eelde,280,3.7,279.0,4.4,1018.9,10.3,1.1,11.0,0.0,7.0,73.0,6.0,1735.0
2022-04-11,Eelde,280,2.9,79.0,6.5,1017.5,9.6,0.0,9.0,0.0,5.0,69.0,8.0,1912.0
2022-04-12,Eelde,280,3.8,105.0,12.7,1011.1,7.8,0.0,9.0,1.0,5.0,61.0,8.0,1753.0
2022-04-13,Eelde,280,3.0,234.0,12.7,1016.0,4.1,0.0,8.0,1.0,6.0,79.0,8.0,1288.0
2022-04-14,Eelde,280,3.5,289.0,10.7,1021.4,9.9,0.0,10.0,2.0,6.0,81.0,4.0,1802.0
2022-04-15,Eelde,280,3.0,21.0,8.1,1029.0,0.2,0.0,8.0,2.0,4.0,81.0,8.0,660.0
2022-04-16,Eelde,280,3.7,102.0,9.5,1033.6,11.7,0.0,9.0,2.0,6.0,58.0,5.0,2260.0
2022-04-17,Eelde,280,3.0,114.0,10.4,1027.1,13.2,0.0,8.0,2.0,5.0,48.0,0.0,2317.0
2022-04-18,Eelde,280,2.5,123.0,12.2,1018.7,13.0,0.0,6.0,1.0,4.0,46.0,1.0,2306.0
2022-04-19,Eelde,280,4.5,62.0,10.5,1017.0,13.0,0.0,11.0,1.0,7.0,63.0,1.0,2313.0
2022-04-20,Eelde,280,4.4,54.0,9.9,1018.2,13.0,0.0,12.0,2.0,7.0,62.0,2.0,2341.0
2022-04-21,Eelde,280,5.0,53.0,11.3,1014.7,11.2,0.0,12.0,2.0,8.0,66.0,7.0,2203.0
2022-04-22,Eelde,280,6.5,64.0,12.6,1009.9,12.4,0.0,13.0,5.0,8.0,64.0,2.0,2190.0
2022-04-23,Eelde,280,6.9,74.0,12.6,1007.9,13.4,0.0,15.0,5.0,9.0,58.0,0.0,2370.0
2022-04-24,Eelde,280,6.3,43.0,10.4,1008.1,11.4,0.0,13.0,3.0,8.0,67.0,3.0,2300.0
2022-04-25,Eelde,280,4.3,42.0,8.7,1013.8,1.0,0.0,10.0,2.0,6.0,75.0,8.0,595.0
2022-04-26,Eelde,280,3.3,350.0,8.2,1020.0,10.9,0.0,9.0,1.0,5.0,73.0,4.0,2054.0
2022-04-27,Eelde,280,1.9,349.0,8.3,1027.0,0.5,0.0,6.0,1.0,3.0,69.0,8.0,790.0
2022-04-28,Eelde,280,3.0,14.0,8.4,1031.5,5.5,0.0,7.0,1.0,4.0,72.0,7.0,1536.0
2022-04-29,Eelde,280,2.9,9.0,7.1,1030.5,2.0,0.0,8.0,1.0,5.0,77.0,8.0,998.0
2022-04-30,Eelde,280,1.9,354.0,7.2,1026.8,0.8,0.0,5.0,1.0,3.0,80.0,8.0,933.0
2022-05-01,Eelde,280,1.9,21.0,7.2,1024.1,9.5,0.0,7.0,0.0,4.0,75.0,5.0,1984.0
2022-05-02,Eelde,280,2.1,9.0,8.8,1020.7,13.3,0.0,8.0,1.0,5.0,70.0,2.0,2406.0
2022-05-03,Eelde,280,2.5,353.0,7.8,1020.0,3.9,0.0,9.0,0.0,4.0,75.0,8.0,1446.0
2022-05-04,Eelde,280,1.8,344.0,8.6,1019.6,7.8,0.0,7.0,1.0,4.0,67.0,8.0,2105.0
2022-05-05,Eelde,280,1.5,24.0,11.3,1022.7,5.4,0.0,6.0,0.0,3.0,71.0,8.0,1751.0
2022-05-06,Eelde,280,2.2,263.0,12.7,1024.2,6.9,0.0,8.0,0.0,4.0,78.0,6.0,1927.0
2022-05-07,Eelde,280,2.6,13.0,12.4,1024.6,4.4,0.0,9.0,0.0,6.0,80.0,8.0,1286.0
2022-05-08,Eelde,280,2.8,15.0,8.9,1029.0,13.4,0.0,8.0,1.0,4.0,70.0,5.0,2636.0
2022-05-09,Eelde,280,2.0,165.0,13.3,1024.6,13.4,0.0,8.0,0.0,4.0,64.0,5.0,2630.0
2022-05-10,Eelde,280,4.5,228.0,16.0,1015.0,3.3,0.0,16.0,1.0,9.0,64.0,7.0,1316.0
2022-05-11,Eelde,280,6.3,239.0,14.9,1009.3,5.2,1.2,15.0,3.0,9.0,73.0,8.0,1843.0
2022-05-12,Eelde,280,4.4,249.0,12.9,1016.3,11.9,0.0,12.0,2.0,7.0,69.0,3.0,2175.0
2022-05-13,Eelde,280,5.5,241.0,13.3,1017.4,5.2,0.0,13.0,3.0,8.0,71.0,8.0,1558.0
2022-05-14,Eelde,280,3.2,292.0,13.9,1021.0,7.8,0.0,8.0,1.0,5.0,73.0,6.0,2020.0
2022-05-15,Eelde,280,3.5,60.0,14.5,1020.2,14.3,0.0,10.0,1.0,6.0,70.0,4.0,2698.0
2022-05-16,Eelde,280,4.4,172.0,17.3,1015.8,4.6,0.2,11.0,3.0,7.0,69.0,8.0,1561.0
2022-05-17,Eelde,280,2.6,243.0,18.6,1019.7,10.2,0.0,6.0,1.0,4.0,68.0,7.0,2434.0
2022-05-18,Eelde,280,2.8,271.0,19.1,1020.0,10.9,0.0,8.0,1.0,5.0,73.0,7.0,2206.0
2022-05-19,Eelde,280,3.3,275.0,17.1,1018.2,5.4,10.1,12.0,1.0,6.0,85.0,8.0,1335.0
2022-05-20,Eelde,280,3.0,258.0,13.0,1017.5,4.3,15.7,11.0,1.0,5.0,85.0,7.0,1408.0
2022-05-21,Eelde,280,4.9,260.0,13.2,1018.6,7.1,0.4,12.0,1.0,7.0,77.0,7.0,1813.0
2022-05-22,Eelde,280,2.0,123.0,14.1,1015.3,9.5,0.0,8.0,0.0,4.0,70.0,7.0,2179.0
2022-05-23,Eelde,280,3.6,136.0,17.1,1001.1,4.1,5.7,11.0,2.0,5.0,72.0,8.0,1612.0
2022-05-24,Eelde,280,4.8,226.0,12.4,1004.5,4.9,2.6,13.0,2.0,7.0,84.0,5.0,1371.0
2022-05-25,Eelde,280,6.1,223.0,13.2,1012.7,7.1,2.1,17.0,2.0,10.0,79.0,6.0,1822.0
2022-05-26,Eelde,280,5.8,250.0,15.1,1017.1,6.1,2.7,13.0,3.0,8.0,78.0,7.0,1699.0
2022-05-27,Eelde,280,5.6,277.0,12.6,1018.7,9.6,0.2,15.0,3.0,8.0,70.0,6.0,1948.0
2022-05-28,Eelde,280,5.7,304.0,11.3,1019.1,7.2,1.6,14.0,3.0,8.0,74.0,7.0,1902.0
2022-05-29,Eelde,280,4.0,318.0,9.8,1014.3,0.4,0.6,12.0,1.0,6.0,78.0,8.0,882.0
2022-05-30,Eelde,280,1.6,279.0,8.9,1013.9,3.8,2.3,7.0,1.0,3.0,86.0,7.0,1211.0
2022-05-31,Eelde,280,1.8,95.0,11.5,1013.6,2.8,0.0,7.0,1.0,3.0,76.0,8.0,1372.0
2022-06-01,Eelde,280,2.1,269.0,10.7,1014.9,3.4,2.8,8.0,1.0,4.0,86.0,6.0,1480.0
2022-06-02,Eelde,280,2.8,317.0,12.3,1021.4,13.5,0.0,8.0,2.0,4.0,73.0,3.0,2648.0
2022-06-03,Eelde,280,4.5,48.0,14.2,1021.0,15.2,0.0,12.0,2.0,7.0,72.0,3.0,2955.0
2022-06-04,Eelde,280,4.9,38.0,13.7,1022.6,14.7,0.0,10.0,4.0,6.0,77.0,4.0,2973.0
2022-06-05,Eelde,280,4.5,67.0,17.0,1014.4,3.2,7.5,10.0,2.0,6.0,79.0,8.0,1503.0
2022-06-06,Eelde,280,6.7,224.0,13.8,1010.4,2.4,19.2,17.0,3.0,10.0,87.0,7.0,1127.0
2022-06-07,Eelde,280,5.3,236.0,12.7,1010.4,1.1,0.4,14.0,1.0,7.0,83.0,7.0,1038.0
2022-06-08,Eelde,280,2.8,201.0,14.8,1006.4,2.9,17.3,9.0,1.0,5.0,89.0,7.0,1175.0
2022-06-09,Eelde,280,4.0,258.0,15.7,1013.8,12.0,0.0,12.0,1.0,7.0,76.0,4.0,2547.0
2022-06-10,Eelde,280,3.8,216.0,16.4,1020.0,4.9,0.0,11.0,1.0,6.0,79.0,6.0,1403.0
2022-06-11,Eelde,280,4.0,241.0,16.5,1021.2,14.3,0.0,10.0,1.0,6.0,71.0,3.0,2652.0
2022-06-12,Eelde,280,3.7,251.0,15.4,1020.9,13.3,0.0,12.0,2.0,7.0,71.0,4.0,2558.0
2022-06-13,Eelde,280,4.1,288.0,13.3,1021.7,8.5,2.1,11.0,1.0,7.0,75.0,7.0,1966.0
2022-06-14,Eelde,280,1.9,350.0,13.8,1022.6,5.9,0.0,6.0,1.0,4.0,72.0,8.0,1830.0
2022-06-15,Eelde,280,2.6,42.0,15.6,1020.5,9.6,0.0,8.0,1.0,5.0,66.0,6.0,2459.0
2022-06-16,Eelde,280,1.8,342.0,16.7,1023.0,13.0,0.0,7.0,0.0,4.0,66.0,5.0,2853.0
2022-06-17,Eelde,280,3.0,189.0,20.4,1021.1,5.4,0.0,9.0,1.0,5.0,60.0,7.0,1913.0
2022-06-18,Eelde,280,3.5,337.0,18.1,1016.2,9.9,0.0,8.0,2.0,5.0,71.0,4.0,2332.0
2022-06-19,Eelde,280,3.5,345.0,13.8,1013.1,0.9,3.7,9.0,2.0,5.0,76.0,8.0,983.0
2022-06-20,Eelde,280,4.4,305.0,14.0,1015.8,12.6,0.0,12.0,1.0,8.0,74.0,4.0,2525.0
2022-06-21,Eelde,280,1.9,330.0,14.4,1015.5,12.3,0.0,7.0,0.0,4.0,75.0,6.0,2757.0
2022-06-22,Eelde,280,2.5,32.0,15.6,1014.3,15.5,0.0,9.0,1.0,5.0,74.0,2.0,3011.0
2022-06-23,Eelde,280,3.0,95.0,22.3,1011.1,15.0,0.0,9.0,2.0,4.0,57.0,1.0,2917.0
2022-06-24,Eelde,280,1.8,204.0,19.0,1006.3,3.1,10.9,8.0,1.0,4.0,84.0,7.0,989.0
2022-06-25,Eelde,280,3.2,173.0,19.7,1011.0,10.2,0.0,8.0,2.0,5.0,80.0,6.0,2029.0
2022-06-26,Eelde,280,2.7,219.0,18.5,1014.9,1.8,1.9,10.0,1.0,5.0,78.0,8.0,1359.0
2022-06-27,Eelde,280,1.7,192.0,16.0,1016.9,0.1,6.4,12.0,1.0,4.0,89.0,7.0,710.0
2022-06-28,Eelde,280,2.8,201.0,17.1,1020.1,13.4,0.0,7.0,2.0,4.0,68.0,1.0,2587.0
2022-06-29,Eelde,280,2.8,119.0,21.5,1014.4,11.5,0.0,8.0,1.0,4.0,61.0,5.0,2785.0
2022-06-30,Eelde,280,4.0,314.0,20.6,1011.2,11.1,9.3,14.0,1.0,7.0,72.0,5.0,2346.0
2022-07-01,Eelde,280,4.7,227.0,16.4,1016.8,7.5,0.0,12.0,1.0,7.0,76.0,5.0,2059.0
2022-07-02,Eelde,280,3.5,211.0,17.8,1020.0,8.8,0.0,12.0,1.0,7.0,67.0,5.0,2297.0
2022-07-03,Eelde,280,2.6,268.0,16.4,1017.7,7.4,3.8,14.0,1.0,5.0,78.0,4.0,1884.0
2022-07-04,Eelde,280,3.9,249.0,15.4,1019.4,11.8,0.0,11.0,2.0,7.0,75.0,3.0,2232.0
2022-07-05,Eelde,280,4.1,271.0,15.1,1022.3,10.5,0.0,12.0,2.0,7.0,71.0,5.0,2235.0
2022-07-06,Eelde,280,4.1,251.0,15.5,1022.7,4.5,1.8,11.0,2.0,6.0,79.0,8.0,1586.0
2022-07-07,Eelde,280,5.7,312.0,15.6,1022.7,2.2,2.6,15.0,3.0,8.0,78.0,8.0,1218.0
2022-07-08,Eelde,280,3.5,285.0,17.2,1029.2,7.1,0.0,9.0,2.0,5.0,79.0,8.0,1863.0
2022-07-09,Eelde,280,4.2,312.0,16.2,1026.6,3.6,0.3,11.0,2.0,6.0,78.0,7.0,1799.0
2022-07-10,Eelde,280,3.4,307.0,15.4,1024.5,0.8,2.4,10.0,2.0,5.0,84.0,8.0,859.0
2022-07-11,Eelde,280,2.7,317.0,16.5,1024.2,0.7,0.2,7.0,1.0,4.0,87.0,8.0,1021.0
2022-07-12,Eelde,280,1.9,217.0,20.1,1023.6,5.1,0.0,6.0,1.0,4.0,74.0,8.0,2067.0
2022-07-13,Eelde,280,3.3,306.0,19.4,1019.8,11.1,0.0,10.0,1.0,6.0,72.0,6.0,2568.0
2022-07-14,Eelde,280,3.0,303.0,14.7,1020.7,7.2,0.0,11.0,1.0,7.0,75.0,5.0,1755.0
2022-07-15,Eelde,280,3.5,263.0,15.6,1021.3,2.2,0.0,10.0,2.0,5.0,73.0,7.0,1302.0
2022-07-16,Eelde,280,3.8,324.0,15.1,1024.3,12.5,0.0,11.0,1.0,6.0,69.0,5.0,2581.0
2022-07-17,Eelde,280,1.2,216.0,16.5,1026.9,11.0,0.0,4.0,0.0,2.0,71.0,6.0,2529.0
2022-07-18,Eelde,280,2.1,207.0,21.5,1021.7,10.7,0.0,6.0,0.0,4.0,58.0,6.0,2564.0
2022-07-19,Eelde,280,2.4,125.0,26.5,1016.5,14.3,0.0,7.0,1.0,4.0,48.0,4.0,2605.0
2022-07-20,Eelde,280,3.6,243.0,24.3,1015.6,13.1,0.0,12.0,1.0,7.0,56.0,4.0,2532.0
2022-07-21,Eelde,280,3.6,277.0,18.6,1017.5,0.7,7.2,10.0,2.0,6.0,89.0,8.0,1117.0
2022-07-22,Eelde,280,2.3,293.0,15.8,1020.0,0.1,0.0,6.0,1.0,4.0,76.0,8.0,1014.0
2022-07-23,Eelde,280,2.5,291.0,16.4,1019.5,7.0,0.0,6.0,2.0,4.0,74.0,4.0,1877.0
2022-07-24,Eelde,280,4.0,200.0,22.1,1015.5,11.4,0.0,13.0,1.0,8.0,64.0,6.0,2511.0
2022-07-25,Eelde,280,4.6,238.0,21.1,1008.7,4.0,0.1,14.0,1.0,8.0,71.0,7.0,1431.0
2022-07-26,Eelde,280,3.8,309.0,16.2,1016.4,3.2,1.7,11.0,2.0,6.0,74.0,8.0,1564.0
2022-07-27,Eelde,280,3.0,333.0,14.3,1020.5,7.1,0.0,9.0,1.0,5.0,72.0,7.0,1882.0
2022-07-28,Eelde,280,3.0,42.0,14.5,1020.3,5.5,0.0,10.0,1.0,5.0,71.0,8.0,1775.0
2022-07-29,Eelde,280,3.2,65.0,17.8,1017.8,5.7,0.0,8.0,1.0,5.0,69.0,6.0,1770.0
2022-07-30,Eelde,280,2.4,268.0,18.2,1018.0,10.5,0.0,8.0,1.0,4.0,72.0,5.0,2265.0
2022-07-31,Eelde,280,3.4,224.0,18.6,1014.5,0.9,11.1,9.0,2.0,5.0,86.0,8.0,695.0
2022-08-01,Eelde,280,2.6,349.0,16.4,1018.3,9.0,0.2,7.0,0.0,4.0,74.0,6.0,2157.0
2022-08-02,Eelde,280,4.2,202.0,19.4,1015.9,10.3,0.0,13.0,1.0,7.0,70.0,5.0,2025.0
2022-08-03,Eelde,280,3.7,217.0,22.3,1013.9,12.7,0.0,9.0,1.0,6.0,73.0,4.0,2426.0
2022-08-04,Eelde,280,2.8,306.0,21.5,1013.5,8.6,0.0,9.0,1.0,5.0,74.0,8.0,1851.0
2022-08-05,Eelde,280,3.7,296.0,16.6,1019.2,10.4,0.0,12.0,1.0,7.0,71.0,4.0,2164.0
2022-08-06,Eelde,280,2.1,312.0,14.2,1027.3,9.2,0.0,10.0,0.0,4.0,71.0,4.0,1845.0
2022-08-07,Eelde,280,2.1,303.0,15.4,1025.5,12.4,0.0,7.0,1.0,4.0,72.0,2.0,2349.0
2022-08-08,Eelde,280,1.7,2.0,16.1,1026.7,4.0,0.0,6.0,0.0,4.0,78.0,5.0,1112.0
2022-08-09,Eelde,280,2.7,38.0,17.2,1029.2,13.4,0.0,9.0,0.0,5.0,73.0,3.0,2340.0
2022-08-10,Eelde,280,3.1,46.0,20.0,1026.8,14.0,0.0,8.0,2.0,5.0,71.0,2.0,2443.0
2022-08-11,Eelde,280,2.9,47.0,21.9,1023.0,13.8,0.0,9.0,2.0,5.0,63.0,0.0,2443.0
2022-08-12,Eelde,280,3.1,57.0,22.8,1019.8,13.8,0.0,9.0,2.0,5.0,60.0,0.0,2401.0
2022-08-13,Eelde,280,3.0,88.0,23.5,1016.9,12.9,0.0,10.0,2.0,4.0,53.0,2.0,2289.0
2022-08-14,Eelde,280,2.7,92.0,24.0,1008.7,11.7,0.0,10.0,1.0,5.0,62.0,3.0,2150.0
2022-08-15,Eelde,280,2.4,273.0,22.3,1003.8,3.3,0.4,8.0,1.0,5.0,73.0,8.0,1232.0
2022-08-16,Eelde,280,3.0,247.0,22.3,1008.0,10.6,0.1,9.0,1.0,6.0,72.0,5.0,2033.0
2022-08-17,Eelde,280,3.3,17.0,19.2,1011.6,0.3,14.6,10.0,1.0,6.0,90.0,8.0,786.0
2022-08-18,Eelde,280,2.5,355.0,18.5,1013.4,5.9,0.2,8.0,1.0,4.0,84.0,5.0,1441.0
2022-08-19,Eelde,280,2.2,248.0,19.3,1013.6,6.9,10.1,7.0,1.0,4.0,82.0,5.0,1628.0
2022-08-20,Eelde,280,1.9,271.0,18.2,1016.4,9.6,0.0,7.0,1.0,3.0,72.0,5.0,1813.0
2022-08-21,Eelde,280,2.8,258.0,17.5,1015.9,8.9,0.0,11.0,0.0,6.0,76.0,5.0,1652.0
2022-08-22,Eelde,280,1.8,68.0,18.2,1016.2,6.8,0.0,6.0,0.0,4.0,77.0,6.0,1736.0
2022-08-23,Eelde,280,2.0,199.0,20.9,1015.7,8.3,0.0,6.0,1.0,4.0,72.0,5.0,1791.0
2022-08-24,Eelde,280,1.8,36.0,22.5,1018.3,11.6,0.0,6.0,0.0,4.0,72.0,5.0,1977.0
2022-08-25,Eelde,280,2.9,106.0,23.8,1015.8,12.8,0.0,9.0,1.0,5.0,59.0,2.0,2104.0
2022-08-26,Eelde,280,4.3,322.0,18.8,1016.1,0.4,0.0,9.0,2.0,5.0,84.0,7.0,517.0
2022-08-27,Eelde,280,2.8,346.0,15.7,1018.1,4.7,0.0,9.0,1.0,5.0,76.0,6.0,1353.0
2022-08-28,Eelde,280,3.5,330.0,15.4,1021.0,8.7,0.0,12.0,1.0,6.0,70.0,5.0,1549.0
2022-08-29,Eelde,280,2.9,12.0,17.4,1022.2,2.8,0.0,8.0,1.0,5.0,78.0,8.0,1136.0
2022-08-30,Eelde,280,3.8,44.0,17.2,1023.2,11.5,0.0,10.0,1.0,6.0,68.0,5.0,1868.0
2022-08-31,Eelde,280,4.8,52.0,17.0,1024.3,12.6,0.0,11.0,2.0,7.0,64.0,1.0,2095.0
2022-09-01,Eelde,280,3.8,66.0,16.9,1022.2,9.4,0.0,9.0,2.0,5.0,64.0,2.0,1540.0
2022-09-02,Eelde,280,4.0,89.0,18.4,1016.7,12.5,0.0,10.0,3.0,6.0,53.0,4.0,1954.0
2022-09-03,Eelde,280,4.3,89.0,19.3,1013.8,12.2,0.0,11.0,3.0,6.0,47.0,3.0,1958.0
2022-09-04,Eelde,280,3.1,98.0,19.9,1018.5,10.1,0.0,10.0,2.0,4.0,54.0,7.0,1739.0
2022-09-05,Eelde,280,2.9,95.0,22.0,1019.1,8.3,0.0,7.0,2.0,4.0,57.0,7.0,1595.0
2022-09-06,Eelde,280,2.9,105.0,21.6,1014.8,8.8,0.0,8.0,1.0,5.0,63.0,7.0,1582.0
2022-09-07,Eelde,280,2.4,168.0,18.6,1011.9,5.2,7.7,8.0,1.0,4.0,82.0,8.0,1253.0
2022-09-08,Eelde,280,2.2,151.0,16.1,1007.6,0.4,9.5,7.0,1.0,4.0,92.0,7.0,422.0
2022-09-09,Eelde,280,3.3,169.0,16.1,1007.2,3.6,1.2,10.0,2.0,6.0,87.0,7.0,1106.0
2022-09-10,Eelde,280,1.9,62.0,15.6,1012.3,2.1,0.0,7.0,0.0,3.0,88.0,6.0,846.0
2022-09-11,Eelde,280,1.3,43.0,15.4,1018.3,7.0,0.4,4.0,0.0,2.0,85.0,5.0,1211.0
2022-09-12,Eelde,280,2.6,195.0,17.3,1013.5,7.1,1.4,9.0,1.0,5.0,79.0,8.0,1373.0
2022-09-13,Eelde,280,2.8,290.0,16.2,1009.5,7.9,0.8,9.0,1.0,5.0,80.0,7.0,1435.0
2022-09-14,Eelde,280,1.9,285.0,14.6,1006.0,4.7,0.0,6.0,1.0,4.0,79.0,6.0,1161.0
2022-09-15,Eelde,280,3.6,279.0,13.5,1007.0,3.0,2.3,12.0,2.0,7.0,80.0,7.0,960.0
2022-09-16,Eelde,280,5.0,288.0,12.3,1008.3,6.9,17.0,17.0,3.0,9.0,79.0,7.0,1294.0
2022-09-17,Eelde,280,4.9,294.0,11.3,1011.5,8.3,5.2,16.0,3.0,9.0,77.0,6.0,1161.0
2022-09-18,Eelde,280,4.4,290.0,11.0,1012.2,1.0,27.2,17.0,2.0,6.0,87.0,8.0,513.0
2022-09-19,Eelde,280,4.3,310.0,12.3,1018.3,8.4,10.7,14.0,2.0,7.0,78.0,6.0,1287.0
2022-09-20,Eelde,280,2.3,331.0,10.4,1023.3,6.2,0.0,8.0,1.0,5.0,79.0,5.0,1252.0
2022-09-21,Eelde,280,1.1,210.0,10.0,1026.3,11.0,0.0,4.0,0.0,2.0,78.0,1.0,1633.0
2022-09-22,Eelde,280,1.5,166.0,10.6,1021.9,10.0,0.0,6.0,0.0,3.0,77.0,5.0,1381.0
2022-09-23,Eelde,280,2.0,180.0,12.0,1014.8,1.0,0.1,5.0,1.0,3.0,84.0,8.0,582.0
2022-09-24,Eelde,280,2.9,345.0,12.1,1013.3,0.3,6.5,9.0,1.0,5.0,90.0,6.0,345.0
2022-09-25,Eelde,280,2.0,287.0,10.1,1013.0,5.7,1.5,8.0,0.0,4.0,83.0,5.0,1026.0
2022-09-26,Eelde,280,5.1,206.0,11.0,997.1,0.3,10.6,12.0,2.0,7.0,92.0,8.0,331.0
2022-09-27,Eelde,280,3.1,251.0,9.0,995.2,3.0,8.7,10.0,1.0,5.0,90.0,8.0,689.0
2022-09-28,Eelde,280,1.3,204.0,7.4,996.6,3.3,0.2,5.0,0.0,2.0,90.0,6.0,850.0
2022-09-29,Eelde,280,1.6,241.0,8.1,1003.0,6.5,0.0,7.0,1.0,3.0,85.0,7.0,1008.0
2022-09-30,Eelde,280,3.8,191.0,10.5,1006.8,7.0,2.4,10.0,1.0,6.0,80.0,6.0,1097.0
2022-10-01,Eelde,280,5.4,227.0,12.8,1003.5,5.4,23.5,15.0,4.0,8.0,87.0,6.0,829.0
2022-10-02,Eelde,280,4.0,267.0,12.4,1017.0,8.2,2.3,12.0,2.0,7.0,84.0,4.0,1187.0
2022-10-03,Eelde,280,2.2,255.0,12.5,1025.1,8.1,0.0,6.0,1.0,3.0,84.0,7.0,1050.0
2022-10-04,Eelde,280,4.1,198.0,14.1,1018.5,8.3,0.0,10.0,2.0,7.0,78.0,8.0,1177.0
2022-10-05,Eelde,280,7.8,216.0,15.5,1012.8,0.7,0.2,18.0,5.0,11.0,78.0,8.0,481.0
2022-10-06,Eelde,280,5.5,231.0,12.4,1025.4,10.1,0.0,15.0,3.0,9.0,75.0,1.0,1235.0
2022-10-07,Eelde,280,5.9,206.0,13.0,1019.0,6.3,0.0,16.0,4.0,9.0,78.0,6.0,928.0
2022-10-08,Eelde,280,3.9,255.0,10.8,1019.4,7.7,0.6,13.0,2.0,7.0,83.0,4.0,1035.0
2022-10-09,Eelde,280,2.6,159.0,9.4,1021.2,10.0,0.0,8.0,1.0,5.0,79.0,5.0,1173.0
2022-10-10,Eelde,280,3.6,223.0,9.1,1015.9,5.2,1.3,12.0,3.0,5.0,85.0,5.0,614.0
2022-10-11,Eelde,280,2.0,249.0,8.3,1025.4,6.8,0.0,7.0,0.0,4.0,85.0,6.0,898.0
2022-10-12,Eelde,280,1.8,175.0,9.3,1022.3,7.8,0.0,7.0,0.0,4.0,81.0,6.0,1001.0
2022-10-13,Eelde,280,2.3,203.0,11.7,1015.7,0.5,2.0,6.0,1.0,4.0,94.0,8.0,266.0
2022-10-14,Eelde,280,2.6,185.0,12.1,1010.0,0.0,6.3,7.0,2.0,4.0,97.0,8.0,264.0
2022-10-15,Eelde,280,4.2,198.0,13.1,1005.4,0.9,1.3,9.0,3.0,6.0,92.0,8.0,384.0
2022-10-16,Eelde,280,4.7,213.0,13.2,1013.5,7.6,0.5,14.0,1.0,9.0,82.0,7.0,869.0
2022-10-17,Eelde,280,3.4,199.0,14.2,1019.5,0.5,2.8,12.0,2.0,7.0,94.0,8.0,230.0
2022-10-18,Eelde,280,2.7,267.0,12.3,1027.3,7.2,0.0,8.0,1.0,5.0,86.0,6.0,910.0
2022-10-19,Eelde,280,2.8,90.0,10.2,1026.5,3.0,0.0,8.0,1.0,4.0,81.0,8.0,542.0
2022-10-20,Eelde,280,3.8,122.0,9.9,1012.8,2.1,2.7,9.0,3.0,5.0,89.0,8.0,444.0
2022-10-21,Eelde,280,2.3,174.0,14.0,1007.1,2.4,2.7,6.0,1.0,4.0,93.0,8.0,525.0
2022-10-22,Eelde,280,3.2,206.0,12.4,1011.7,4.0,0.3,12.0,1.0,6.0,93.0,7.0,505.0
2022-10-23,Eelde,280,3.1,135.0,13.4,1008.2,1.6,0.0,10.0,1.0,5.0,89.0,8.0,391.0
2022-10-24,Eelde,280,6.8,210.0,14.8,1004.3,2.8,0.0,18.0,4.0,12.0,80.0,6.0,421.0
2022-10-25,Eelde,280,4.3,214.0,13.1,1013.2,6.5,0.6,11.0,1.0,6.0,90.0,7.0,559.0
2022-10-26,Eelde,280,3.5,185.0,13.4,1015.7,4.2,0.0,9.0,2.0,6.0,87.0,8.0,602.0
2022-10-27,Eelde,280,3.5,172.0,16.0,1019.4,5.5,0.0,8.0,2.0,5.0,83.0,8.0,572.0
2022-10-28,Eelde,280,3.5,212.0,15.6,1017.1,3.6,0.0,10.0,1.0,6.0,87.0,8.0,487.0
2022-10-29,Eelde,280,1.9,157.0,14.3,1017.8,3.4,0.0,6.0,1.0,3.0,93.0,8.0,449.0
2022-10-30,Eelde,280,2.3,206.0,14.5,1016.8,6.3,0.0,5.0,1.0,3.0,90.0,7.0,588.0
2022-10-31,Eelde,280,2.7,130.0,11.9,1016.7,3.7,0.0,6.0,1.0,4.0,90.0,8.0,469.0
2022-11-01,Eelde,280,7.3,197.0,14.4,1010.6,5.5,0.0,18.0,4.0,12.0,71.0,6.0,534.0
2022-11-02,Eelde,280,6.9,213.0,11.7,1014.8,6.4,3.3,16.0,4.0,9.0,76.0,7.0,668.0
2022-11-03,Eelde,280,5.2,170.0,12.3,1004.1,2.5,4.0,12.0,4.0,7.0,79.0,8.0,407.0
2022-11-04,Eelde,280,3.8,238.0,8.7,1006.2,6.6,2.4,9.0,2.0,6.0,89.0,6.0,602.0
2022-11-05,Eelde,280,4.8,205.0,8.1,1014.0,4.7,0.0,12.0,3.0,7.0,86.0,5.0,509.0
2022-11-06,Eelde,280,6.8,191.0,9.8,1007.1,1.1,4.7,15.0,6.0,9.0,88.0,8.0,280.0
2022-11-07,Eelde,280,6.8,206.0,12.2,1006.9,0.3,6.9,14.0,5.0,9.0,89.0,8.0,237.0
2022-11-08,Eelde,280,5.7,189.0,12.9,1004.2,2.2,5.6,14.0,4.0,7.0,78.0,8.0,352.0
2022-11-09,Eelde,280,6.3,210.0,11.6,1006.8,5.2,0.3,16.0,4.0,10.0,85.0,6.0,376.0
2022-11-10,Eelde,280,6.5,212.0,11.5,1020.4,2.0,0.0,13.0,4.0,8.0,87.0,8.0,293.0
2022-11-11,Eelde,280,5.2,215.0,9.9,1027.9,0.0,0.0,12.0,2.0,8.0,89.0,7.0,158.0
2022-11-12,Eelde,280,1.3,117.0,5.4,1030.4,2.2,0.0,4.0,1.0,2.0,97.0,5.0,313.0
2022-11-13,Eelde,280,3.3,83.0,7.4,1023.5,7.7,0.0,9.0,1.0,6.0,87.0,7.0,582.0
2022-11-14,Eelde,280,3.5,110.0,7.0,1012.7,4.2,0.0,9.0,2.0,5.0,87.0,6.0,404.0
2022-11-15,Eelde,280,3.5,149.0,10.3,1004.7,2.7,1.2,8.0,3.0,4.0,86.0,8.0,252.0
2022-11-16,Eelde,280,4.1,126.0,10.1,998.6,3.9,14.9,14.0,2.0,8.0,91.0,7.0,358.0
2022-11-17,Eelde,280,7.0,104.0,6.9,991.0,0.0,13.4,18.0,5.0,9.0,93.0,8.0,83.0
2022-11-18,Eelde,280,5.5,95.0,3.9,1004.4,0.0,3.1,12.0,5.0,7.0,91.0,8.0,105.0
2022-11-19,Eelde,280,3.4,78.0,-1.3,1014.6,7.3,0.0,11.0,0.0,6.0,80.0,2.0,516.0
2022-11-20,Eelde,280,1.9,140.0,0.7,1008.9,2.0,0.0,5.0,1.0,3.0,82.0,8.0,229.0
2022-11-21,Eelde,280,2.9,137.0,0.4,1000.2,1.1,0.4,8.0,0.0,4.0,93.0,6.0,205.0
2022-11-22,Eelde,280,4.0,144.0,5.8,993.3,1.0,1.2,12.0,3.0,6.0,87.0,8.0,206.0
2022-11-23,Eelde,280,4.6,173.0,8.2,996.9,2.9,0.7,10.0,3.0,6.0,87.0,7.0,286.0
2022-11-24,Eelde,280,4.3,190.0,7.8,1007.1,6.4,0.2,9.0,3.0,6.0,88.0,5.0,408.0
2022-11-25,Eelde,280,4.2,204.0,7.0,1014.8,6.2,2.6,10.0,2.0,6.0,93.0,5.0,385.0
2022-11-26,Eelde,280,3.4,189.0,5.8,1026.1,2.7,0.0,8.0,2.0,4.0,95.0,6.0,252.0
2022-11-27,Eelde,280,4.3,157.0,6.0,1017.8,0.0,3.0,9.0,4.0,5.0,87.0,8.0,98.0
2022-11-28,Eelde,280,3.3,190.0,7.8,1010.2,0.0,3.3,8.0,2.0,5.0,97.0,8.0,82.0
2022-11-29,Eelde,280,2.5,313.0,7.3,1018.3,0.0,0.0,7.0,2.0,4.0,94.0,8.0,126.0
2022-11-30,Eelde,280,2.4,27.0,5.8,1025.3,0.0,0.0,6.0,1.0,4.0,92.0,8.0,116.0
2022-12-01,Eelde,280,2.2,56.0,4.2,1028.3,1.8,0.0,6.0,0.0,4.0,90.0,7.0,245.0
2022-12-02,Eelde,280,4.7,62.0,2.2,1026.8,0.2,0.0,11.0,2.0,6.0,84.0,8.0,108.0
2022-12-03,Eelde,280,5.5,70.0,2.0,1023.0,0.0,0.0,12.0,5.0,6.0,80.0,8.0,155.0
2022-12-04,Eelde,280,5.3,66.0,1.8,1020.3,0.0,0.0,10.0,4.0,6.0,84.0,8.0,69.0
2022-12-05,Eelde,280,4.0,31.0,5.2,1020.0,0.0,1.8,9.0,2.0,6.0,94.0,8.0,42.0
2022-12-06,Eelde,280,2.5,270.0,3.9,1017.7,5.2,0.5,8.0,1.0,4.0,93.0,7.0,331.0
2022-12-07,Eelde,280,3.2,263.0,3.1,1012.9,2.7,3.5,10.0,2.0,4.0,90.0,8.0,228.0
2022-12-08,Eelde,280,2.2,247.0,-0.4,1006.4,3.4,2.1,7.0,0.0,4.0,95.0,5.0,277.0
2022-12-09,Eelde,280,2.0,196.0,-2.6,1006.4,1.7,0.0,6.0,1.0,3.0,96.0,4.0,175.0
2022-12-10,Eelde,280,3.0,200.0,-2.1,1009.6,0.0,0.0,7.0,2.0,4.0,97.0,7.0,84.0
2022-12-11,Eelde,280,2.1,171.0,-0.1,1010.3,0.0,0.0,6.0,2.0,3.0,94.0,8.0,68.0
2022-12-12,Eelde,280,1.5,162.0,-1.8,1012.3,0.7,0.0,4.0,1.0,2.0,87.0,6.0,193.0
2022-12-13,Eelde,280,1.7,191.0,-4.8,1010.3,6.3,0.0,5.0,1.0,3.0,92.0,4.0,443.0
2022-12-14,Eelde,280,1.5,195.0,-6.4,1003.7,6.3,0.0,4.0,1.0,3.0,89.0,1.0,495.0
2022-12-15,Eelde,280,3.7,207.0,-1.2,1006.5,6.1,0.1,8.0,1.0,5.0,90.0,4.0,372.0
2022-12-16,Eelde,280,2.3,16.0,-0.2,1015.9,0.0,0.0,7.0,1.0,5.0,95.0,8.0,76.0
2022-12-17,Eelde,280,4.5,186.0,-2.1,1025.0,3.0,0.0,9.0,3.0,5.0,94.0,7.0,225.0
2022-12-18,Eelde,280,3.6,148.0,-2.9,1024.6,2.2,0.0,10.0,2.0,6.0,81.0,7.0,191.0
2022-12-19,Eelde,280,6.3,189.0,6.3,1012.9,0.0,2.3,12.0,6.0,7.0,92.0,8.0,51.0
2022-12-20,Eelde,280,5.7,204.0,9.7,1009.0,0.0,1.3,13.0,2.0,8.0,92.0,8.0,79.0
2022-12-21,Eelde,280,4.4,207.0,7.2,1007.4,2.7,1.4,11.0,3.0,7.0,95.0,7.0,228.0
2022-12-22,Eelde,280,3.2,229.0,7.2,1002.6,4.0,0.9,9.0,1.0,6.0,96.0,8.0,249.0
2022-12-23,Eelde,280,2.2,88.0,6.5,1002.8,0.0,11.9,7.0,0.0,4.0,98.0,8.0,86.0
2022-12-24,Eelde,280,4.0,226.0,7.1,1009.5,0.0,0.3,9.0,2.0,6.0,95.0,6.0,115.0
2022-12-25,Eelde,280,2.9,186.0,8.2,1010.6,0.0,2.3,8.0,1.0,5.0,97.0,8.0,69.0
2022-12-26,Eelde,280,5.7,232.0,6.2,1011.5,1.6,1.2,18.0,3.0,10.0,87.0,6.0,150.0
2022-12-27,Eelde,280,5.9,214.0,4.9,1018.9,4.4,2.4,14.0,4.0,9.0,87.0,7.0,275.0
2022-12-28,Eelde,280,8.7,206.0,8.3,1004.4,0.0,8.9,16.0,7.0,10.0,93.0,8.0,72.0
2022-12-29,Eelde,280,8.9,223.0,8.7,999.4,1.5,4.5,19.0,7.0,12.0,85.0,7.0,167.0
2022-12-30,Eelde,280,7.7,198.0,7.8,1001.9,0.2,1.0,17.0,5.0,11.0,87.0,7.0,147.0
2022-12-31,Eelde,280,8.5,225.0,12.7,1002.0,0.0,14.2,21.0,5.0,13.0,87.0,8.0,91.0
2023-01-01,Eelde,280,7.4,219.0,11.2,1010.2,2.7,3.6,19.0,2.0,11.0,82.0,8.0,208.0
2023-01-02,Eelde,280,4.4,237.0,7.8,1014.4,0.4,4.9,10.0,3.0,6.0,93.0,7.0,126.0
2023-01-03,Eelde,280,4.5,189.0,4.7,1023.2,0.5,0.0,14.0,2.0,9.0,92.0,7.0,111.0
2023-01-04,Eelde,280,10.1,235.0,10.7,1009.5,0.3,22.6,19.0,8.0,13.0,90.0,8.0,86.0
2023-01-05,Eelde,280,5.2,251.0,9.6,1015.9,0.5,1.0,15.0,3.0,8.0,90.0,8.0,123.0
2023-01-06,Eelde,280,5.9,219.0,8.7,1014.1,4.3,1.1,14.0,3.0,9.0,88.0,7.0,280.0
2023-01-07,Eelde,280,6.4,184.0,10.1,1007.5,3.6,0.6,12.0,5.0,8.0,84.0,8.0,255.0
2023-01-08,Eelde,280,5.2,187.0,7.9,997.6,6.3,0.0,11.0,4.0,7.0,83.0,4.0,331.0
2023-01-09,Eelde,280,4.0,215.0,5.6,997.9,0.5,1.2,10.0,3.0,6.0,92.0,7.0,117.0
2023-01-10,Eelde,280,6.4,197.0,6.3,1010.2,0.5,4.7,16.0,3.0,10.0,91.0,7.0,165.0
2023-01-11,Eelde,280,7.5,224.0,9.1,1005.6,4.5,5.1,17.0,4.0,11.0,87.0,7.0,312.0
2023-01-12,Eelde,280,9.5,230.0,10.1,1000.1,0.5,11.6,19.0,7.0,11.0,90.0,8.0,165.0
2023-01-13,Eelde,280,9.3,240.0,7.8,1002.2,0.7,6.6,19.0,6.0,11.0,81.0,7.0,129.0
2023-01-14,Eelde,280,7.0,214.0,7.1,999.9,0.0,14.0,16.0,5.0,10.0,90.0,8.0,65.0
2023-01-15,Eelde,280,8.6,229.0,5.5,994.3,2.3,2.5,22.0,5.0,13.0,82.0,7.0,228.0
2023-01-16,Eelde,280,3.3,156.0,3.5,982.7,0.0,8.8,10.0,1.0,5.0,93.0,8.0,82.0
2023-01-17,Eelde,280,4.8,247.0,1.5,985.1,5.9,2.8,14.0,3.0,7.0,79.0,2.0,396.0
2023-01-18,Eelde,280,6.0,207.0,1.0,992.5,6.4,6.1,15.0,3.0,10.0,86.0,4.0,453.0
2023-01-19,Eelde,280,4.0,241.0,1.7,1002.3,4.6,2.1,11.0,2.0,6.0,87.0,4.0,402.0
2023-01-20,Eelde,280,3.4,162.0,0.1,1016.8,0.0,0.0,7.0,2.0,5.0,90.0,8.0,111.0
2023-01-21,Eelde,280,1.9,18.0,-0.2,1032.4,6.0,0.0,7.0,0.0,3.0,87.0,3.0,482.0
2023-01-22,Eelde,280,3.5,33.0,1.4,1034.4,0.0,0.0,9.0,2.0,6.0,86.0,8.0,179.0
2023-01-23,Eelde,280,2.1,59.0,2.6,1038.4,0.0,0.0,5.0,1.0,3.0,87.0,8.0,161.0
2023-01-24,Eelde,280,2.3,105.0,1.6,1039.5,0.0,0.0,6.0,1.0,3.0,86.0,8.0,112.0
2023-01-25,Eelde,280,3.5,208.0,-0.7,1031.0,0.0,0.5,8.0,2.0,5.0,93.0,8.0,93.0
2023-01-26,Eelde,280,3.3,344.0,3.7,1024.4,3.7,2.4,10.0,1.0,5.0,88.0,6.0,359.0
2023-01-27,Eelde,280,3.7,41.0,3.2,1028.9,0.3,0.0,10.0,1.0,6.0,78.0,8.0,163.0
2023-01-28,Eelde,280,2.7,242.0,2.7,1029.5,4.2,0.0,6.0,1.0,4.0,81.0,8.0,454.0
2023-01-29,Eelde,280,6.4,227.0,4.5,1021.5,0.0,0.5,14.0,3.0,9.0,90.0,8.0,145.0
2023-01-30,Eelde,280,7.8,281.0,6.1,1015.0,3.2,2.2,22.0,5.0,11.0,79.0,5.0,379.0
2023-01-31,Eelde,280,7.1,256.0,6.0,1016.8,0.6,0.2,15.0,4.0,9.0,82.0,6.0,151.0
2023-02-01,Eelde,280,8.1,270.0,6.4,1014.0,1.1,0.9,19.0,4.0,10.0,76.0,6.0,181.0
2023-02-02,Eelde,280,4.0,253.0,6.5,1020.2,0.0,3.2,14.0,2.0,8.0,89.0,8.0,175.0
2023-02-03,Eelde,280,7.7,286.0,8.2,1023.3,1.8,0.3,16.0,3.0,10.0,79.0,8.0,313.0
2023-02-04,Eelde,280,2.3,111.0,5.3,1035.9,5.7,0.0,7.0,1.0,4.0,81.0,8.0,567.0
2023-02-05,Eelde,280,4.8,342.0,5.5,1038.2,5.0,2.8,16.0,1.0,8.0,85.0,7.0,475.0
2023-02-06,Eelde,280,1.6,342.0,2.0,1041.4,4.9,0.0,6.0,1.0,4.0,91.0,4.0,534.0
2023-02-07,Eelde,280,1.6,166.0,-1.2,1040.3,8.3,0.0,6.0,0.0,3.0,88.0,1.0,773.0
2023-02-08,Eelde,280,2.2,162.0,-0.1,1036.2,8.1,0.0,8.0,1.0,5.0,69.0,7.0,789.0
2023-02-09,Eelde,280,4.2,215.0,1.3,1030.6,2.6,0.0,8.0,3.0,5.0,76.0,8.0,348.0
2023-02-10,Eelde,280,5.4,234.0,3.9,1032.9,6.9,0.0,14.0,3.0,9.0,85.0,8.0,616.0
2023-02-11,Eelde,280,4.2,257.0,7.2,1032.9,0.7,0.0,10.0,2.0,6.0,89.0,8.0,252.0
2023-02-12,Eelde,280,2.0,250.0,6.6,1038.3,0.2,0.0,6.0,1.0,4.0,89.0,8.0,281.0
2023-02-13,Eelde,280,1.8,82.0,5.2,1036.9,0.5,0.0,5.0,1.0,3.0,88.0,6.0,275.0
2023-02-14,Eelde,280,1.3,138.0,3.3,1032.5,8.2,0.0,4.0,0.0,2.0,91.0,3.0,819.0
2023-02-15,Eelde,280,2.3,190.0,3.8,1024.7,8.7,0.0,7.0,0.0,4.0,86.0,7.0,706.0
2023-02-16,Eelde,280,4.8,213.0,7.4,1019.6,1.2,1.5,10.0,3.0,6.0,89.0,8.0,312.0
2023-02-17,Eelde,280,8.4,251.0,9.4,1015.6,1.5,0.4,19.0,3.0,12.0,83.0,8.0,264.0
2023-02-18,Eelde,280,5.8,258.0,9.1,1015.0,0.2,5.3,18.0,3.0,10.0,89.0,8.0,259.0
2023-02-19,Eelde,280,3.2,268.0,6.2,1021.4,5.8,1.5,9.0,1.0,7.0,85.0,8.0,682.0
2023-02-20,Eelde,280,8.2,245.0,8.7,1017.6,0.6,0.0,16.0,6.0,9.0,86.0,8.0,229.0
2023-02-21,Eelde,280,3.5,249.0,9.1,1016.9,0.0,0.0,11.0,1.0,6.0,92.0,8.0,241.0
2023-02-22,Eelde,280,2.2,173.0,7.7,1012.0,1.4,0.0,6.0,1.0,3.0,91.0,8.0,428.0
2023-02-23,Eelde,280,2.6,304.0,5.8,1014.4,0.3,0.7,9.0,1.0,5.0,87.0,7.0,192.0
2023-02-24,Eelde,280,5.8,285.0,4.7,1005.2,2.6,5.0,15.0,3.0,8.0,84.0,7.0,411.0
2023-02-25,Eelde,280,5.3,4.0,3.9,1011.8,8.1,0.1,15.0,4.0,9.0,64.0,5.0,940.0
2023-02-26,Eelde,280,3.6,26.0,1.7,1025.8,9.1,0.0,11.0,1.0,7.0,66.0,2.0,1047.0
2023-02-27,Eelde,280,2.4,18.0,2.0,1031.1,6.1,0.0,9.0,0.0,6.0,80.0,7.0,775.0
2023-02-28,Eelde,280,1.7,120.0,2.4,1031.9,7.0,2.2,5.0,0.0,3.0,85.0,4.0,985.0
2023-03-01,Eelde,280,2.7,57.0,1.3,1029.2,9.8,0.0,9.0,0.0,6.0,85.0,6.0,1164.0
2023-03-02,Eelde,280,3.5,42.0,2.3,1026.2,5.0,0.0,7.0,2.0,4.0,93.0,6.0,827.0
2023-03-03,Eelde,280,2.6,304.0,3.4,1025.6,1.9,0.0,8.0,1.0,5.0,84.0,8.0,597.0
2023-03-04,Eelde,280,4.3,319.0,5.1,1023.1,2.1,0.7,11.0,3.0,6.0,81.0,8.0,559.0
2023-03-05,Eelde,280,3.5,274.0,3.2,1013.8,5.2,1.1,10.0,2.0,5.0,85.0,8.0,832.0
2023-03-06,Eelde,280,3.9,220.0,2.8,1002.1,5.7,5.8,14.0,0.0,8.0,85.0,8.0,870.0
2023-03-07,Eelde,280,4.3,262.0,1.5,995.6,3.1,1.0,12.0,2.0,6.0,84.0,6.0,638.0
2023-03-08,Eelde,280,2.5,113.0,0.3,995.5,2.9,0.0,6.0,1.0,4.0,82.0,7.0,731.0
2023-03-09,Eelde,280,3.6,75.0,1.4,996.1,2.2,3.7,11.0,3.0,7.0,87.0,8.0,623.0
2023-03-10,Eelde,280,5.4,25.0,0.4,993.3,0.0,12.4,12.0,3.0,7.0,96.0,8.0,264.0
2023-03-11,Eelde,280,3.4,251.0,-0.3,1009.4,9.8,0.3,11.0,1.0,6.0,84.0,5.0,1405.0
2023-03-12,Eelde,280,4.7,203.0,4.4,1005.6,0.3,1.2,12.0,1.0,7.0,89.0,8.0,318.0
2023-03-13,Eelde,280,11.0,225.0,11.5,990.8,5.8,3.7,25.0,6.0,16.0,77.0,6.0,861.0
2023-03-14,Eelde,280,7.0,274.0,5.4,996.7,4.2,7.1,16.0,3.0,10.0,76.0,7.0,931.0
2023-03-15,Eelde,280,3.6,251.0,3.1,1016.0,10.2,0.1,11.0,1.0,6.0,72.0,4.0,1450.0
2023-03-16,Eelde,280,5.5,160.0,6.5,1012.5,1.3,0.6,14.0,4.0,7.0,68.0,8.0,581.0
2023-03-17,Eelde,280,3.2,186.0,11.1,1006.6,3.6,0.0,8.0,1.0,5.0,66.0,8.0,1022.0
2023-03-18,Eelde,280,3.0,192.0,11.2,1009.4,4.5,0.5,7.0,2.0,4.0,86.0,8.0,968.0
2023-03-19,Eelde,280,3.7,238.0,9.6,1014.0,3.1,0.5,8.0,3.0,5.0,89.0,7.0,803.0
2023-03-20,Eelde,280,4.9,219.0,8.2,1016.4,0.0,1.1,11.0,3.0,7.0,89.0,8.0,493.0
2023-03-21,Eelde,280,5.0,211.0,9.9,1010.9,0.6,4.5,11.0,4.0,7.0,91.0,7.0,473.0
2023-03-22,Eelde,280,6.8,203.0,10.3,1003.4,0.4,11.4,16.0,4.0,9.0,90.0,8.0,342.0
2023-03-23,Eelde,280,7.8,225.0,11.9,1000.0,7.5,12.6,18.0,3.0,10.0,79.0,7.0,1246.0
2023-03-24,Eelde,280,8.5,228.0,11.2,998.0,8.4,6.6,17.0,6.0,11.0,76.0,6.0,1483.0
2023-03-25,Eelde,280,7.8,246.0,8.7,999.8,1.7,4.7,18.0,4.0,11.0,85.0,8.0,644.0
2023-03-26,Eelde,280,3.8,359.0,5.8,1006.7,3.1,0.0,10.0,1.0,6.0,70.0,6.0,922.0
2023-03-27,Eelde,280,5.3,300.0,3.7,1019.7,10.3,0.4,17.0,3.0,9.0,73.0,4.0,1539.0
2023-03-28,Eelde,280,4.2,211.0,4.2,1022.2,5.9,1.1,10.0,2.0,6.0,73.0,6.0,1312.0
2023-03-29,Eelde,280,4.5,190.0,9.2,1011.2,1.2,0.8,9.0,3.0,7.0,84.0,8.0,873.0
2023-03-30,Eelde,280,7.3,231.0,12.1,1002.9,2.0,0.1,19.0,4.0,10.0,80.0,7.0,760.0
2023-03-31,Eelde,280,3.8,177.0,10.5,993.7,1.3,6.5,11.0,2.0,5.0,91.0,8.0,621.0
2023-04-01,Eelde,280,6.4,56.0,8.0,1000.9,0.2,6.2,14.0,3.0,9.0,91.0,8.0,472.0
2023-04-02,Eelde,280,6.2,56.0,4.5,1025.2,11.6,0.0,14.0,4.0,8.0,68.0,1.0,1940.0
2023-04-03,Eelde,280,3.6,65.0,3.5,1033.0,12.4,0.0,10.0,1.0,6.0,66.0,3.0,2046.0
2023-04-04,Eelde,280,2.3,58.0,3.5,1028.9,11.5,0.0,7.0,1.0,4.0,67.0,6.0,1831.0
2023-04-05,Eelde,280,1.8,92.0,3.8,1022.5,12.5,0.0,7.0,0.0,3.0,66.0,0.0,2051.0
2023-04-06,Eelde,280,3.9,152.0,6.4,1015.6,5.6,2.3,11.0,2.0,7.0,71.0,6.0,1316.0
2023-04-07,Eelde,280,3.2,105.0,8.0,1018.4,2.8,1.1,8.0,2.0,4.0,79.0,5.0,948.0
2023-04-08,Eelde,280,2.8,63.0,7.0,1026.1,2.8,0.0,6.0,2.0,4.0,87.0,7.0,857.0
2023-04-09,Eelde,280,2.4,133.0,9.9,1024.7,5.0,0.0,7.0,1.0,4.0,72.0,7.0,1297.0
2023-04-10,Eelde,280,5.6,179.0,10.8,1013.0,2.9,6.8,16.0,2.0,9.0,70.0,8.0,1064.0
2023-04-11,Eelde,280,5.5,246.0,7.9,1008.6,6.6,5.0,15.0,2.0,8.0,74.0,6.0,1190.0
2023-04-12,Eelde,280,4.5,180.0,8.5,997.6,2.5,10.2,10.0,2.0,6.0,78.0,7.0,978.0
2023-04-13,Eelde,280,5.8,210.0,7.2,1000.5,5.0,4.6,15.0,2.0,9.0,81.0,6.0,1034.0
2023-04-14,Eelde,280,2.8,104.0,8.5,1009.4,8.5,0.0,8.0,1.0,5.0,68.0,5.0,1748.0
2023-04-15,Eelde,280,4.3,355.0,7.1,1015.7,0.8,0.4,12.0,2.0,6.0,91.0,7.0,597.0
2023-04-16,Eelde,280,3.1,339.0,9.3,1024.1,2.6,0.0,7.0,2.0,4.0,90.0,8.0,1257.0
2023-04-17,Eelde,280,3.5,17.0,10.1,1027.9,8.5,0.0,9.0,2.0,6.0,77.0,4.0,1850.0
2023-04-18,Eelde,280,6.3,65.0,9.6,1029.6,12.0,0.0,13.0,4.0,9.0,68.0,3.0,2231.0
2023-04-19,Eelde,280,6.5,52.0,9.3,1028.3,13.2,0.0,15.0,4.0,10.0,59.0,3.0,2370.0
2023-04-20,Eelde,280,5.9,57.0,8.4,1020.9,4.0,1.4,12.0,3.0,8.0,77.0,8.0,1086.0
2023-04-21,Eelde,280,5.8,87.0,14.1,1013.4,10.1,1.1,14.0,2.0,8.0,62.0,5.0,1923.0
2023-04-22,Eelde,280,2.9,188.0,11.7,1006.7,3.2,1.1,10.0,1.0,5.0,86.0,7.0,1303.0
2023-04-23,Eelde,280,3.6,177.0,11.7,1003.1,5.4,9.2,12.0,2.0,6.0,82.0,7.0,1582.0
2023-04-24,Eelde,280,5.1,273.0,8.6,1002.4,0.3,6.3,13.0,3.0,7.0,87.0,8.0,433.0
2023-04-25,Eelde,280,4.9,295.0,5.9,1013.8,8.6,0.3,14.0,3.0,8.0,71.0,6.0,1750.0
2023-04-26,Eelde,280,3.1,278.0,4.6,1018.8,4.9,0.4,9.0,1.0,5.0,77.0,7.0,1126.0
2023-04-27,Eelde,280,2.8,63.0,6.5,1020.0,7.6,0.0,7.0,1.0,4.0,73.0,6.0,1752.0
2023-04-28,Eelde,280,3.3,71.0,8.8,1011.4,0.5,6.1,7.0,1.0,5.0,87.0,8.0,787.0
2023-04-29,Eelde,280,3.5,348.0,9.6,1020.0,9.2,0.0,10.0,1.0,5.0,77.0,4.0,2254.0
2023-04-30,Eelde,280,2.1,87.0,9.3,1022.9,10.7,0.0,6.0,0.0,4.0,76.0,7.0,2297.0
2023-05-01,Eelde,280,3.0,319.0,11.6,1016.2,8.9,0.0,10.0,1.0,6.0,72.0,8.0,1876.0
2023-05-02,Eelde,280,3.9,330.0,7.6,1026.1,2.4,0.1,10.0,1.0,6.0,69.0,8.0,1182.0
2023-05-03,Eelde,280,2.8,40.0,7.4,1029.0,7.5,0.0,8.0,0.0,5.0,73.0,8.0,2016.0
2023-05-04,Eelde,280,4.6,72.0,11.9,1020.5,10.2,0.0,10.0,3.0,6.0,65.0,8.0,2108.0
2023-05-05,Eelde,280,2.6,129.0,12.9,1015.9,5.0,9.0,12.0,0.0,6.0,83.0,7.0,1383.0
2023-05-06,Eelde,280,2.5,92.0,12.8,1017.0,4.7,7.4,9.0,1.0,4.0,90.0,8.0,1180.0
2023-05-07,Eelde,280,4.2,99.0,13.2,1019.4,6.4,1.1,9.0,2.0,5.0,83.0,8.0,1853.0
2023-05-08,Eelde,280,2.4,130.0,14.8,1020.4,7.0,2.3,8.0,1.0,4.0,82.0,6.0,1817.0
2023-05-09,Eelde,280,2.7,184.0,15.1,1011.1,0.1,7.1,8.0,1.0,5.0,92.0,8.0,740.0
2023-05-10,Eelde,280,2.7,290.0,12.6,1010.7,0.5,1.8,7.0,1.0,4.0,92.0,8.0,576.0
2023-05-11,Eelde,280,2.9,27.0,11.9,1016.2,0.8,2.3,7.0,1.0,4.0,92.0,8.0,1092.0
2023-05-12,Eelde,280,3.6,42.0,15.8,1019.7,8.1,0.0,10.0,2.0,5.0,74.0,4.0,2076.0
2023-05-13,Eelde,280,3.9,27.0,15.4,1021.9,14.3,0.0,10.0,2.0,6.0,69.0,1.0,2659.0
2023-05-14,Eelde,280,2.4,360.0,14.2,1017.7,7.8,0.0,8.0,2.0,4.0,79.0,8.0,2019.0
2023-05-15,Eelde,280,4.0,322.0,11.4,1015.0,6.2,1.0,10.0,2.0,5.0,84.0,8.0,2046.0
2023-05-16,Eelde,280,4.6,305.0,9.9,1020.6,7.3,0.0,13.0,2.0,8.0,75.0,5.0,1859.0
2023-05-17,Eelde,280,3.6,337.0,9.1,1027.5,5.8,0.0,10.0,2.0,5.0,62.0,7.0,1916.0
2023-05-18,Eelde,280,2.9,38.0,9.9,1029.3,9.5,0.0,9.0,0.0,5.0,70.0,7.0,2333.0
2023-05-19,Eelde,280,3.7,47.0,12.5,1027.2,13.9,0.0,12.0,1.0,6.0,68.0,3.0,2692.0
2023-05-20,Eelde,280,4.8,53.0,14.4,1024.1,7.2,0.0,11.0,2.0,7.0,67.0,5.0,2109.0
2023-05-21,Eelde,280,3.7,30.0,16.8,1018.1,6.7,0.0,9.0,2.0,5.0,78.0,8.0,2188.0
2023-05-22,Eelde,280,4.1,336.0,16.6,1015.3,6.2,0.0,10.0,1.0,6.0,85.0,7.0,1830.0
2023-05-23,Eelde,280,6.0,331.0,11.0,1021.8,6.2,0.4,15.0,2.0,8.0,76.0,6.0,1792.0
2023-05-24,Eelde,280,3.3,331.0,10.6,1024.4,3.7,0.0,10.0,1.0,5.0,78.0,5.0,1323.0
2023-05-25,Eelde,280,3.7,12.0,10.5,1029.0,11.1,0.0,11.0,1.0,6.0,74.0,3.0,2441.0
2023-05-26,Eelde,280,4.1,19.0,10.7,1031.6,11.7,0.0,10.0,1.0,6.0,71.0,3.0,2469.0
2023-05-27,Eelde,280,2.8,43.0,12.6,1026.7,12.8,0.0,8.0,1.0,5.0,77.0,3.0,2757.0
2023-05-28,Eelde,280,4.3,18.0,13.6,1023.5,13.4,0.0,10.0,2.0,6.0,72.0,3.0,2850.0
2023-05-29,Eelde,280,4.8,14.0,11.6,1027.0,10.8,0.0,11.0,3.0,6.0,67.0,8.0,2566.0
2023-05-30,Eelde,280,3.4,10.0,11.8,1028.1,1.3,0.0,8.0,3.0,4.0,80.0,7.0,929.0
2023-05-31,Eelde,280,3.8,19.0,13.0,1026.6,14.6,0.0,10.0,1.0,6.0,79.0,6.0,2866.0
2023-06-01,Eelde,280,4.0,340.0,11.4,1023.2,0.0,0.0,9.0,3.0,5.0,77.0,8.0,801.0
2023-06-02,Eelde,280,4.0,23.0,14.4,1022.3,11.1,0.0,11.0,2.0,6.0,67.0,4.0,2560.0
2023-06-03,Eelde,280,4.0,53.0,14.4,1023.8,14.4,0.0,11.0,2.0,7.0,57.0,2.0,2895.0
2023-06-04,Eelde,280,3.2,23.0,13.1,1024.1,15.0,0.0,8.0,1.0,5.0,72.0,2.0,2902.0
2023-06-05,Eelde,280,3.0,16.0,13.4,1023.2,12.4,0.0,9.0,1.0,5.0,74.0,2.0,2803.0
2023-06-06,Eelde,280,3.7,14.0,13.3,1022.4,15.4,0.0,9.0,2.0,5.0,77.0,1.0,2944.0
2023-06-07,Eelde,280,3.6,22.0,13.9,1021.7,12.6,0.0,9.0,2.0,5.0,75.0,4.0,2906.0
2023-06-08,Eelde,280,4.6,33.0,14.7,1019.1,13.0,0.0,10.0,3.0,7.0,75.0,3.0,2831.0
2023-06-09,Eelde,280,4.8,50.0,19.2,1016.9,15.2,0.0,11.0,3.0,7.0,66.0,1.0,2872.0
2023-06-10,Eelde,280,4.1,57.0,19.7,1017.7,15.5,0.0,9.0,2.0,5.0,65.0,0.0,3098.0
2023-06-11,Eelde,280,4.0,98.0,23.6,1017.3,15.3,0.0,10.0,3.0,5.0,51.0,0.0,2795.0
2023-06-12,Eelde,280,3.5,78.0,21.8,1017.0,15.0,0.0,9.0,2.0,5.0,50.0,2.0,2807.0
2023-06-13,Eelde,280,4.7,54.0,20.2,1016.6,15.4,0.0,10.0,3.0,6.0,45.0,1.0,3050.0
2023-06-14,Eelde,280,4.6,66.0,19.2,1019.3,14.6,0.0,12.0,2.0,7.0,57.0,1.0,2817.0
2023-06-15,Eelde,280,3.3,38.0,19.1,1020.3,15.2,0.0,10.0,1.0,7.0,55.0,1.0,2982.0
2023-06-16,Eelde,280,3.5,309.0,17.5,1018.3,15.3,0.0,10.0,1.0,6.0,66.0,2.0,2947.0
2023-06-17,Eelde,280,2.6,343.0,18.4,1015.4,10.7,0.0,7.0,2.0,4.0,76.0,5.0,2580.0
2023-06-18,Eelde,280,2.5,86.0,21.0,1012.7,5.4,0.0,8.0,1.0,4.0,66.0,8.0,2051.0
2023-06-19,Eelde,280,4.5,225.0,20.3,1011.5,6.9,0.0,12.0,1.0,7.0,68.0,7.0,1683.0
2023-06-20,Eelde,280,3.2,109.0,21.4,1011.3,3.3,5.1,14.0,1.0,5.0,75.0,8.0,1782.0
2023-06-21,Eelde,280,4.0,251.0,21.1,1016.2,13.4,0.0,11.0,1.0,6.0,73.0,5.0,2731.0
2023-06-22,Eelde,280,3.5,25.0,19.3,1018.0,5.6,2.9,9.0,0.0,6.0,76.0,8.0,1886.0
2023-06-23,Eelde,280,3.5,311.0,19.4,1022.3,11.4,0.0,10.0,1.0,6.0,70.0,5.0,2746.0
2023-06-24,Eelde,280,2.7,273.0,20.6,1023.1,10.1,0.0,9.0,0.0,4.0,69.0,4.0,2340.0
2023-06-25,Eelde,280,2.6,157.0,24.3,1016.5,15.4,0.0,9.0,1.0,4.0,59.0,1.0,2859.0
2023-06-26,Eelde,280,5.0,270.0,18.8,1015.5,11.3,0.1,13.0,2.0,8.0,66.0,4.0,2436.0
2023-06-27,Eelde,280,3.8,275.0,16.1,1018.6,6.6,0.0,11.0,2.0,6.0,69.0,6.0,1919.0
2023-06-28,Eelde,280,2.6,198.0,16.2,1017.4,0.0,1.9,7.0,1.0,4.0,91.0,8.0,600.0
2023-06-29,Eelde,280,3.5,240.0,18.5,1013.5,1.0,0.1,9.0,1.0,6.0,85.0,8.0,1031.0
2023-06-30,Eelde,280,3.9,246.0,17.4,1011.3,8.3,0.0,10.0,2.0,5.0,65.0,7.0,2291.0
2023-07-01,Eelde,280,5.8,233.0,17.2,1002.8,1.0,2.9,15.0,4.0,8.0,81.0,8.0,909.0
2023-07-02,Eelde,280,5.9,253.0,16.2,1007.3,5.4,0.0,14.0,4.0,9.0,64.0,6.0,1625.0
2023-07-03,Eelde,280,5.7,237.0,15.0,1007.6,5.2,4.4,15.0,3.0,8.0,72.0,7.0,1317.0
2023-07-04,Eelde,280,5.1,236.0,15.7,1009.9,6.2,3.0,15.0,1.0,9.0,70.0,8.0,2061.0
2023-07-05,Eelde,280,7.9,224.0,13.8,1005.2,4.6,12.4,27.0,3.0,16.0,84.0,6.0,1196.0
2023-07-06,Eelde,280,3.3,233.0,16.3,1016.8,11.1,0.0,10.0,0.0,6.0,73.0,5.0,2391.0
2023-07-07,Eelde,280,2.7,105.0,19.7,1020.3,15.4,0.0,9.0,0.0,5.0,60.0,2.0,2912.0
2023-07-08,Eelde,280,3.8,86.0,23.9,1018.0,14.2,0.0,9.0,2.0,5.0,55.0,2.0,2814.0
2023-07-09,Eelde,280,2.7,354.0,22.9,1018.2,7.8,11.4,21.0,1.0,8.0,73.0,7.0,2037.0
2023-07-10,Eelde,280,3.3,263.0,19.9,1019.6,11.8,0.0,11.0,1.0,6.0,72.0,6.0,2587.0
2023-07-11,Eelde,280,3.8,222.0,21.5,1011.3,7.9,16.4,13.0,1.0,8.0,70.0,8.0,2341.0
2023-07-12,Eelde,280,4.5,241.0,18.1,1009.8,9.7,9.9,12.0,2.0,7.0,77.0,5.0,2061.0
2023-07-13,Eelde,280,4.4,242.0,17.5,1014.9,10.0,0.1,13.0,1.0,7.0,75.0,5.0,2224.0
2023-07-14,Eelde,280,3.1,169.0,18.6,1012.5,7.0,0.0,9.0,1.0,5.0,72.0,7.0,1970.0
2023-07-15,Eelde,280,5.7,201.0,21.4,1004.3,10.0,3.3,21.0,3.0,9.0,66.0,7.0,2187.0
2023-07-16,Eelde,280,6.9,218.0,17.9,1010.7,7.3,0.5,16.0,2.0,10.0,67.0,6.0,1494.0
2023-07-17,Eelde,280,5.1,240.0,16.7,1016.8,11.7,3.3,13.0,2.0,8.0,74.0,4.0,2262.0
2023-07-18,Eelde,280,2.6,244.0,17.1,1017.7,5.9,0.0,7.0,1.0,4.0,78.0,8.0,1750.0
2023-07-19,Eelde,280,3.0,298.0,16.9,1013.1,4.2,0.3,10.0,0.0,6.0,78.0,8.0,1743.0
2023-07-20,Eelde,280,2.2,305.0,15.4,1014.2,9.2,0.0,8.0,0.0,4.0,74.0,5.0,2141.0
2023-07-21,Eelde,280,2.6,264.0,14.7,1011.2,8.7,0.8,12.0,0.0,5.0,78.0,7.0,1761.0
2023-07-22,Eelde,280,3.6,203.0,14.4,1011.3,2.1,6.4,10.0,2.0,6.0,90.0,8.0,962.0
2023-07-23,Eelde,280,6.1,207.0,17.0,1004.1,3.7,5.4,14.0,4.0,9.0,85.0,7.0,986.0
2023-07-24,Eelde,280,4.3,253.0,16.5,1002.3,2.5,0.9,11.0,2.0,7.0,85.0,7.0,1262.0
2023-07-25,Eelde,280,3.7,287.0,14.4,1007.3,6.5,0.6,11.0,2.0,6.0,76.0,7.0,1741.0
2023-07-26,Eelde,280,3.5,242.0,13.9,1010.6,9.2,3.9,12.0,1.0,6.0,83.0,6.0,2069.0
2023-07-27,Eelde,280,3.0,206.0,16.0,1003.5,0.2,9.4,7.0,1.0,4.0,95.0,8.0,750.0
2023-07-28,Eelde,280,3.4,250.0,20.1,1005.4,5.5,0.4,8.0,1.0,5.0,84.0,8.0,1625.0
2023-07-29,Eelde,280,4.1,235.0,18.2,1005.9,7.9,0.3,12.0,2.0,7.0,82.0,5.0,1759.0
2023-07-30,Eelde,280,5.4,223.0,16.9,1008.3,5.6,3.4,14.0,3.0,7.0,82.0,7.0,1557.0
2023-07-31,Eelde,280,4.8,221.0,17.2,1002.4,0.2,21.8,11.0,2.0,7.0,94.0,8.0,731.0
2023-08-01,Eelde,280,5.3,244.0,16.2,997.5,4.5,5.3,13.0,3.0,7.0,89.0,8.0,1322.0
2023-08-02,Eelde,280,4.0,184.0,16.6,991.7,4.6,12.8,14.0,2.0,8.0,88.0,8.0,1149.0
2023-08-03,Eelde,280,4.3,285.0,17.6,997.7,5.9,2.3,13.0,2.0,7.0,84.0,7.0,1630.0
2023-08-04,Eelde,280,3.3,302.0,16.5,1013.2,4.9,1.0,10.0,1.0,6.0,82.0,7.0,1617.0
2023-08-05,Eelde,280,2.6,146.0,14.9,1011.1,3.2,11.1,10.0,1.0,5.0,87.0,8.0,1274.0
2023-08-06,Eelde,280,3.4,348.0,16.4,1006.8,7.2,0.1,9.0,1.0,5.0,82.0,7.0,2046.0
2023-08-07,Eelde,280,5.4,282.0,14.7,1012.1,5.7,3.3,16.0,3.0,9.0,79.0,6.0,1516.0
2023-08-08,Eelde,280,5.7,256.0,14.4,1010.4,11.0,0.1,17.0,2.0,10.0,76.0,4.0,2013.0
2023-08-09,Eelde,280,3.8,262.0,14.4,1015.8,12.1,0.0,11.0,2.0,6.0,76.0,3.0,2135.0
2023-08-10,Eelde,280,1.8,194.0,16.0,1021.0,1.6,0.0,6.0,1.0,3.0,82.0,8.0,1016.0
2023-08-11,Eelde,280,3.1,198.0,20.6,1018.6,9.3,0.1,8.0,1.0,5.0,76.0,4.0,2018.0
2023-08-12,Eelde,280,3.0,216.0,18.5,1014.9,5.5,10.8,10.0,2.0,6.0,86.0,6.0,1145.0
2023-08-13,Eelde,280,3.8,209.0,17.4,1015.4,4.5,0.8,10.0,1.0,7.0,84.0,6.0,1442.0
2023-08-14,Eelde,280,2.3,180.0,18.8,1013.9,9.3,0.0,7.0,0.0,4.0,80.0,6.0,1997.0
2023-08-15,Eelde,280,3.0,246.0,18.2,1015.6,8.7,0.0,10.0,1.0,6.0,81.0,5.0,1789.0
2023-08-16,Eelde,280,2.5,39.0,16.7,1022.0,12.7,0.0,8.0,0.0,5.0,79.0,6.0,2263.0
2023-08-17,Eelde,280,4.8,52.0,17.3,1021.2,1.5,0.0,11.0,3.0,7.0,81.0,8.0,1076.0
2023-08-18,Eelde,280,2.8,77.0,19.9,1016.7,3.4,0.0,7.0,2.0,4.0,86.0,7.0,1221.0
2023-08-19,Eelde,280,2.8,201.0,20.2,1015.6,2.9,0.6,10.0,1.0,5.0,87.0,6.0,905.0
2023-08-20,Eelde,280,2.3,241.0,18.0,1022.1,12.4,0.0,8.0,0.0,5.0,80.0,1.0,2116.0
2023-08-21,Eelde,280,1.5,253.0,18.1,1022.7,12.7,0.0,6.0,0.0,4.0,76.0,4.0,2179.0
2023-08-22,Eelde,280,2.8,242.0,18.5,1019.8,11.1,0.0,8.0,1.0,5.0,79.0,4.0,2005.0
2023-08-23,Eelde,280,2.6,257.0,17.8,1019.5,6.8,0.0,8.0,0.0,5.0,81.0,7.0,1592.0
2023-08-24,Eelde,280,2.0,120.0,19.0,1013.4,3.8,0.0,6.0,0.0,4.0,86.0,7.0,935.0
2023-08-25,Eelde,280,2.0,292.0,18.7,1007.4,1.1,6.1,8.0,1.0,3.0,94.0,8.0,576.0
2023-08-26,Eelde,280,2.8,220.0,14.8,1009.2,5.3,12.3,11.0,1.0,5.0,90.0,6.0,1343.0
2023-08-27,Eelde,280,3.7,213.0,14.2,1007.9,5.4,1.7,11.0,1.0,5.0,88.0,6.0,1216.0
2023-08-28,Eelde,280,2.5,284.0,14.7,1011.7,9.7,0.6,9.0,1.0,4.0,82.0,5.0,1631.0
2023-08-29,Eelde,280,1.4,229.0,14.0,1010.6,4.4,0.1,5.0,0.0,3.0,84.0,6.0,1307.0
2023-08-30,Eelde,280,2.9,208.0,12.8,1005.2,2.1,5.0,9.0,2.0,5.0,90.0,7.0,783.0
2023-08-31,Eelde,280,3.3,249.0,13.1,1008.6,9.7,6.7,13.0,1.0,6.0,84.0,5.0,1607.0
2023-09-01,Eelde,280,1.4,82.0,13.9,1013.9,7.4,0.0,5.0,0.0,3.0,84.0,6.0,1590.0
2023-09-02,Eelde,280,1.6,9.0,15.3,1021.8,10.4,0.0,6.0,0.0,3.0,82.0,6.0,1718.0
2023-09-03,Eelde,280,1.1,254.0,15.4,1028.0,10.1,0.0,7.0,0.0,3.0,82.0,7.0,1738.0
2023-09-04,Eelde,280,1.8,99.0,16.8,1026.0,12.5,0.0,6.0,0.0,3.0,78.0,7.0,1938.0
2023-09-05,Eelde,280,2.5,88.0,20.4,1020.5,12.5,0.0,6.0,2.0,4.0,77.0,1.0,1937.0
2023-09-06,Eelde,280,2.1,119.0,22.1,1020.6,12.4,0.0,7.0,1.0,4.0,73.0,1.0,1944.0
2023-09-07,Eelde,280,3.1,98.0,21.8,1020.1,12.4,0.0,9.0,2.0,5.0,68.0,2.0,1932.0
2023-09-08,Eelde,280,1.9,142.0,21.4,1017.1,12.0,0.0,7.0,0.0,4.0,73.0,3.0,1870.0
2023-09-09,Eelde,280,1.1,284.0,20.4,1016.7,12.0,0.0,6.0,0.0,3.0,82.0,1.0,1771.0
2023-09-10,Eelde,280,1.4,107.0,21.0,1017.2,12.0,0.0,4.0,0.0,3.0,81.0,4.0,1632.0
2023-09-11,Eelde,280,2.8,232.0,22.1,1012.5,11.6,0.6,8.0,1.0,5.0,79.0,6.0,1637.0
2023-09-12,Eelde,280,2.4,265.0,19.1,1012.8,2.7,0.8,7.0,1.0,4.0,90.0,8.0,889.0
2023-09-13,Eelde,280,3.3,15.0,14.4,1018.6,2.5,11.8,10.0,1.0,5.0,83.0,7.0,811.0
2023-09-14,Eelde,280,1.8,171.0,13.8,1022.5,9.8,0.0,5.0,1.0,3.0,74.0,7.0,1482.0
2023-09-15,Eelde,280,1.9,109.0,14.3,1018.5,11.3,0.0,6.0,0.0,3.0,79.0,7.0,1703.0
2023-09-16,Eelde,280,1.7,26.0,16.2,1015.1,8.6,0.0,6.0,0.0,3.0,79.0,6.0,1416.0
2023-09-17,Eelde,280,2.2,84.0,16.7,1012.5,1.5,0.1,7.0,1.0,4.0,91.0,8.0,649.0
2023-09-18,Eelde,280,5.0,197.0,18.4,1002.3,4.0,11.7,18.0,2.0,8.0,86.0,7.0,813.0
2023-09-19,Eelde,280,8.2,210.0,15.4,1005.4,3.2,1.7,19.0,5.0,12.0,85.0,7.0,807.0
2023-09-20,Eelde,280,6.4,196.0,18.2,1003.6,1.8,0.0,14.0,4.0,8.0,77.0,8.0,740.0
2023-09-21,Eelde,280,2.9,180.0,15.8,997.1,0.2,7.7,11.0,1.0,6.0,87.0,8.0,309.0
2023-09-22,Eelde,280,4.1,211.0,13.9,1000.6,2.1,2.0,12.0,2.0,7.0,88.0,8.0,790.0
2023-09-23,Eelde,280,3.3,223.0,12.8,1013.4,5.9,8.6,10.0,1.0,6.0,91.0,6.0,941.0
2023-09-24,Eelde,280,3.7,184.0,14.0,1023.2,11.1,0.0,11.0,1.0,7.0,77.0,3.0,1514.0
2023-09-25,Eelde,280,3.3,174.0,15.7,1021.8,6.0,0.0,9.0,1.0,5.0,74.0,7.0,1113.0
2023-09-26,Eelde,280,1.8,159.0,15.8,1020.2,4.2,0.0,6.0,1.0,4.0,82.0,8.0,981.0
2023-09-27,Eelde,280,2.2,147.0,17.1,1017.4,4.6,0.0,9.0,1.0,5.0,83.0,8.0,946.0
2023-09-28,Eelde,280,3.9,207.0,17.1,1015.2,2.3,0.0,11.0,0.0,7.0,81.0,6.0,709.0
2023-09-29,Eelde,280,3.9,225.0,15.3,1016.5,2.1,3.2,11.0,2.0,6.0,87.0,6.0,570.0
2023-09-30,Eelde,280,2.5,228.0,14.3,1024.5,6.0,0.0,7.0,1.0,4.0,84.0,7.0,891.0
2023-10-01,Eelde,280,3.3,215.0,17.3,1020.9,3.9,0.1,9.0,1.0,6.0,82.0,8.0,829.0
2023-10-02,Eelde,280,2.8,198.0,18.4,1017.0,4.3,0.3,7.0,0.0,5.0,88.0,8.0,852.0
2023-10-03,Eelde,280,5.6,245.0,15.4,1012.7,2.1,2.1,16.0,3.0,10.0,84.0,7.0,451.0
2023-10-04,Eelde,280,5.2,230.0,13.7,1022.3,3.7,0.0,12.0,4.0,7.0,82.0,7.0,782.0
2023-10-05,Eelde,280,4.4,237.0,14.6,1021.9,2.9,2.6,9.0,3.0,5.0,86.0,8.0,710.0
2023-10-06,Eelde,280,7.6,230.0,16.5,1019.1,1.6,0.3,16.0,5.0,10.0,82.0,8.0,658.0
2023-10-07,Eelde,280,5.9,258.0,17.0,1018.3,0.5,0.4,13.0,2.0,8.0,84.0,8.0,363.0
2023-10-08,Eelde,280,1.6,150.0,13.7,1024.1,2.9,0.2,6.0,1.0,3.0,81.0,8.0,760.0
2023-10-09,Eelde,280,3.0,264.0,15.4,1018.3,0.1,4.4,10.0,1.0,5.0,90.0,8.0,215.0
2023-10-10,Eelde,280,4.3,211.0,17.0,1015.4,4.3,0.0,10.0,2.0,6.0,84.0,8.0,755.0
2023-10-11,Eelde,280,6.7,237.0,16.8,1009.6,1.1,10.4,14.0,3.0,8.0,88.0,8.0,411.0
2023-10-12,Eelde,280,1.8,169.0,12.8,1012.1,3.6,2.2,5.0,1.0,3.0,88.0,8.0,640.0
2023-10-13,Eelde,280,7.3,213.0,17.1,1000.9,0.1,17.3,19.0,2.0,11.0,89.0,8.0,272.0
2023-10-14,Eelde,280,4.7,257.0,10.2,1009.6,8.5,0.4,17.0,3.0,7.0,72.0,3.0,948.0
2023-10-15,Eelde,280,3.7,259.0,7.3,1019.0,5.6,8.4,13.0,2.0,5.0,82.0,6.0,742.0
2023-10-16,Eelde,280,1.5,263.0,7.8,1021.8,3.8,1.6,5.0,0.0,3.0,88.0,8.0,588.0
2023-10-17,Eelde,280,2.0,95.0,6.9,1020.2,7.7,0.0,7.0,0.0,4.0,82.0,4.0,989.0
2023-10-18,Eelde,280,5.1,93.0,7.7,1007.1,6.5,1.7,12.0,3.0,7.0,78.0,8.0,674.0
2023-10-19,Eelde,280,5.5,92.0,8.3,992.7,0.0,11.8,13.0,4.0,7.0,95.0,8.0,155.0
2023-10-20,Eelde,280,7.7,86.0,7.3,984.1,0.0,26.9,19.0,3.0,10.0,93.0,8.0,112.0
2023-10-21,Eelde,280,4.1,152.0,12.7,992.0,2.6,0.5,11.0,2.0,6.0,84.0,8.0,482.0
2023-10-22,Eelde,280,4.5,212.0,10.3,1004.6,4.9,4.6,13.0,1.0,7.0,85.0,6.0,596.0
2023-10-23,Eelde,280,2.4,84.0,8.2,1011.5,7.3,0.4,9.0,1.0,5.0,90.0,6.0,726.0
2023-10-24,Eelde,280,4.3,173.0,11.0,1000.7,0.0,4.8,10.0,3.0,6.0,91.0,7.0,159.0
2023-10-25,Eelde,280,3.1,123.0,9.7,997.0,1.8,2.4,8.0,1.0,5.0,91.0,6.0,369.0
2023-10-26,Eelde,280,1.8,58.0,9.7,995.7,1.8,0.0,5.0,1.0,3.0,93.0,8.0,391.0
2023-10-27,Eelde,280,2.4,96.0,9.8,993.2,0.0,4.9,6.0,1.0,3.0,94.0,8.0,195.0
2023-10-28,Eelde,280,3.3,160.0,10.9,994.9,0.3,1.5,10.0,2.0,5.0,90.0,8.0,301.0
2023-10-29,Eelde,280,7.2,201.0,12.4,991.1,4.2,10.2,18.0,5.0,10.0,82.0,7.0,537.0
2023-10-30,Eelde,280,4.4,198.0,11.3,997.1,5.2,6.3,12.0,1.0,7.0,87.0,6.0,581.0
2023-10-31,Eelde,280,3.0,277.0,9.8,999.9,2.1,15.4,10.0,1.0,6.0,93.0,8.0,350.0
2023-11-01,Eelde,280,4.7,177.0,11.7,996.9,2.2,0.9,13.0,2.0,7.0,87.0,8.0,352.0
2023-11-02,Eelde,280,8.2,166.0,11.2,977.0,1.7,4.7,20.0,5.0,11.0,75.0,8.0,261.0
2023-11-03,Eelde,280,8.0,201.0,9.3,980.6,1.1,4.0,15.0,6.0,9.0,84.0,7.0,277.0
2023-11-04,Eelde,280,5.3,168.0,9.0,977.5,0.8,4.7,12.0,4.0,7.0,85.0,8.0,265.0
2023-11-05,Eelde,280,4.6,217.0,9.9,977.1,1.5,2.9,13.0,2.0,7.0,90.0,7.0,266.0
2023-11-06,Eelde,280,6.6,213.0,9.1,997.3,1.6,6.4,13.0,6.0,8.0,89.0,6.0,242.0
2023-11-07,Eelde,280,6.3,211.0,8.9,1005.7,5.4,8.4,12.0,5.0,7.0,88.0,7.0,468.0
2023-11-08,Eelde,280,6.4,201.0,9.2,1006.2,2.4,10.5,12.0,5.0,7.0,90.0,8.0,413.0
2023-11-09,Eelde,280,4.7,204.0,9.2,997.6,3.1,6.8,11.0,3.0,6.0,88.0,8.0,406.0
2023-11-10,Eelde,280,4.5,202.0,7.2,994.7,0.8,2.6,10.0,3.0,7.0,90.0,8.0,186.0
2023-11-11,Eelde,280,3.7,246.0,6.4,1001.4,2.4,9.9,10.0,2.0,5.0,89.0,6.0,295.0
2023-11-12,Eelde,280,2.5,208.0,4.3,1005.9,4.3,0.0,6.0,1.0,4.0,97.0,6.0,421.0
2023-11-13,Eelde,280,5.8,212.0,7.9,998.8,0.0,5.5,20.0,1.0,12.0,89.0,7.0,114.0
2023-11-14,Eelde,280,6.9,249.0,10.8,998.7,1.8,4.5,18.0,2.0,12.0,87.0,7.0,314.0
2023-11-15,Eelde,280,4.6,237.0,8.9,1009.7,3.1,5.6,13.0,1.0,8.0,91.0,8.0,314.0
2023-11-16,Eelde,280,1.7,289.0,4.5,1013.2,4.1,0.0,11.0,0.0,6.0,89.0,6.0,372.0
2023-11-17,Eelde,280,1.8,234.0,2.5,1019.5,6.8,0.0,6.0,1.0,3.0,93.0,4.0,523.0
2023-11-18,Eelde,280,4.1,157.0,5.3,1015.8,0.0,6.3,12.0,1.0,7.0,96.0,8.0,82.0
2023-11-19,Eelde,280,6.0,240.0,11.6,1004.1,0.3,25.8,13.0,3.0,8.0,89.0,8.0,198.0
2023-11-20,Eelde,280,4.0,243.0,10.3,1006.3,1.4,11.0,11.0,2.0,6.0,91.0,8.0,247.0
2023-11-21,Eelde,280,3.2,54.0,7.3,1019.5,1.8,0.6,9.0,1.0,6.0,88.0,8.0,262.0
2023-11-22,Eelde,280,4.3,210.0,3.4,1026.2,0.8,0.1,14.0,0.0,9.0,90.0,8.0,219.0
2023-11-23,Eelde,280,8.1,265.0,10.8,1013.8,1.0,2.5,18.0,6.0,11.0,83.0,7.0,229.0
2023-11-24,Eelde,280,6.8,313.0,5.5,1007.4,3.3,11.1,21.0,3.0,10.0,74.0,5.0,291.0
2023-11-25,Eelde,280,3.4,312.0,4.2,1010.5,2.5,3.5,15.0,1.0,7.0,84.0,6.0,288.0
2023-11-26,Eelde,280,2.6,239.0,4.5,1012.0,1.0,4.2,9.0,1.0,4.0,93.0,8.0,166.0
2023-11-27,Eelde,280,5.4,85.0,3.1,1000.2,0.0,9.8,16.0,3.0,10.0,90.0,8.0,73.0
2023-11-28,Eelde,280,4.3,146.0,1.3,1004.1,4.0,2.3,11.0,1.0,7.0,82.0,6.0,328.0
2023-11-29,Eelde,280,3.2,264.0,0.8,1000.3,3.2,1.2,12.0,0.0,6.0,87.0,8.0,310.0
2023-11-30,Eelde,280,1.6,157.0,-1.5,1002.8,0.2,0.0,5.0,0.0,3.0,97.0,8.0,129.0
2023-12-01,Eelde,280,1.4,57.0,-2.6,1008.6,2.8,0.0,5.0,1.0,3.0,92.0,6.0,265.0
2023-12-02,Eelde,280,1.7,229.0,-0.6,1013.1,2.2,0.0,5.0,1.0,3.0,94.0,7.0,245.0
2023-12-03,Eelde,280,3.3,168.0,0.2,1018.0,1.9,0.0,8.0,2.0,5.0,90.0,6.0,232.0
2023-12-04,Eelde,280,3.7,110.0,0.6,1007.5,1.7,2.0,8.0,3.0,5.0,84.0,8.0,201.0
2023-12-05,Eelde,280,3.8,47.0,-0.2,1004.9,0.2,3.2,9.0,2.0,5.0,93.0,8.0,139.0
2023-12-06,Eelde,280,2.0,273.0,1.7,1013.6,0.0,0.6,5.0,1.0,3.0,93.0,8.0,90.0
2023-12-07,Eelde,280,2.9,152.0,1.1,1016.7,3.4,0.0,7.0,1.0,4.0,93.0,7.0,269.0
2023-12-08,Eelde,280,3.1,150.0,2.7,1007.6,0.0,4.3,8.0,2.0,5.0,94.0,8.0,85.0
2023-12-09,Eelde,280,5.8,184.0,7.7,999.2,0.0,6.8,13.0,4.0,8.0,89.0,8.0,126.0
2023-12-10,Eelde,280,7.0,236.0,8.2,996.6,0.0,13.4,16.0,2.0,10.0,90.0,8.0,84.0
2023-12-11,Eelde,280,5.7,245.0,8.1,998.6,0.8,1.9,14.0,3.0,8.0,90.0,8.0,130.0
2023-12-12,Eelde,280,2.7,130.0,4.8,1001.9,0.0,6.1,8.0,1.0,4.0,97.0,7.0,121.0
2023-12-13,Eelde,280,3.1,63.0,6.6,1000.3,0.0,1.6,10.0,1.0,6.0,94.0,8.0,76.0
2023-12-14,Eelde,280,2.6,234.0,4.6,1018.9,0.8,0.1,7.0,1.0,4.0,88.0,8.0,160.0
2023-12-15,Eelde,280,3.5,238.0,5.9,1031.9,3.4,0.0,8.0,3.0,5.0,93.0,8.0,236.0
2023-12-16,Eelde,280,5.9,230.0,7.7,1035.1,0.0,0.1,13.0,4.0,8.0,91.0,7.0,69.0
2023-12-17,Eelde,280,7.6,226.0,8.8,1031.7,2.8,0.0,15.0,6.0,10.0,85.0,7.0,225.0
2023-12-18,Eelde,280,7.5,224.0,8.4,1025.8,0.0,0.0,14.0,6.0,9.0,89.0,8.0,84.0
2023-12-19,Eelde,280,4.9,230.0,7.7,1015.3,0.0,15.8,12.0,3.0,8.0,95.0,7.0,68.0
2023-12-20,Eelde,280,6.2,254.0,7.3,1007.8,0.7,10.0,14.0,4.0,8.0,88.0,8.0,144.0
2023-12-21,Eelde,280,9.9,278.0,8.6,993.5,0.0,13.0,24.0,7.0,13.0,80.0,7.0,78.0
2023-12-22,Eelde,280,7.0,288.0,6.2,999.6,0.3,3.0,24.0,4.0,11.0,78.0,8.0,113.0
2023-12-23,Eelde,280,4.8,260.0,6.8,1003.2,0.0,16.4,15.0,0.0,9.0,92.0,8.0,71.0
2023-12-24,Eelde,280,9.3,246.0,11.2,998.8,0.0,10.2,20.0,7.0,11.0,91.0,8.0,49.0
2023-12-25,Eelde,280,6.0,251.0,9.9,1002.9,1.3,6.8,17.0,3.0,10.0,86.0,8.0,125.0
2023-12-26,Eelde,280,6.1,258.0,6.5,1011.1,1.3,1.1,17.0,3.0,9.0,81.0,7.0,152.0
2023-12-27,Eelde,280,4.5,173.0,4.9,1012.7,0.0,1.8,15.0,1.0,10.0,89.0,8.0,59.0
2023-12-28,Eelde,280,10.8,217.0,10.2,1004.9,0.2,1.8,20.0,8.0,12.0,79.0,8.0,110.0
2023-12-29,Eelde,280,8.8,239.0,8.5,1002.8,2.4,11.3,22.0,5.0,12.0,77.0,7.0,178.0
2023-12-30,Eelde,280,5.7,215.0,7.2,1007.8,4.5,0.0,12.0,4.0,7.0,82.0,7.0,242.0
2023-12-31,Eelde,280,6.3,174.0,8.2,996.2,0.7,3.0,17.0,5.0,8.0,81.0,8.0,108.0
