date,air_pressure_hpa_de_bilt,air_pressure_hpa_de_kooy,air_pressure_hpa_eelde,air_pressure_hpa_hoek_van_holland,air_pressure_hpa_vlissingen,cloud_cover_de_bilt,cloud_cover_de_kooy,cloud_cover_eelde,cloud_cover_vlissingen,global_radiation_de_bilt,global_radiation_de_kooy,global_radiation_eelde,global_radiation_hoek_van_holland,global_radiation_vlissingen,humidity_pct_de_bilt,humidity_pct_de_kooy,humidity_pct_eelde,humidity_pct_hoek_van_holland,humidity_pct_vlissingen,max_wind_gust_ms_de_bilt,max_wind_gust_ms_de_kooy,max_wind_gust_ms_eelde,max_wind_gust_ms_hoek_van_holland,max_wind_gust_ms_vlissingen,max_wind_speed_ms_de_bilt,max_wind_speed_ms_de_kooy,max_wind_speed_ms_eelde,max_wind_speed_ms_hoek_van_holland,max_wind_speed_ms_vlissingen,min_wind_speed_ms_de_bilt,min_wind_speed_ms_de_kooy,min_wind_speed_ms_eelde,min_wind_speed_ms_hoek_van_holland,min_wind_speed_ms_vlissingen,precipitation_mm_de_bilt,precipitation_mm_de_kooy,precipitation_mm_eelde,precipitation_mm_hoek_van_holland,precipitation_mm_vlissingen,sunshine_hours_de_bilt,sunshine_hours_de_kooy,sunshine_hours_eelde,sunshine_hours_hoek_van_holland,sunshine_hours_vlissingen,temperature_c_de_bilt,temperature_c_de_kooy,temperature_c_eelde,temperature_c_hoek_van_holland,temperature_c_vlissingen,wind_direction_deg_de_bilt,wind_direction_deg_de_kooy,wind_direction_deg_eelde,wind_direction_deg_hoek_van_holland,wind_direction_deg_vlissingen,wind_speed_ms_de_bilt,wind_speed_ms_de_kooy,wind_speed_ms_eelde,wind_speed_ms_hoek_van_holland,wind_speed_ms_vlissingen,wind_onshore_gwh,wind_offshore_gwh,wind_energy_gwh
2021-01-01,1008.4,1007.5,1007.1,1008.7,1009.3,7.0,7.0,7.0,8.0,194.0,247.0,192.0,215.0,282.0,92.0,88.0,96.0,91.0,84.0,6.0,5.0,5.0,10.0,12.0,3.0,3.0,4.0,7.0,10.0,1.0,1.0,2.0,2.0,2.0,0.0,0.0,0.0,1.1,1.6,0.9,2.8,1.7,2.4,3.0,3.0,4.4,1.9,4.8,4.5,225.0,252.0,223.0,255.0,249.0,2.1,1.7,2.7,4.8,5.5,4.007706,7.366224,11.37393
2021-01-02,1013.4,1013.0,1012.9,1013.4,1013.4,8.0,4.0,8.0,7.0,107.0,253.0,118.0,258.0,221.0,96.0,92.0,97.0,95.0,93.0,5.0,6.0,5.0,9.0,8.0,3.0,4.0,3.0,4.0,6.0,1.0,0.0,0.0,1.0,1.0,0.3,0.3,0.4,2.4,0.8,0.0,4.5,0.0,3.2,2.6,3.6,3.2,3.4,4.1,4.4,196.0,13.0,226.0,196.0,239.0,1.8,1.5,2.1,2.1,2.7,2.364463,1.732419,4.096882
2021-01-03,1016.7,1018.2,1018.1,1017.0,1016.1,8.0,8.0,8.0,8.0,84.0,176.0,166.0,111.0,118.0,86.0,88.0,90.0,85.0,87.0,10.0,16.0,12.0,14.0,11.0,5.0,12.0,7.0,11.0,7.0,2.0,1.0,2.0,3.0,1.0,0.1,0.0,0.3,0.0,0.0,0.0,1.5,1.4,0.2,0.0,3.3,3.5,3.5,3.6,3.7,40.0,58.0,47.0,56.0,43.0,3.5,6.3,4.9,7.0,4.8,26.663979,17.367933,44.031912000000005
2021-01-04,1017.8,1020.1,1019.9,1018.1,1016.8,8.0,8.0,8.0,8.0,55.0,99.0,92.0,111.0,71.0,87.0,82.0,84.0,86.0,86.0,13.0,18.0,13.0,15.0,14.0,6.0,13.0,8.0,12.0,9.0,5.0,9.0,6.0,9.0,5.0,1.1,0.3,0.5,0.7,0.6,0.0,0.0,0.0,0.0,0.0,2.8,3.2,2.6,3.2,3.4,41.0,56.0,45.0,49.0,44.0,5.3,11.0,7.1,9.8,7.4,67.611154,41.667319,109.278473
2021-01-05,1018.0,1019.5,1019.5,1018.2,1017.3,8.0,8.0,8.0,8.0,50.0,110.0,57.0,101.0,75.0,89.0,88.0,91.0,86.0,87.0,9.0,15.0,10.0,13.0,10.0,5.0,10.0,7.0,9.0,7.0,3.0,8.0,3.0,6.0,5.0,0.1,0.6,1.1,0.0,0.2,0.0,0.0,0.0,0.0,0.0,2.9,3.2,2.5,3.3,3.2,45.0,60.0,49.0,56.0,45.0,4.1,9.2,5.6,7.7,5.7,44.709422,30.24539,74.954812
2021-01-06,1016.7,1017.2,1016.3,1017.3,1017.0,8.0,8.0,8.0,8.0,111.0,99.0,82.0,192.0,170.0,86.0,87.0,91.0,86.0,88.0,9.0,13.0,6.0,13.0,8.0,5.0,9.0,4.0,8.0,6.0,1.0,1.0,0.0,2.0,1.0,0.1,0.8,1.0,0.8,0.7,0.0,0.0,0.0,0.4,1.3,2.4,2.4,1.6,2.9,3.1,12.0,34.0,349.0,30.0,21.0,2.6,3.3,2.3,5.0,3.3,10.341024,10.208406,20.54943
2021-01-07,1012.4,1012.0,1010.9,1013.0,1014.4,8.0,8.0,8.0,8.0,123.0,107.0,156.0,180.0,181.0,94.0,89.0,96.0,85.0,84.0,10.0,12.0,4.0,15.0,14.0,4.0,7.0,3.0,11.0,5.0,1.0,1.0,1.0,4.0,1.0,7.9,12.9,0.6,6.0,6.2,0.0,0.0,0.9,1.1,0.5,2.6,3.2,1.6,4.1,3.3,292.0,336.0,280.0,338.0,315.0,2.3,3.5,1.9,9.0,3.6,9.494532,16.279493,25.774025
2021-01-08,1016.4,1016.5,1015.7,1016.8,1017.0,6.0,5.0,7.0,5.0,270.0,344.0,245.0,334.0,252.0,95.0,92.0,95.0,89.0,86.0,5.0,6.0,5.0,12.0,9.0,3.0,2.0,3.0,10.0,6.0,1.0,1.0,1.0,0.0,2.0,0.4,0.4,0.5,0.6,1.5,2.7,5.8,2.2,4.8,2.0,1.1,2.3,1.3,3.4,3.7,341.0,353.0,309.0,2.0,325.0,1.3,1.4,1.9,4.3,3.3,1.945651,6.744608,8.690259000000001
2021-01-09,1023.9,1023.4,1022.5,1024.4,1024.6,2.0,4.0,6.0,3.0,382.0,311.0,281.0,348.0,430.0,93.0,76.0,96.0,81.0,84.0,8.0,10.0,4.0,10.0,7.0,2.0,5.0,2.0,7.0,3.0,1.0,1.0,0.0,1.0,1.0,0.5,0.5,0.1,0.3,0.0,5.4,4.6,4.0,5.2,5.3,-0.6,4.0,0.2,4.3,3.4,290.0,317.0,230.0,339.0,322.0,1.2,3.0,1.1,4.6,1.9,3.222913,4.405917,7.62883
2021-01-10,1023.5,1021.9,1021.6,1023.7,1024.3,7.0,8.0,8.0,7.0,304.0,81.0,165.0,192.0,300.0,89.0,85.0,96.0,82.0,84.0,7.0,10.0,9.0,9.0,9.0,4.0,7.0,6.0,6.0,7.0,1.0,4.0,1.0,4.0,1.0,0.0,0.3,0.2,0.0,0.0,2.4,0.0,1.5,1.9,2.3,1.6,4.9,1.2,4.7,3.9,222.0,248.0,222.0,256.0,242.0,2.4,5.6,4.2,5.3,4.5,14.782855,9.85982,24.642675
2021-01-11,1015.1,1012.2,1011.8,1014.9,1016.6,8.0,8.0,8.0,8.0,62.0,137.0,86.0,79.0,123.0,89.0,84.0,93.0,84.0,88.0,13.0,16.0,15.0,18.0,17.0,6.0,11.0,9.0,11.0,14.0,4.0,6.0,6.0,6.0,7.0,1.2,3.9,6.6,4.1,5.2,0.0,0.8,0.0,0.0,0.0,5.0,6.7,4.9,6.6,5.6,219.0,240.0,223.0,242.0,228.0,5.4,9.3,7.8,9.0,9.5,66.54348,40.591606,107.135086
2021-01-12,1009.5,1008.7,1006.7,1010.5,1011.6,5.0,5.0,6.0,6.0,358.0,325.0,301.0,344.0,339.0,85.0,77.0,86.0,83.0,83.0,13.0,15.0,16.0,17.0,19.0,7.0,9.0,7.0,13.0,15.0,2.0,4.0,3.0,7.0,4.0,15.9,6.1,10.5,8.6,8.1,4.1,4.6,3.7,3.4,3.7,5.2,5.8,4.3,6.5,6.4,282.0,308.0,284.0,310.0,282.0,3.7,6.0,4.4,9.9,8.0,44.124852,40.167822,84.292674
2021-01-13,1015.5,1014.5,1012.3,1016.5,1017.3,7.0,7.0,5.0,7.0,332.0,209.0,351.0,358.0,286.0,79.0,75.0,80.0,75.0,79.0,10.0,15.0,18.0,14.0,10.0,5.0,9.0,8.0,11.0,7.0,2.0,3.0,3.0,7.0,3.0,0.8,1.7,2.7,0.2,0.0,4.2,1.8,5.4,4.0,1.9,4.3,5.0,3.5,5.7,5.3,277.0,300.0,288.0,301.0,273.0,3.3,6.5,5.3,9.0,4.6,41.615326,32.492467,74.107793
2021-01-14,1020.2,1020.9,1021.2,1019.7,1018.5,8.0,7.0,4.0,8.0,254.0,362.0,429.0,190.0,141.0,82.0,77.0,88.0,79.0,86.0,9.0,11.0,7.0,12.0,13.0,5.0,8.0,5.0,8.0,10.0,1.0,2.0,1.0,2.0,2.0,0.0,0.0,0.0,0.8,5.3,1.5,4.5,6.7,0.0,0.0,1.2,2.2,-0.6,2.1,2.5,69.0,76.0,42.0,82.0,85.0,3.3,5.0,2.5,5.8,6.6,15.074467,17.088782,32.163249
2021-01-15,1028.6,1028.6,1028.2,1028.9,1028.8,8.0,8.0,8.0,8.0,82.0,93.0,99.0,70.0,126.0,78.0,82.0,82.0,75.0,72.0,6.0,8.0,6.0,10.0,9.0,4.0,5.0,4.0,8.0,6.0,0.0,1.0,0.0,1.0,1.0,0.0,0.0,0.0,0.0,0.0,0.0,0.0,0.0,0.0,0.0,1.2,1.8,0.7,2.1,2.1,351.0,89.0,322.0,80.0,6.0,1.6,1.6,1.8,4.0,3.5,3.444716,4.592926,8.037642
2021-01-16,1022.3,1020.7,1022.1,1021.6,1021.7,8.0,8.0,8.0,8.0,123.0,80.0,114.0,92.0,87.0,83.0,87.0,88.0,85.0,87.0,13.0,14.0,10.0,15.0,14.0,6.0,9.0,5.0,11.0,10.0,2.0,1.0,1.0,5.0,4.0,2.9,0.9,0.7,2.5,3.1,0.0,0.0,0.0,0.0,0.0,0.8,1.1,0.3,1.4,1.4,185.0,183.0,192.0,186.0,191.0,3.5,5.6,3.5,7.9,7.0,24.365203,27.005948,51.371151
2021-01-17,1018.7,1017.8,1017.3,1019.5,1020.5,7.0,7.0,6.0,8.0,316.0,219.0,123.0,325.0,231.0,93.0,88.0,97.0,87.0,85.0,10.0,9.0,6.0,12.0,11.0,4.0,5.0,4.0,10.0,6.0,1.0,1.0,2.0,5.0,3.0,2.2,3.2,5.0,2.6,0.8,2.1,2.2,0.2,2.8,0.8,3.4,5.2,1.4,6.3,6.1,254.0,291.0,215.0,307.0,296.0,2.2,3.8,2.9,8.0,4.8,12.907157,21.667021,34.574178
2021-01-18,1019.7,1017.6,1017.3,1020.0,1021.0,8.0,8.0,8.0,8.0,157.0,230.0,79.0,187.0,270.0,90.0,86.0,94.0,86.0,90.0,10.0,13.0,12.0,14.0,14.0,6.0,8.0,7.0,10.0,11.0,2.0,4.0,3.0,5.0,5.0,0.2,0.8,1.2,0.4,0.0,0.2,1.2,0.0,0.0,0.4,4.8,6.0,3.5,6.3,5.3,225.0,249.0,231.0,240.0,220.0,4.1,6.6,5.2,7.4,7.8,35.036702,26.799064,61.835766
2021-01-19,1005.0,1001.7,1002.5,1004.6,1005.9,8.0,8.0,8.0,8.0,69.0,141.0,92.0,193.0,147.0,88.0,92.0,93.0,92.0,89.0,17.0,21.0,17.0,24.0,23.0,9.0,14.0,11.0,15.0,17.0,6.0,7.0,5.0,10.0,11.0,15.6,11.4,14.2,12.3,5.9,0.2,0.2,0.0,1.7,0.4,7.7,7.6,7.0,7.6,7.7,217.0,220.0,219.0,213.0,216.0,7.3,10.5,7.8,12.9,13.7,81.900014,49.832675,131.732689
2021-01-20,994.6,991.3,993.6,993.0,993.6,8.0,8.0,8.0,8.0,162.0,171.0,135.0,196.0,240.0,71.0,78.0,77.0,74.0,75.0,13.0,21.0,16.0,20.0,23.0,8.0,14.0,10.0,14.0,17.0,6.0,8.0,7.0,12.0,11.0,0.0,0.5,1.0,0.0,0.2,0.4,0.2,0.0,0.5,1.3,9.0,8.6,8.5,8.8,8.4,185.0,200.0,196.0,185.0,187.0,6.4,12.2,8.3,12.6,12.8,86.219689,52.667924,138.887613
2021-01-21,986.7,983.4,985.1,986.0,986.8,7.0,7.0,7.0,6.0,342.0,402.0,347.0,364.0,333.0,78.0,80.0,76.0,82.0,82.0,22.0,26.0,22.0,26.0,26.0,11.0,16.0,13.0,18.0,19.0,2.0,4.0,2.0,1.0,2.0,11.8,4.5,6.1,12.1,12.6,3.8,5.2,4.6,4.0,2.7,7.0,6.7,7.1,6.6,6.5,209.0,209.0,203.0,210.0,211.0,7.0,12.0,9.5,11.1,11.2,79.941786,46.511008,126.45279399999998
2021-01-22,991.9,989.8,989.8,991.9,992.7,6.0,5.0,6.0,7.0,348.0,497.0,345.0,434.0,427.0,88.0,77.0,88.0,83.0,89.0,10.0,15.0,13.0,13.0,11.0,5.0,10.0,9.0,9.0,9.0,2.0,3.0,3.0,5.0,4.0,0.9,0.5,2.9,0.1,0.0,3.3,7.0,3.5,5.3,6.3,4.0,5.2,3.5,5.3,4.7,221.0,248.0,227.0,235.0,214.0,3.9,7.0,5.7,6.8,5.9,37.585025,21.975492,59.560517
2021-01-23,994.1,992.9,993.8,993.9,994.3,8.0,8.0,8.0,8.0,222.0,266.0,168.0,280.0,279.0,88.0,87.0,93.0,82.0,88.0,10.0,13.0,12.0,13.0,12.0,5.0,8.0,7.0,9.0,9.0,1.0,2.0,0.0,3.0,1.0,0.4,2.6,0.8,1.9,2.0,0.9,1.9,0.4,1.3,1.1,3.2,3.1,1.6,4.2,3.6,203.0,234.0,197.0,250.0,222.0,2.8,4.4,3.4,5.5,5.2,20.383677,15.350807,35.734483999999995
2021-01-24,997.9,997.5,997.2,997.7,997.7,7.0,8.0,7.0,7.0,375.0,352.0,387.0,343.0,343.0,84.0,83.0,93.0,80.0,83.0,7.0,10.0,8.0,14.0,13.0,4.0,4.0,4.0,10.0,11.0,1.0,1.0,1.0,4.0,4.0,0.1,0.2,0.2,1.4,4.0,3.2,3.1,3.7,2.9,2.5,2.4,1.9,-0.2,3.1,2.8,225.0,245.0,264.0,261.0,167.0,2.3,2.2,2.0,6.6,6.6,6.04497,13.343976,19.388946
2021-01-25,1004.9,1003.7,1003.2,1005.1,1006.2,6.0,7.0,6.0,6.0,507.0,446.0,531.0,536.0,573.0,83.0,84.0,91.0,83.0,82.0,16.0,18.0,10.0,19.0,15.0,5.0,11.0,6.0,15.0,10.0,1.0,0.0,1.0,1.0,2.0,2.9,3.2,8.4,0.5,0.0,5.7,5.0,6.9,7.3,6.8,2.3,2.3,-0.4,3.6,3.7,262.0,277.0,215.0,290.0,298.0,2.8,5.0,3.0,7.5,5.8,18.322504,16.645172,34.967676
2021-01-26,1015.2,1014.0,1013.5,1015.8,1016.8,7.0,7.0,7.0,6.0,379.0,404.0,481.0,433.0,527.0,81.0,81.0,91.0,82.0,79.0,12.0,16.0,7.0,18.0,15.0,5.0,9.0,4.0,14.0,10.0,2.0,2.0,1.0,5.0,5.0,0.9,0.5,0.0,0.8,1.1,3.5,4.4,7.1,5.0,6.5,4.5,5.0,2.1,4.8,4.6,254.0,268.0,252.0,261.0,241.0,3.8,4.8,2.6,8.6,7.3,26.374727,24.113398,50.488125
2021-01-27,1010.6,1009.1,1009.3,1010.6,1011.2,8.0,8.0,8.0,8.0,103.0,126.0,125.0,164.0,165.0,93.0,92.0,95.0,97.0,96.0,11.0,14.0,8.0,16.0,13.0,6.0,9.0,5.0,11.0,10.0,2.0,2.0,3.0,1.0,2.0,1.3,1.3,4.1,1.7,0.4,0.0,0.0,0.0,0.0,0.1,4.7,5.2,3.2,5.2,5.0,218.0,242.0,215.0,227.0,216.0,3.7,5.7,3.7,6.8,6.0,30.888668,26.11931,57.007978
2021-01-28,1002.3,1002.6,1004.0,1001.6,1001.6,8.0,8.0,8.0,8.0,69.0,143.0,143.0,123.0,217.0,97.0,93.0,91.0,99.0,97.0,7.0,11.0,8.0,11.0,16.0,4.0,8.0,4.0,7.0,13.0,1.0,1.0,1.0,1.0,3.0,10.2,5.8,0.2,11.8,14.3,0.0,0.6,0.0,0.0,0.8,5.1,3.9,2.1,6.6,7.4,100.0,104.0,96.0,135.0,233.0,2.8,4.4,2.6,4.4,7.3,16.41619,15.386269,31.802459
2021-01-29,995.2,994.1,994.1,995.8,996.9,8.0,8.0,8.0,7.0,208.0,152.0,68.0,341.0,513.0,87.0,91.0,95.0,92.0,92.0,16.0,15.0,12.0,17.0,19.0,7.0,10.0,7.0,13.0,14.0,3.0,2.0,2.0,5.0,2.0,10.0,13.3,17.8,9.7,9.2,0.3,0.0,0.0,2.2,5.8,7.4,5.2,2.0,7.8,7.9,267.0,279.0,73.0,264.0,254.0,5.1,6.2,4.7,9.5,9.3,53.473213,37.84625,91.319463
2021-01-30,1002.8,1004.1,1004.8,1001.9,1000.4,8.0,6.0,5.0,8.0,271.0,374.0,367.0,307.0,170.0,79.0,82.0,89.0,78.0,85.0,12.0,12.0,8.0,16.0,14.0,7.0,8.0,5.0,10.0,11.0,3.0,5.0,1.0,6.0,5.0,0.0,0.0,0.0,0.3,3.7,0.3,2.9,3.8,1.8,0.3,0.4,0.4,-1.8,1.1,2.1,65.0,78.0,69.0,76.0,67.0,5.3,6.9,3.1,8.9,8.3,40.616107,28.710281,69.326388
2021-01-31,1001.0,1001.9,1003.0,1000.1,998.8,6.0,6.0,5.0,7.0,649.0,615.0,645.0,631.0,580.0,82.0,79.0,86.0,83.0,85.0,8.0,10.0,6.0,11.0,13.0,5.0,6.0,4.0,8.0,10.0,2.0,3.0,0.0,5.0,5.0,0.0,0.0,0.0,0.2,0.1,7.1,7.9,7.8,7.8,5.2,-1.5,-0.2,-2.9,-0.6,1.0,76.0,92.0,86.0,88.0,78.0,3.4,4.5,1.8,6.4,7.1,19.567905,18.070453,37.638358
2021-02-01,995.9,996.5,996.7,996.0,995.9,8.0,7.0,8.0,8.0,181.0,298.0,326.0,195.0,139.0,93.0,88.0,87.0,93.0,93.0,7.0,9.0,7.0,9.0,7.0,4.0,7.0,5.0,6.0,5.0,1.0,1.0,1.0,1.0,1.0,0.2,0.0,0.0,1.8,0.4,0.0,2.1,1.8,0.0,0.0,1.0,-0.4,-1.6,2.0,3.4,41.0,67.0,58.0,40.0,6.0,2.2,3.6,2.8,4.4,2.8,12.253938,6.820836,19.074774
2021-02-02,998.6,998.4,1000.0,997.8,997.8,8.0,8.0,8.0,8.0,147.0,154.0,190.0,222.0,220.0,95.0,95.0,90.0,95.0,92.0,10.0,9.0,7.0,15.0,14.0,5.0,6.0,5.0,10.0,11.0,1.0,1.0,1.0,2.0,3.0,5.0,2.4,4.0,8.0,8.5,0.0,0.0,0.3,1.2,0.7,5.0,1.0,0.3,6.0,7.0,166.0,102.0,93.0,178.0,198.0,3.1,4.1,3.2,6.5,7.2,16.790641,19.589085,36.379726000000005
2021-02-03,996.7,995.5,995.9,996.7,997.3,8.0,8.0,8.0,8.0,72.0,139.0,169.0,91.0,116.0,93.0,94.0,98.0,95.0,91.0,11.0,13.0,8.0,16.0,13.0,5.0,8.0,5.0,10.0,10.0,2.0,2.0,1.0,4.0,2.0,15.0,4.6,8.5,12.4,8.7,0.0,0.0,0.2,0.3,0.7,8.6,7.3,5.5,8.1,7.7,227.0,231.0,182.0,228.0,225.0,3.3,5.0,2.5,6.9,6.3,20.127474,19.341597,39.469071
2021-02-04,1011.6,1011.0,1011.8,1011.0,1011.1,7.0,8.0,8.0,6.0,323.0,252.0,251.0,486.0,606.0,90.0,94.0,95.0,89.0,91.0,9.0,10.0,6.0,13.0,11.0,4.0,6.0,4.0,9.0,9.0,2.0,1.0,1.0,3.0,3.0,0.4,0.2,1.1,0.6,2.1,2.0,0.3,0.6,4.6,5.9,6.6,4.0,2.3,7.5,6.5,190.0,76.0,56.0,183.0,168.0,3.0,4.2,2.5,5.5,5.7,14.996161,13.482845,28.479006
2021-02-05,1011.1,1011.4,1013.4,1010.4,1010.3,8.0,8.0,8.0,8.0,275.0,177.0,135.0,278.0,302.0,93.0,94.0,97.0,95.0,92.0,6.0,10.0,10.0,8.0,7.0,4.0,6.0,6.0,6.0,6.0,1.0,4.0,4.0,1.0,1.0,1.9,6.5,6.3,2.9,0.9,1.1,0.0,0.0,1.1,0.6,6.8,4.2,2.4,7.8,7.2,114.0,101.0,88.0,152.0,163.0,2.0,4.8,4.8,3.8,3.5,20.370198,14.214135,34.584333
2021-02-06,1008.9,1011.0,1013.4,1007.9,1006.4,8.0,8.0,8.0,8.0,122.0,112.0,160.0,186.0,211.0,92.0,85.0,79.0,94.0,91.0,16.0,19.0,17.0,18.0,17.0,9.0,14.0,10.0,14.0,11.0,2.0,5.0,6.0,2.0,2.0,3.6,0.5,0.0,3.2,1.6,0.0,0.0,0.0,0.1,0.1,2.6,1.4,0.0,3.9,4.9,67.0,80.0,82.0,75.0,60.0,5.9,9.7,8.1,8.0,6.7,67.049611,32.425344,99.474955
2021-02-07,1001.4,1005.1,1006.6,1001.1,999.4,8.0,8.0,8.0,8.0,137.0,153.0,131.0,105.0,186.0,83.0,82.0,82.0,88.0,87.0,18.0,24.0,20.0,21.0,17.0,10.0,17.0,13.0,15.0,11.0,7.0,15.0,10.0,10.0,7.0,4.3,7.4,2.7,4.8,5.2,0.0,0.0,0.0,0.0,0.0,-4.1,-3.3,-4.4,-3.8,-2.4,61.0,63.0,69.0,58.0,46.0,8.0,15.7,11.4,12.5,9.2,87.475499,50.600176,138.075675
2021-02-08,1003.3,1005.0,1005.1,1002.9,1001.5,8.0,8.0,8.0,8.0,323.0,230.0,285.0,327.0,209.0,80.0,73.0,69.0,78.0,79.0,13.0,22.0,17.0,17.0,15.0,7.0,15.0,10.0,12.0,10.0,1.0,9.0,4.0,5.0,7.0,1.0,0.6,0.5,0.1,0.4,0.0,0.0,0.0,0.0,0.0,-5.6,-2.8,-3.3,-4.7,-4.1,61.0,69.0,66.0,66.0,53.0,4.9,11.7,8.0,9.5,8.3,74.953633,44.876089,119.829722
2021-02-09,1008.6,1009.4,1009.2,1008.5,1007.6,6.0,5.0,6.0,6.0,658.0,694.0,496.0,708.0,840.0,79.0,72.0,75.0,78.0,76.0,9.0,14.0,11.0,12.0,13.0,4.0,9.0,7.0,9.0,8.0,1.0,4.0,1.0,4.0,5.0,0.0,0.0,0.0,0.1,0.0,5.1,6.6,5.1,6.2,8.5,-4.4,-1.6,-2.9,-2.9,-3.4,42.0,75.0,46.0,62.0,57.0,2.7,6.3,4.9,6.3,6.3,27.546792,19.973866,47.520658
2021-02-10,1016.2,1016.9,1016.5,1016.4,1015.7,6.0,6.0,7.0,4.0,731.0,522.0,637.0,759.0,874.0,79.0,78.0,81.0,77.0,75.0,8.0,9.0,9.0,10.0,12.0,4.0,5.0,5.0,8.0,8.0,1.0,2.0,1.0,4.0,2.0,0.0,0.0,0.0,0.0,0.0,7.1,5.2,6.0,7.8,8.0,-3.7,-2.3,-3.8,-3.0,-2.7,33.0,66.0,40.0,58.0,51.0,2.8,3.7,2.7,5.5,4.5,11.464252,8.894596,20.358848
2021-02-11,1030.2,1030.4,1030.5,1030.0,1029.2,2.0,3.0,5.0,1.0,891.0,868.0,848.0,990.0,935.0,78.0,77.0,76.0,74.0,69.0,6.0,5.0,6.0,8.0,11.0,3.0,3.0,4.0,5.0,9.0,0.0,1.0,0.0,3.0,3.0,0.0,0.0,0.0,0.0,0.0,8.9,8.7,8.1,8.9,9.0,-4.8,-2.9,-4.5,-3.3,-2.1,78.0,120.0,51.0,93.0,78.0,1.8,1.6,1.7,3.9,5.2,2.318314,4.06715,6.385464
2021-02-12,1035.4,1036.6,1037.6,1034.4,1032.8,1.0,1.0,0.0,0.0,876.0,850.0,985.0,870.0,908.0,75.0,72.0,75.0,71.0,70.0,12.0,12.0,9.0,14.0,16.0,7.0,9.0,6.0,10.0,11.0,2.0,3.0,2.0,4.0,5.0,0.0,0.0,0.0,0.0,0.0,8.9,8.9,8.5,8.5,9.0,-5.8,-3.6,-6.1,-4.3,-3.4,73.0,88.0,73.0,83.0,70.0,4.7,6.8,3.8,7.3,8.0,35.54159,26.241881,61.783471
2021-02-13,1039.4,1039.8,1041.4,1038.0,1036.6,2.0,2.0,0.0,4.0,966.0,888.0,939.0,930.0,964.0,66.0,69.0,71.0,64.0,62.0,8.0,10.0,7.0,15.0,15.0,5.0,6.0,4.0,12.0,12.0,2.0,4.0,2.0,6.0,9.0,0.0,0.0,0.0,0.0,0.0,8.9,8.9,8.8,9.0,9.0,-5.2,-4.1,-6.2,-3.7,-2.2,103.0,113.0,101.0,108.0,99.0,3.8,5.2,2.6,7.8,10.0,28.061359,35.002533,63.063892
2021-02-14,1033.9,1032.9,1035.9,1032.1,1031.8,7.0,8.0,7.0,7.0,783.0,616.0,792.0,794.0,782.0,53.0,56.0,57.0,51.0,56.0,11.0,13.0,12.0,16.0,13.0,7.0,8.0,7.0,11.0,10.0,4.0,4.0,2.0,7.0,6.0,0.0,0.0,0.0,0.0,0.0,9.0,6.9,8.4,7.3,6.3,-0.6,-0.9,-2.7,0.5,0.9,140.0,150.0,138.0,146.0,143.0,5.4,6.4,4.2,9.1,8.5,42.75225,43.026287,85.778537
2021-02-15,1022.3,1020.4,1022.0,1021.4,1021.8,8.0,8.0,8.0,8.0,142.0,125.0,127.0,137.0,144.0,83.0,89.0,79.0,89.0,86.0,11.0,12.0,11.0,16.0,15.0,6.0,8.0,6.0,12.0,11.0,3.0,4.0,3.0,6.0,5.0,4.7,7.2,4.6,9.8,5.3,0.0,0.0,0.0,0.0,0.0,2.9,2.8,1.6,3.8,3.7,179.0,194.0,185.0,190.0,185.0,4.8,6.3,5.2,9.8,8.2,47.6978,37.356116,85.053916
2021-02-16,1013.2,1011.3,1012.6,1012.5,1013.0,8.0,8.0,8.0,8.0,474.0,379.0,362.0,459.0,512.0,87.0,90.0,92.0,88.0,86.0,11.0,15.0,9.0,16.0,14.0,6.0,10.0,6.0,11.0,10.0,2.0,4.0,3.0,6.0,6.0,1.2,5.9,2.9,2.4,3.7,2.1,0.7,1.0,1.2,1.7,7.3,6.2,5.3,7.1,6.3,190.0,201.0,194.0,196.0,197.0,3.8,7.1,3.9,8.5,8.2,31.388615,36.767796,68.15641099999999
2021-02-17,1014.3,1012.2,1013.2,1013.6,1014.2,8.0,7.0,8.0,7.0,377.0,411.0,239.0,525.0,595.0,82.0,89.0,92.0,85.0,84.0,11.0,17.0,12.0,14.0,14.0,6.0,11.0,7.0,10.0,11.0,4.0,6.0,4.0,6.0,8.0,0.0,0.5,1.0,0.0,0.0,0.6,1.0,0.0,2.8,4.4,9.5,7.7,7.7,9.0,7.8,205.0,211.0,220.0,201.0,199.0,5.0,8.6,5.2,8.4,9.2,49.503637,40.664466,90.168103
2021-02-18,1008.7,1006.7,1008.7,1007.5,1007.8,7.0,7.0,7.0,6.0,320.0,415.0,450.0,439.0,380.0,83.0,83.0,81.0,81.0,83.0,13.0,17.0,13.0,17.0,16.0,6.0,9.0,6.0,12.0,11.0,3.0,5.0,4.0,7.0,7.0,6.0,3.6,8.2,2.8,3.9,0.2,2.2,3.1,1.9,0.8,8.1,7.6,8.4,8.2,6.6,172.0,183.0,177.0,180.0,185.0,4.7,7.1,5.0,9.3,8.9,48.292953,44.306191,92.599144
2021-02-19,1014.0,1012.1,1013.7,1013.0,1013.3,6.0,6.0,5.0,7.0,738.0,678.0,748.0,686.0,601.0,82.0,82.0,82.0,83.0,87.0,10.0,14.0,10.0,15.0,15.0,6.0,10.0,7.0,11.0,11.0,3.0,6.0,4.0,6.0,5.0,0.0,0.1,0.0,0.0,0.0,6.0,6.0,6.1,5.6,5.0,7.1,7.2,6.7,7.3,5.9,180.0,194.0,194.0,183.0,174.0,4.1,7.0,5.0,8.6,8.1,39.346521,37.991919,77.33844
2021-02-20,1011.1,1009.2,1011.8,1009.3,1009.4,8.0,8.0,7.0,7.0,878.0,733.0,805.0,854.0,915.0,73.0,75.0,71.0,67.0,78.0,11.0,13.0,11.0,16.0,14.0,6.0,8.0,7.0,11.0,11.0,3.0,5.0,4.0,8.0,5.0,0.0,0.0,0.0,0.0,0.0,8.4,7.8,7.1,8.6,8.6,11.7,11.3,11.7,12.8,9.2,150.0,166.0,167.0,162.0,159.0,4.6,6.6,5.1,9.3,8.9,43.232663,44.5397,87.77236300000001
2021-02-21,1012.7,1011.9,1013.4,1011.6,1011.6,4.0,5.0,4.0,6.0,1008.0,802.0,856.0,866.0,888.0,73.0,75.0,75.0,64.0,75.0,7.0,12.0,9.0,12.0,10.0,4.0,8.0,5.0,9.0,8.0,2.0,1.0,1.0,2.0,4.0,0.0,0.0,0.0,0.0,0.0,9.1,6.9,8.6,6.9,7.4,10.7,10.4,10.1,12.5,9.1,145.0,167.0,170.0,170.0,159.0,3.2,4.1,3.3,6.0,6.2,16.377268,24.730014,41.107282
2021-02-22,1018.2,1017.1,1018.2,1017.2,1017.5,5.0,5.0,2.0,7.0,627.0,590.0,714.0,613.0,525.0,60.0,71.0,66.0,61.0,76.0,9.0,13.0,11.0,11.0,10.0,4.0,9.0,7.0,8.0,9.0,2.0,2.0,2.0,4.0,4.0,0.0,0.0,0.0,0.0,0.0,3.9,3.2,6.5,2.9,2.2,12.2,9.9,10.4,12.4,8.6,178.0,201.0,185.0,183.0,175.0,3.3,5.2,3.4,6.1,6.7,17.682477,24.559381,42.24185799999999
2021-02-23,1027.4,1025.8,1026.9,1026.4,1026.9,6.0,7.0,6.0,7.0,797.0,564.0,674.0,745.0,833.0,72.0,82.0,76.0,75.0,82.0,14.0,18.0,15.0,14.0,15.0,7.0,12.0,9.0,10.0,11.0,2.0,2.0,2.0,4.0,3.0,0.0,0.0,0.0,0.0,0.0,6.4,3.7,4.9,5.1,6.3,13.4,11.0,11.9,13.2,10.4,196.0,208.0,203.0,192.0,192.0,4.2,6.7,4.7,7.1,7.8,31.149555,27.563413,58.712968
2021-02-24,1027.0,1025.1,1026.5,1025.9,1026.4,5.0,8.0,7.0,5.0,998.0,644.0,709.0,852.0,1079.0,69.0,70.0,72.0,68.0,80.0,10.0,18.0,12.0,14.0,13.0,6.0,12.0,8.0,10.0,9.0,2.0,4.0,3.0,6.0,6.0,0.0,0.0,0.0,0.0,0.0,9.1,4.2,7.1,6.8,9.7,13.7,13.1,13.0,14.2,10.2,187.0,204.0,197.0,189.0,187.0,4.2,8.7,5.0,8.0,8.0,42.345751,40.668492,83.014243
2021-02-25,1026.8,1026.1,1025.9,1026.7,1027.2,7.0,8.0,7.0,8.0,894.0,518.0,903.0,694.0,877.0,76.0,82.0,79.0,83.0,85.0,7.0,12.0,11.0,10.0,10.0,4.0,8.0,7.0,7.0,7.0,2.0,2.0,2.0,1.0,2.0,0.0,0.0,0.0,0.7,0.2,6.7,2.2,7.8,3.8,6.1,11.4,9.0,10.4,9.7,9.0,243.0,237.0,254.0,227.0,249.0,3.0,5.3,4.3,4.6,4.4,17.737079,16.243186,33.980265
2021-02-26,1035.1,1035.0,1034.0,1035.6,1036.1,3.0,1.0,5.0,1.0,1101.0,1082.0,943.0,1149.0,1204.0,78.0,89.0,85.0,93.0,83.0,9.0,9.0,10.0,7.0,7.0,5.0,5.0,6.0,6.0,5.0,1.0,2.0,2.0,2.0,1.0,0.0,0.0,0.0,0.1,0.2,9.7,9.7,8.6,9.5,9.7,6.5,5.6,6.1,5.9,6.7,310.0,302.0,300.0,306.0,325.0,2.4,3.5,3.6,3.6,3.2,11.289601,8.958991,20.248592
2021-02-27,1040.6,1040.5,1040.1,1039.9,1040.5,6.0,6.0,5.0,4.0,760.0,1022.0,668.0,883.0,758.0,90.0,92.0,93.0,95.0,96.0,4.0,5.0,6.0,6.0,6.0,2.0,4.0,3.0,4.0,4.0,0.0,1.0,1.0,1.0,1.0,0.0,0.0,0.0,0.0,0.0,5.1,8.8,4.2,6.3,4.8,4.3,4.1,4.2,4.5,3.9,17.0,273.0,274.0,360.0,45.0,1.3,1.5,2.0,2.5,2.6,0.766328,2.234577,3.000905
2021-02-28,1037.6,1038.2,1038.4,1037.1,1036.5,3.0,8.0,8.0,1.0,1143.0,700.0,619.0,1165.0,1211.0,89.0,99.0,98.0,91.0,86.0,7.0,6.0,5.0,9.0,10.0,3.0,4.0,3.0,7.0,7.0,0.0,0.0,1.0,2.0,3.0,0.0,0.0,0.0,0.0,0.0,8.8,4.4,2.4,9.2,9.8,4.0,2.3,2.2,5.1,5.7,37.0,55.0,57.0,43.0,42.0,2.0,2.2,1.4,4.2,5.0,5.268895,3.824921,9.093816
2021-03-01,1033.6,1034.5,1035.4,1032.3,1032.1,4.0,6.0,7.0,3.0,876.0,741.0,861.0,899.0,722.0,85.0,95.0,95.0,86.0,89.0,7.0,9.0,8.0,9.0,8.0,5.0,7.0,5.0,6.0,6.0,3.0,4.0,1.0,3.0,4.0,0.0,0.0,0.0,0.0,0.0,5.3,4.0,5.4,5.5,4.0,5.5,4.2,4.1,5.5,4.8,81.0,77.0,66.0,88.0,64.0,3.5,5.4,3.2,4.8,5.1,19.621809,6.494488,26.116297
2021-03-02,1030.2,1030.8,1031.7,1029.7,1029.3,0.0,4.0,4.0,0.0,1208.0,814.0,988.0,1190.0,1242.0,80.0,96.0,89.0,82.0,79.0,7.0,8.0,7.0,6.0,6.0,4.0,6.0,4.0,4.0,4.0,1.0,2.0,1.0,1.0,0.0,0.0,0.0,0.0,0.0,0.0,10.0,4.6,6.5,9.8,10.0,6.3,4.2,4.9,6.8,7.5,112.0,71.0,86.0,80.0,68.0,2.3,4.0,2.8,2.5,2.3,8.624753,3.832309,12.457062
2021-03-03,1027.2,1027.2,1026.7,1027.6,1027.5,6.0,7.0,6.0,7.0,877.0,287.0,567.0,407.0,878.0,91.0,95.0,95.0,99.0,96.0,5.0,6.0,7.0,5.0,6.0,3.0,4.0,4.0,4.0,4.0,0.0,0.0,1.0,2.0,1.0,0.0,0.0,0.0,0.0,0.0,6.0,0.0,3.0,0.0,4.7,4.5,3.0,2.9,3.9,4.7,336.0,294.0,272.0,337.0,351.0,1.6,2.7,2.4,2.8,2.5,3.248262,1.99265,5.240912
2021-03-04,1022.3,1022.8,1021.9,1022.9,1022.8,8.0,7.0,7.0,8.0,225.0,300.0,355.0,267.0,213.0,83.0,80.0,86.0,86.0,89.0,9.0,14.0,9.0,12.0,11.0,5.0,8.0,5.0,9.0,5.0,1.0,2.0,1.0,3.0,2.0,0.0,0.1,0.0,0.2,1.4,0.0,0.5,0.7,0.4,0.5,4.2,4.1,3.4,4.3,4.6,2.0,13.0,336.0,9.0,360.0,2.8,4.0,3.2,6.2,3.7,13.923037,10.873995,24.797032
2021-03-05,1030.4,1030.9,1030.2,1030.0,1030.2,1.0,2.0,2.0,2.0,1313.0,1038.0,1125.0,1285.0,1316.0,73.0,68.0,74.0,68.0,69.0,10.0,11.0,9.0,12.0,11.0,6.0,6.0,4.0,10.0,7.0,1.0,1.0,1.0,4.0,3.0,0.0,0.0,0.0,0.0,0.0,10.0,7.4,8.6,9.3,10.0,1.9,3.4,1.0,3.6,3.7,19.0,29.0,349.0,30.0,28.0,2.8,3.5,2.1,7.2,5.2,12.171759,14.4022,26.573959
2021-03-06,1033.4,1033.4,1032.9,1033.4,1032.9,3.0,6.0,7.0,1.0,1064.0,632.0,548.0,872.0,1341.0,79.0,80.0,87.0,78.0,72.0,10.0,6.0,6.0,9.0,8.0,4.0,4.0,3.0,7.0,5.0,0.0,1.0,1.0,2.0,3.0,0.0,0.0,0.0,0.0,0.0,7.1,2.0,1.8,7.2,9.9,0.7,2.3,1.8,2.5,3.2,41.0,314.0,281.0,38.0,41.0,1.8,1.9,2.1,4.0,3.9,2.804285,3.715685,6.519970000000001
2021-03-07,1026.1,1025.6,1024.7,1025.7,1026.3,7.0,8.0,8.0,4.0,555.0,562.0,332.0,312.0,965.0,78.0,68.0,83.0,67.0,70.0,6.0,8.0,9.0,7.0,7.0,3.0,6.0,5.0,5.0,4.0,0.0,1.0,1.0,1.0,1.0,0.0,0.0,1.1,0.0,0.0,0.4,2.4,0.0,0.0,5.1,1.4,4.0,3.3,3.7,3.5,311.0,293.0,266.0,4.0,20.0,1.3,3.8,3.1,2.9,2.8,8.387634,6.44677,14.834404
2021-03-08,1022.4,1021.4,1021.8,1023.5,1023.2,8.0,8.0,8.0,8.0,756.0,454.0,696.0,916.0,1108.0,73.0,85.0,88.0,75.0,74.0,8.0,9.0,8.0,12.0,8.0,4.0,6.0,5.0,8.0,7.0,2.0,2.0,1.0,3.0,1.0,2.8,7.9,3.8,2.7,1.1,3.0,0.7,3.0,5.3,6.9,5.4,5.3,3.9,5.2,4.7,261.0,241.0,197.0,247.0,261.0,2.7,4.3,2.2,5.0,3.7,9.1903,5.554681,14.744981
2021-03-09,1017.8,1017.3,1017.0,1018.4,1019.0,7.0,8.0,8.0,7.0,342.0,450.0,282.0,662.0,304.0,87.0,86.0,91.0,93.0,91.0,9.0,9.0,7.0,12.0,9.0,5.0,6.0,4.0,8.0,7.0,0.0,1.0,0.0,2.0,1.0,1.7,1.1,1.6,2.2,2.2,0.2,0.1,0.0,1.7,0.0,5.1,5.1,4.0,5.9,5.8,269.0,324.0,350.0,290.0,255.0,2.6,3.3,2.2,4.7,4.1,14.95687,8.524461,23.481331
2021-03-10,1012.0,1009.5,1011.5,1011.0,1011.5,8.0,8.0,8.0,8.0,432.0,277.0,344.0,357.0,435.0,84.0,85.0,85.0,82.0,79.0,18.0,24.0,18.0,22.0,20.0,9.0,17.0,10.0,16.0,15.0,1.0,2.0,1.0,5.0,3.0,3.6,6.4,6.6,3.7,0.7,0.0,0.0,0.0,0.0,0.2,5.7,5.3,5.1,6.4,6.4,188.0,194.0,182.0,191.0,193.0,5.0,9.3,5.2,10.3,10.0,48.090287,36.420569,84.51085599999999
2021-03-11,996.2,992.6,992.9,996.2,997.6,8.0,7.0,7.0,6.0,566.0,622.0,440.0,1077.0,1144.0,75.0,83.0,83.0,81.0,77.0,28.0,26.0,25.0,28.0,33.0,14.0,17.0,17.0,19.0,23.0,6.0,6.0,6.0,11.0,13.0,1.6,1.1,13.3,1.4,0.6,1.7,3.0,2.1,6.3,7.0,9.4,8.0,8.0,8.6,8.7,228.0,227.0,232.0,226.0,237.0,8.9,12.4,10.5,13.9,16.7,81.994304,51.947968,133.942272
2021-03-12,1002.3,999.4,999.6,1002.2,1003.2,8.0,7.0,7.0,7.0,485.0,629.0,605.0,623.0,584.0,78.0,82.0,83.0,82.0,80.0,19.0,18.0,18.0,22.0,21.0,9.0,12.0,11.0,13.0,16.0,6.0,4.0,3.0,9.0,9.0,2.6,2.1,6.6,3.2,1.9,2.5,2.8,3.1,2.6,3.4,7.1,6.4,5.6,7.0,7.0,224.0,231.0,233.0,224.0,227.0,6.8,8.8,7.9,10.5,12.3,84.245291,49.415409,133.6607
2021-03-13,993.7,990.4,990.0,994.0,995.4,8.0,8.0,8.0,7.0,506.0,615.0,654.0,840.0,892.0,75.0,80.0,83.0,78.0,77.0,23.0,24.0,22.0,23.0,30.0,11.0,15.0,13.0,16.0,20.0,4.0,8.0,5.0,10.0,7.0,7.7,6.2,10.6,7.5,5.5,1.9,2.9,2.8,5.3,5.0,6.9,6.6,6.0,7.1,7.1,240.0,245.0,242.0,242.0,238.0,7.7,12.2,9.9,12.9,13.8,86.531849,51.122671,137.65452
2021-03-14,1008.5,1007.0,1005.8,1009.2,1010.3,8.0,7.0,6.0,8.0,667.0,1254.0,1135.0,931.0,1214.0,78.0,83.0,83.0,83.0,79.0,12.0,14.0,12.0,17.0,16.0,6.0,8.0,8.0,10.0,11.0,3.0,5.0,3.0,5.0,5.0,2.3,3.4,3.8,2.3,2.4,2.7,8.3,7.6,2.7,6.4,6.7,6.5,6.1,6.7,7.2,268.0,280.0,265.0,272.0,266.0,4.1,6.5,5.3,8.3,8.5,53.681499,37.523393,91.204892
2021-03-15,1015.2,1014.8,1012.2,1016.8,1017.8,8.0,7.0,6.0,7.0,697.0,858.0,696.0,838.0,961.0,82.0,83.0,86.0,88.0,80.0,13.0,15.0,15.0,15.0,17.0,6.0,9.0,9.0,12.0,11.0,2.0,5.0,3.0,8.0,5.0,3.0,0.0,0.6,1.5,0.4,3.3,2.8,2.5,3.0,4.2,6.6,6.6,5.7,6.4,7.1,312.0,314.0,304.0,321.0,317.0,4.1,6.6,6.1,9.5,7.2,58.010452,39.715258,97.72571
2021-03-16,1023.8,1023.6,1022.3,1024.4,1024.7,8.0,8.0,8.0,8.0,413.0,563.0,1200.0,538.0,359.0,87.0,87.0,81.0,92.0,89.0,9.0,10.0,10.0,14.0,18.0,4.0,6.0,6.0,10.0,10.0,1.0,1.0,3.0,1.0,1.0,5.2,4.0,0.1,6.0,6.1,0.2,0.4,7.3,0.0,0.0,5.6,5.6,5.9,5.5,6.1,308.0,313.0,317.0,316.0,323.0,2.2,3.6,4.3,4.8,4.0,18.304839,13.270781,31.57562
2021-03-17,1027.0,1027.5,1026.0,1028.0,1028.4,8.0,8.0,7.0,8.0,770.0,737.0,1174.0,724.0,539.0,83.0,83.0,80.0,89.0,85.0,11.0,11.0,12.0,14.0,15.0,5.0,5.0,6.0,10.0,8.0,1.0,2.0,1.0,5.0,3.0,0.4,0.2,1.3,1.0,0.8,2.8,2.1,6.8,2.2,1.3,5.0,5.4,3.5,6.0,6.3,349.0,354.0,354.0,356.0,346.0,3.6,4.2,3.4,8.0,6.0,29.115838,26.649149,55.764987000000005
2021-03-18,1023.8,1024.2,1023.3,1024.6,1024.7,7.0,7.0,7.0,8.0,649.0,651.0,557.0,696.0,606.0,85.0,85.0,89.0,88.0,86.0,9.0,11.0,8.0,14.0,11.0,4.0,8.0,4.0,11.0,7.0,1.0,1.0,1.0,2.0,1.0,0.0,0.4,0.1,0.2,1.3,1.0,2.3,1.6,2.0,0.3,4.4,5.3,2.9,5.7,6.0,338.0,6.0,359.0,359.0,348.0,2.4,3.6,2.4,6.3,4.5,13.527422,13.778955,27.306377
2021-03-19,1026.5,1027.5,1026.8,1027.1,1026.5,1.0,1.0,2.0,2.0,1493.0,1586.0,1512.0,1610.0,1509.0,74.0,76.0,79.0,80.0,74.0,11.0,9.0,10.0,13.0,12.0,6.0,6.0,5.0,10.0,7.0,2.0,3.0,1.0,6.0,5.0,0.0,0.0,0.0,0.0,0.0,10.7,11.3,10.3,11.0,10.6,4.6,5.2,3.4,5.0,5.4,18.0,34.0,17.0,22.0,16.0,3.9,4.8,3.3,8.5,5.9,26.267067,21.679088,47.946155000000005
2021-03-20,1028.7,1028.1,1027.2,1029.2,1029.3,6.0,6.0,7.0,5.0,1211.0,817.0,667.0,1126.0,1567.0,82.0,87.0,90.0,86.0,81.0,9.0,9.0,9.0,9.0,9.0,4.0,6.0,6.0,6.0,5.0,1.0,1.0,0.0,1.0,2.0,0.2,0.0,0.3,0.0,0.0,5.3,3.0,1.4,4.6,9.1,4.3,4.6,3.2,4.7,5.4,285.0,273.0,262.0,299.0,300.0,2.3,3.9,3.3,4.2,3.9,11.981796,7.640686,19.622482
2021-03-21,1024.6,1024.8,1022.7,1025.7,1026.0,8.0,8.0,8.0,8.0,592.0,807.0,665.0,702.0,716.0,77.0,77.0,79.0,82.0,79.0,14.0,13.0,14.0,14.0,14.0,8.0,7.0,7.0,11.0,8.0,1.0,4.0,3.0,5.0,2.0,0.1,0.0,0.3,0.0,0.0,0.3,2.7,1.7,0.6,0.2,6.1,6.5,5.8,6.7,6.8,336.0,340.0,324.0,348.0,342.0,4.0,5.4,5.7,8.6,5.6,49.892476,31.645324,81.5378
2021-03-22,1025.5,1025.2,1024.4,1026.0,1026.2,8.0,6.0,8.0,8.0,665.0,1159.0,540.0,1118.0,826.0,79.0,81.0,81.0,75.0,79.0,7.0,7.0,8.0,10.0,7.0,3.0,5.0,5.0,7.0,5.0,0.0,2.0,2.0,1.0,1.0,0.0,0.0,0.0,0.0,0.0,2.1,6.0,0.5,5.6,2.4,5.7,5.4,5.7,6.5,6.7,312.0,293.0,310.0,321.0,282.0,1.9,3.0,3.5,4.0,3.0,8.768773,7.058408,15.827181
2021-03-23,1024.7,1023.7,1023.9,1024.8,1025.0,7.0,6.0,8.0,6.0,537.0,1321.0,909.0,1044.0,1089.0,83.0,91.0,81.0,84.0,87.0,8.0,12.0,8.0,9.0,9.0,5.0,8.0,5.0,6.0,7.0,1.0,1.0,2.0,3.0,3.0,0.0,0.0,0.0,0.0,0.0,0.2,7.2,2.0,5.5,5.2,6.5,5.3,7.1,7.3,6.8,228.0,215.0,238.0,216.0,233.0,2.7,4.3,3.5,4.1,4.6,12.66473,5.818305,18.483035
2021-03-24,1021.5,1020.6,1020.9,1021.5,1021.7,5.0,6.0,5.0,6.0,1557.0,1483.0,1554.0,1552.0,1644.0,80.0,86.0,80.0,80.0,81.0,10.0,12.0,11.0,9.0,9.0,6.0,8.0,7.0,6.0,6.0,0.0,2.0,2.0,2.0,2.0,0.0,0.0,0.0,0.0,0.0,10.5,9.8,10.7,10.1,11.0,6.7,6.9,7.2,8.0,8.2,220.0,221.0,232.0,227.0,239.0,2.6,5.1,3.9,4.2,3.9,18.291583,10.751838,29.043421
2021-03-25,1019.5,1018.3,1018.8,1019.4,1019.8,6.0,5.0,5.0,4.0,939.0,1062.0,1099.0,1355.0,1561.0,76.0,86.0,81.0,79.0,82.0,11.0,12.0,10.0,13.0,11.0,5.0,8.0,6.0,8.0,7.0,1.0,2.0,1.0,3.0,3.0,0.1,0.2,0.2,0.3,0.4,5.4,5.2,6.9,7.1,8.3,8.2,6.9,7.0,8.9,8.3,221.0,212.0,216.0,220.0,234.0,3.0,5.3,3.5,5.9,5.5,18.697763,15.118522,33.816285
2021-03-26,1014.0,1012.1,1013.3,1013.3,1013.8,6.0,7.0,7.0,5.0,1267.0,1492.0,1086.0,1483.0,1434.0,71.0,74.0,68.0,72.0,77.0,15.0,19.0,14.0,16.0,17.0,8.0,13.0,9.0,11.0,12.0,3.0,4.0,3.0,7.0,6.0,1.7,5.0,0.1,4.2,3.6,6.6,7.7,3.7,8.7,8.0,9.7,9.6,9.9,10.0,8.9,192.0,209.0,197.0,199.0,200.0,5.0,8.9,5.7,8.7,9.4,55.677166,41.812627,97.489793
2021-03-27,1019.9,1017.9,1017.6,1020.3,1021.2,6.0,6.0,7.0,5.0,1052.0,1296.0,1125.0,1740.0,1823.0,69.0,74.0,81.0,72.0,73.0,15.0,17.0,18.0,19.0,18.0,7.0,11.0,8.0,13.0,13.0,3.0,4.0,3.0,7.0,6.0,1.4,0.2,2.9,0.0,0.0,6.7,8.1,6.7,9.9,10.3,6.9,6.7,5.3,7.5,7.5,248.0,253.0,246.0,249.0,246.0,5.0,8.7,6.0,9.9,10.0,65.135835,40.496756,105.632591
2021-03-28,1024.8,1022.0,1022.7,1024.6,1025.5,8.0,8.0,8.0,8.0,670.0,584.0,589.0,819.0,1121.0,71.0,86.0,82.0,74.0,75.0,15.0,18.0,19.0,21.0,19.0,8.0,13.0,12.0,14.0,15.0,4.0,7.0,4.0,7.0,7.0,0.0,1.1,1.1,0.0,0.0,1.4,0.4,1.3,2.7,4.6,9.7,8.2,8.1,9.5,9.3,220.0,218.0,222.0,217.0,217.0,5.6,10.3,8.0,10.5,9.8,69.387716,43.570146,112.957862
2021-03-29,1027.8,1025.9,1026.0,1027.7,1028.3,4.0,4.0,3.0,2.0,1806.0,1337.0,1742.0,1655.0,1915.0,62.0,80.0,72.0,70.0,72.0,11.0,17.0,14.0,17.0,11.0,6.0,11.0,9.0,10.0,9.0,2.0,5.0,3.0,7.0,4.0,0.0,0.0,0.0,0.0,0.0,10.5,7.2,11.0,10.4,11.7,12.3,9.3,11.2,11.1,10.5,220.0,223.0,236.0,219.0,236.0,4.7,8.9,6.5,8.7,5.8,61.080293,35.274722,96.355015
2021-03-30,1028.9,1028.5,1028.8,1028.6,1028.4,3.0,3.0,3.0,2.0,1867.0,1814.0,1866.0,1842.0,1901.0,67.0,66.0,63.0,58.0,55.0,6.0,7.0,7.0,8.0,7.0,4.0,5.0,4.0,5.0,5.0,1.0,1.0,0.0,2.0,1.0,0.0,0.0,0.0,0.0,0.0,11.7,11.4,11.8,12.0,12.0,11.3,11.2,11.1,13.8,14.0,149.0,231.0,223.0,147.0,112.0,2.0,3.0,2.5,3.3,2.8,5.281507,6.296079,11.577586
2021-03-31,1021.3,1021.2,1021.3,1021.3,1021.2,3.0,4.0,3.0,3.0,1784.0,1597.0,1773.0,1735.0,1801.0,63.0,65.0,64.0,56.0,60.0,6.0,6.0,5.0,5.0,4.0,3.0,4.0,3.0,4.0,3.0,1.0,1.0,1.0,1.0,1.0,0.0,0.0,0.0,0.0,0.0,11.4,10.0,11.2,10.1,11.9,13.8,12.5,13.0,14.3,14.7,179.0,250.0,279.0,187.0,126.0,1.8,1.8,1.5,2.3,1.9,0.489969,1.660828,2.150797
2021-04-01,1023.3,1024.6,1023.6,1023.9,1023.2,2.0,3.0,4.0,2.0,1769.0,1805.0,1552.0,1717.0,1741.0,73.0,79.0,81.0,82.0,74.0,10.0,12.0,11.0,16.0,13.0,6.0,7.0,6.0,13.0,9.0,1.0,2.0,1.0,1.0,2.0,0.0,0.0,0.0,0.0,0.0,10.5,11.3,8.9,10.4,11.4,9.6,7.4,7.0,8.1,10.1,10.0,19.0,356.0,14.0,11.0,3.8,5.5,3.9,8.7,5.9,33.965052,29.076705,63.041757
2021-04-02,1027.0,1027.6,1025.9,1028.0,1027.8,6.0,7.0,7.0,6.0,639.0,799.0,672.0,774.0,856.0,79.0,72.0,76.0,77.0,74.0,11.0,12.0,12.0,15.0,14.0,5.0,7.0,7.0,11.0,8.0,1.0,4.0,3.0,8.0,5.0,0.0,0.0,0.1,0.3,0.0,0.7,2.0,0.5,1.6,2.5,5.3,6.3,5.9,6.4,6.5,351.0,353.0,334.0,10.0,10.0,3.5,5.4,4.8,9.5,6.4,38.338721,33.296667,71.635388
2021-04-03,1028.3,1029.0,1027.5,1029.4,1029.2,7.0,7.0,7.0,8.0,1404.0,1075.0,1359.0,1891.0,1237.0,66.0,69.0,74.0,68.0,64.0,12.0,12.0,11.0,15.0,13.0,5.0,6.0,6.0,12.0,8.0,3.0,4.0,2.0,7.0,5.0,0.0,0.0,0.0,0.0,0.0,4.8,2.9,4.5,9.7,3.3,7.2,6.6,6.5,7.1,7.2,355.0,360.0,335.0,8.0,7.0,4.2,5.0,4.1,9.6,7.0,41.87403,36.805144,78.67917399999999
2021-04-04,1022.4,1021.3,1020.3,1023.0,1023.6,7.0,8.0,8.0,7.0,811.0,942.0,627.0,880.0,779.0,73.0,76.0,78.0,77.0,75.0,11.0,15.0,13.0,16.0,12.0,6.0,10.0,8.0,11.0,9.0,2.0,2.0,3.0,2.0,2.0,0.0,0.0,0.0,0.0,0.0,2.7,2.7,1.6,1.6,2.8,6.3,6.5,6.1,6.3,6.2,257.0,253.0,255.0,257.0,272.0,3.2,6.0,5.2,5.9,4.8,25.156383,16.305203,41.461586
2021-04-05,1011.1,1010.0,1007.1,1012.9,1014.4,7.0,6.0,7.0,7.0,1291.0,1404.0,1281.0,1303.0,1248.0,72.0,73.0,79.0,72.0,69.0,18.0,24.0,21.0,25.0,23.0,8.0,12.0,11.0,17.0,12.0,4.0,8.0,3.0,9.0,7.0,1.6,1.1,5.9,1.8,0.8,6.5,7.3,6.2,6.2,5.5,4.2,3.9,2.8,4.9,4.8,303.0,315.0,296.0,321.0,313.0,6.0,9.7,7.0,14.4,9.8,83.433059,49.788135,133.221194
2021-04-06,1012.9,1011.9,1009.4,1014.4,1016.1,6.0,5.0,6.0,6.0,1263.0,1452.0,1454.0,820.0,864.0,76.0,71.0,78.0,78.0,77.0,15.0,17.0,18.0,23.0,19.0,6.0,9.0,9.0,15.0,10.0,3.0,7.0,2.0,10.0,6.0,2.6,1.0,2.7,7.0,5.3,6.3,8.1,8.3,3.3,4.1,2.5,3.2,1.9,2.8,2.6,302.0,316.0,292.0,321.0,316.0,4.3,8.0,5.4,12.8,7.9,65.70813,50.047196,115.755326
2021-04-07,1017.4,1016.2,1013.7,1019.0,1020.6,7.0,6.0,7.0,7.0,1037.0,1448.0,1109.0,1160.0,1546.0,81.0,74.0,84.0,79.0,60.0,16.0,21.0,16.0,23.0,18.0,7.0,12.0,10.0,18.0,13.0,2.0,6.0,3.0,8.0,3.0,11.3,4.8,4.5,4.0,0.8,4.0,7.3,5.2,4.2,6.0,3.4,4.5,2.8,4.3,4.6,291.0,309.0,284.0,306.0,291.0,4.5,8.3,5.6,13.2,7.6,67.907414,47.9153,115.822714
2021-04-08,1021.0,1019.1,1019.1,1021.1,1021.7,8.0,8.0,8.0,7.0,1227.0,1314.0,978.0,1448.0,1448.0,63.0,63.0,71.0,60.0,65.0,11.0,16.0,14.0,14.0,10.0,7.0,11.0,10.0,9.0,8.0,1.0,4.0,1.0,5.0,3.0,0.0,0.0,0.1,0.0,0.0,4.8,3.8,1.4,5.0,6.7,5.5,6.3,4.9,6.5,6.2,219.0,235.0,226.0,238.0,230.0,3.9,8.2,5.7,7.3,6.0,41.685804,25.206276,66.89207999999999
2021-04-09,1013.3,1012.4,1012.4,1013.3,1013.5,8.0,8.0,8.0,8.0,1369.0,602.0,638.0,1850.0,1757.0,71.0,83.0,82.0,77.0,69.0,10.0,14.0,11.0,13.0,10.0,5.0,9.0,7.0,9.0,8.0,2.0,1.0,1.0,2.0,1.0,0.0,1.9,1.0,0.0,0.0,6.8,1.5,1.2,9.3,7.6,7.8,6.6,6.2,8.0,8.0,246.0,251.0,244.0,247.0,251.0,4.0,5.2,4.6,6.5,5.0,39.881391,18.992285,58.873676
2021-04-10,1012.3,1014.1,1014.0,1012.6,1011.4,8.0,8.0,8.0,8.0,525.0,819.0,1042.0,411.0,416.0,86.0,75.0,81.0,84.0,86.0,11.0,14.0,13.0,18.0,14.0,6.0,10.0,7.0,15.0,9.0,2.0,3.0,0.0,6.0,4.0,11.4,2.6,9.3,10.0,8.6,0.2,0.1,1.2,0.0,0.0,5.0,4.7,4.5,5.0,5.7,36.0,46.0,44.0,44.0,35.0,4.5,6.9,4.5,9.6,6.8,38.545093,22.270141,60.815234
2021-04-11,1015.3,1015.7,1013.7,1016.4,1016.7,5.0,5.0,6.0,5.0,1085.0,1763.0,744.0,1981.0,1741.0,78.0,73.0,86.0,74.0,70.0,11.0,12.0,13.0,18.0,14.0,6.0,7.0,6.0,15.0,9.0,1.0,2.0,2.0,5.0,3.0,1.2,0.1,0.8,0.9,1.3,3.7,8.3,1.7,10.5,9.5,4.2,4.6,2.9,5.3,5.4,342.0,343.0,339.0,355.0,353.0,4.1,5.3,4.9,9.3,6.4,55.342024,36.145148,91.487172
2021-04-12,1027.2,1026.2,1025.2,1027.8,1028.2,4.0,4.0,3.0,3.0,1663.0,1866.0,1451.0,1860.0,2207.0,77.0,75.0,81.0,73.0,66.0,11.0,13.0,13.0,17.0,13.0,6.0,8.0,6.0,8.0,6.0,1.0,3.0,2.0,2.0,2.0,0.7,1.2,2.9,5.5,1.5,9.0,10.2,9.0,9.4,10.9,3.5,4.4,2.4,4.8,5.1,272.0,286.0,254.0,313.0,305.0,3.0,5.3,4.0,5.8,3.6,23.425964,13.71648,37.142444
2021-04-13,1032.3,1031.9,1031.0,1032.7,1032.7,4.0,3.0,3.0,3.0,1502.0,2132.0,1609.0,2196.0,2326.0,68.0,72.0,77.0,62.0,58.0,12.0,10.0,13.0,8.0,6.0,4.0,6.0,7.0,6.0,5.0,0.0,1.0,1.0,1.0,1.0,0.0,0.0,0.4,0.0,0.0,7.9,12.7,8.9,12.1,12.3,4.2,5.5,3.5,6.2,6.7,309.0,294.0,292.0,300.0,277.0,2.1,3.8,4.2,3.8,2.8,18.523286,12.26188,30.785166
2021-04-14,1031.4,1031.9,1031.0,1031.9,1031.5,6.0,5.0,5.0,2.0,1411.0,1899.0,1768.0,1740.0,1834.0,73.0,75.0,77.0,73.0,63.0,11.0,11.0,10.0,12.0,12.0,5.0,5.0,6.0,10.0,8.0,1.0,1.0,1.0,1.0,1.0,0.9,0.4,1.1,1.0,0.0,6.1,10.0,9.5,8.4,10.1,4.5,4.7,4.2,5.2,6.4,3.0,2.0,338.0,18.0,8.0,2.6,3.1,3.0,5.5,4.8,14.004723,11.420032,25.424755
2021-04-15,1030.9,1031.7,1031.3,1031.3,1031.0,6.0,6.0,4.0,7.0,1384.0,2183.0,1937.0,1516.0,1404.0,70.0,70.0,68.0,73.0,73.0,9.0,9.0,9.0,12.0,12.0,5.0,6.0,6.0,10.0,7.0,1.0,2.0,0.0,3.0,1.0,1.3,0.1,0.0,0.7,1.6,5.9,12.4,11.1,7.3,5.0,5.3,6.2,4.9,6.0,5.9,28.0,37.0,29.0,20.0,21.0,2.6,4.3,2.8,6.8,3.8,11.40036,9.88347,21.28383
2021-04-16,1028.9,1030.0,1029.1,1029.6,1029.1,1.0,0.0,0.0,1.0,2059.0,2247.0,2274.0,2226.0,2037.0,64.0,76.0,70.0,76.0,67.0,10.0,10.0,10.0,13.0,12.0,6.0,7.0,6.0,11.0,7.0,2.0,3.0,1.0,5.0,4.0,0.0,0.0,0.0,0.0,0.0,11.7,12.8,13.2,12.7,12.0,6.5,7.0,5.6,6.7,7.2,11.0,22.0,11.0,18.0,13.0,3.5,4.5,3.5,8.0,5.5,22.928136,19.099843,42.027979
2021-04-17,1026.3,1027.1,1026.0,1027.1,1026.8,2.0,2.0,1.0,2.0,2133.0,2225.0,2125.0,2310.0,2326.0,68.0,77.0,76.0,79.0,69.0,9.0,9.0,10.0,12.0,14.0,5.0,6.0,6.0,10.0,9.0,2.0,2.0,1.0,5.0,4.0,0.0,0.0,0.0,0.0,0.0,12.2,12.8,12.3,13.0,12.9,7.1,7.0,5.6,7.1,7.4,358.0,13.0,351.0,14.0,6.0,3.2,3.9,3.4,7.9,5.6,24.596637,21.218668,45.815305
2021-04-18,1022.9,1023.4,1022.7,1023.7,1023.8,3.0,2.0,3.0,4.0,2044.0,2201.0,2069.0,2155.0,2199.0,75.0,77.0,75.0,84.0,80.0,7.0,7.0,10.0,7.0,8.0,4.0,5.0,5.0,5.0,6.0,0.0,1.0,0.0,1.0,1.0,0.0,0.0,0.0,0.0,0.0,9.1,12.7,10.0,10.2,11.3,8.4,8.7,7.8,7.5,7.6,328.0,23.0,4.0,341.0,319.0,2.2,2.8,2.4,3.5,3.2,7.159326,3.479847,10.639173
2021-04-19,1020.2,1020.7,1020.9,1020.5,1020.4,5.0,1.0,4.0,3.0,1271.0,2161.0,1809.0,1477.0,1899.0,83.0,83.0,79.0,91.0,82.0,8.0,7.0,9.0,10.0,7.0,4.0,5.0,5.0,6.0,5.0,0.0,2.0,1.0,1.0,2.0,0.0,0.0,0.0,2.5,0.0,3.2,11.4,8.3,6.7,9.7,8.8,10.1,9.6,8.8,9.4,61.0,37.0,75.0,7.0,342.0,2.0,3.3,2.7,4.3,3.6,5.449635,4.629096,10.078731
2021-04-20,1017.6,1018.2,1017.7,1018.0,1017.9,3.0,2.0,1.0,1.0,1560.0,2031.0,2245.0,2058.0,2135.0,69.0,75.0,68.0,87.0,80.0,6.0,7.0,7.0,6.0,7.0,3.0,4.0,5.0,5.0,4.0,1.0,1.0,0.0,1.0,1.0,0.0,0.0,0.0,0.0,0.0,7.3,11.3,11.9,11.3,12.7,10.9,10.6,10.4,9.5,10.5,1.0,33.0,34.0,5.0,8.0,1.7,2.4,2.1,2.8,2.5,3.310415,1.30904,4.619455
2021-04-21,1020.0,1021.0,1019.8,1020.8,1020.3,5.0,6.0,7.0,4.0,1976.0,1991.0,1570.0,1723.0,2009.0,73.0,71.0,72.0,80.0,77.0,12.0,12.0,12.0,16.0,14.0,7.0,7.0,7.0,13.0,10.0,1.0,1.0,1.0,3.0,3.0,0.0,0.0,0.0,0.0,0.0,10.5,9.5,7.3,7.3,9.5,8.1,7.7,6.5,7.7,8.5,359.0,11.0,348.0,13.0,12.0,4.0,4.8,3.8,9.1,6.5,36.85431,28.761554,65.615864
2021-04-22,1026.9,1027.3,1025.9,1027.7,1027.2,6.0,6.0,6.0,4.0,2025.0,1755.0,1367.0,2322.0,2380.0,66.0,67.0,67.0,66.0,67.0,9.0,10.0,12.0,10.0,11.0,5.0,5.0,6.0,8.0,7.0,1.0,1.0,1.0,3.0,3.0,0.0,0.0,0.0,0.0,0.0,8.6,6.8,3.6,11.7,12.0,6.7,6.8,6.1,6.9,7.1,347.0,339.0,321.0,20.0,28.0,2.8,3.8,4.5,6.4,4.9,28.039444,20.703244,48.742688
2021-04-23,1029.5,1029.9,1029.2,1029.9,1029.3,3.0,6.0,4.0,3.0,2412.0,2106.0,2120.0,2506.0,2501.0,70.0,75.0,73.0,80.0,72.0,8.0,7.0,9.0,9.0,8.0,5.0,3.0,5.0,8.0,5.0,0.0,1.0,1.0,2.0,3.0,0.0,0.0,0.0,0.0,0.0,13.2,10.1,11.1,13.5,13.5,7.1,7.2,5.4,7.1,8.4,359.0,344.0,316.0,27.0,40.0,2.8,2.4,2.9,4.3,4.0,7.435206,6.2334,13.668606
2021-04-24,1028.3,1029.2,1028.6,1028.5,1027.5,6.0,7.0,7.0,5.0,1873.0,2097.0,2386.0,2036.0,2335.0,65.0,72.0,67.0,73.0,66.0,11.0,11.0,12.0,13.0,13.0,6.0,6.0,6.0,10.0,9.0,1.0,2.0,0.0,1.0,3.0,0.0,0.0,0.0,0.0,0.0,9.3,10.2,13.0,8.7,11.8,7.6,7.9,6.2,8.0,9.0,30.0,27.0,6.0,32.0,40.0,3.4,4.3,3.8,6.5,5.6,25.916418,16.464244,42.380662
2021-04-25,1027.4,1028.2,1027.4,1027.8,1027.1,5.0,7.0,5.0,4.0,1640.0,1274.0,1311.0,1658.0,1708.0,63.0,63.0,64.0,66.0,67.0,9.0,10.0,8.0,14.0,13.0,5.0,6.0,5.0,12.0,9.0,1.0,2.0,0.0,5.0,3.0,0.0,0.0,0.0,0.0,0.0,5.9,2.1,3.6,5.7,6.4,7.1,6.7,6.2,7.1,7.2,26.0,20.0,4.0,28.0,31.0,3.5,4.5,3.3,8.7,6.4,26.144885,25.224681,51.369566
2021-04-26,1020.1,1021.2,1021.0,1020.4,1019.4,2.0,7.0,3.0,3.0,2497.0,2049.0,2469.0,2530.0,2507.0,63.0,66.0,69.0,69.0,67.0,10.0,10.0,9.0,14.0,12.0,5.0,7.0,5.0,11.0,8.0,2.0,2.0,1.0,5.0,5.0,0.0,0.0,0.0,0.0,0.0,13.3,8.9,13.5,13.4,13.4,7.3,7.0,4.7,7.1,7.9,26.0,44.0,10.0,28.0,25.0,3.7,4.7,2.7,8.0,6.1,18.430908,16.538156,34.969064
2021-04-27,1010.5,1011.5,1012.3,1010.2,1009.6,2.0,6.0,2.0,4.0,2384.0,2212.0,2498.0,2240.0,2394.0,50.0,62.0,57.0,57.0,58.0,10.0,12.0,10.0,10.0,8.0,5.0,9.0,5.0,8.0,6.0,2.0,3.0,1.0,2.0,2.0,0.0,0.0,0.0,0.0,0.0,12.1,9.4,13.6,10.1,10.7,9.2,9.3,7.5,9.7,10.1,80.0,77.0,83.0,54.0,39.0,3.1,5.1,3.7,5.2,4.0,17.474875,9.421601,26.896476
2021-04-28,1004.4,1006.3,1006.2,1004.7,1004.0,5.0,5.0,5.0,6.0,1789.0,2313.0,2240.0,1697.0,1708.0,50.0,66.0,57.0,65.0,61.0,12.0,14.0,11.0,14.0,11.0,6.0,9.0,7.0,11.0,7.0,2.0,4.0,3.0,4.0,4.0,0.0,0.0,0.0,1.5,4.8,7.0,11.9,10.2,7.2,6.8,10.8,9.8,9.5,9.8,10.7,31.0,43.0,40.0,24.0,20.0,4.0,7.0,4.8,7.4,5.3,32.760124,19.265437,52.025561
2021-04-29,1005.8,1006.1,1003.8,1007.5,1008.6,8.0,8.0,8.0,5.0,337.0,267.0,282.0,1118.0,1356.0,82.0,82.0,89.0,85.0,76.0,14.0,13.0,9.0,20.0,13.0,6.0,9.0,5.0,15.0,9.0,2.0,2.0,1.0,6.0,3.0,5.4,3.1,16.4,20.2,13.4,0.0,0.0,0.2,5.3,5.6,7.7,7.9,8.2,7.5,7.5,303.0,341.0,357.0,329.0,325.0,4.2,5.4,3.1,10.8,6.3,43.996254,36.743024,80.739278
2021-04-30,1013.1,1013.0,1012.6,1013.7,1014.1,8.0,8.0,8.0,5.0,763.0,1161.0,885.0,889.0,1457.0,88.0,83.0,88.0,84.0,76.0,7.0,6.0,6.0,8.0,8.0,4.0,3.0,4.0,6.0,5.0,1.0,1.0,1.0,3.0,2.0,8.3,0.7,2.4,5.0,0.0,1.5,1.0,1.2,3.0,4.3,7.8,8.2,8.2,7.6,7.8,316.0,317.0,341.0,325.0,321.0,2.0,2.4,1.6,5.0,3.5,4.119402,4.248225,8.367626999999999
2021-05-01,1014.2,1013.8,1012.8,1014.9,1015.3,2.0,6.0,8.0,3.0,2000.0,1249.0,1146.0,2213.0,2557.0,74.0,80.0,84.0,78.0,75.0,9.0,8.0,8.0,10.0,9.0,5.0,5.0,5.0,8.0,6.0,1.0,2.0,0.0,4.0,1.0,0.0,2.1,0.0,0.0,0.0,11.3,3.6,2.6,8.9,12.7,7.7,7.5,7.9,8.1,7.9,293.0,313.0,267.0,314.0,301.0,2.8,3.5,2.9,5.8,3.8,13.280801,8.267178,21.547979
2021-05-02,1019.0,1018.5,1017.1,1019.7,1020.1,4.0,4.0,7.0,2.0,1663.0,2409.0,1308.0,2511.0,2559.0,71.0,70.0,78.0,70.0,69.0,11.0,11.0,12.0,9.0,10.0,5.0,7.0,7.0,7.0,7.0,1.0,3.0,2.0,4.0,3.0,0.0,0.0,0.3,0.0,0.0,8.1,12.7,3.6,12.5,12.1,6.8,7.6,6.2,8.0,8.1,299.0,303.0,303.0,307.0,283.0,3.1,4.8,5.0,6.0,4.5,34.580946,16.830309,51.411255
2021-05-03,1014.1,1012.6,1013.6,1013.8,1014.3,8.0,8.0,8.0,8.0,1494.0,1589.0,1122.0,1687.0,1457.0,62.0,77.0,76.0,73.0,73.0,19.0,19.0,16.0,23.0,19.0,9.0,12.0,8.0,12.0,14.0,2.0,3.0,1.0,5.0,2.0,0.2,4.0,3.3,2.0,0.7,2.5,3.9,2.3,3.4,3.6,9.9,9.3,8.6,10.1,9.8,204.0,219.0,207.0,216.0,229.0,4.8,6.8,4.6,7.6,6.5,38.154791,18.21097,56.365761000000006
2021-05-04,996.8,993.3,992.9,997.2,998.7,8.0,8.0,8.0,7.0,862.0,935.0,1010.0,1159.0,1304.0,77.0,80.0,84.0,81.0,73.0,21.0,25.0,21.0,27.0,25.0,10.0,15.0,12.0,17.0,19.0,4.0,10.0,8.0,11.0,7.0,6.7,5.7,7.8,3.0,2.6,2.5,1.9,3.4,3.3,4.7,9.0,8.4,8.2,8.9,9.7,236.0,248.0,233.0,251.0,244.0,7.7,13.0,10.3,14.0,13.9,95.145577,51.733883,146.87946
2021-05-05,1005.4,1003.6,1001.4,1006.3,1007.1,7.0,6.0,7.0,5.0,1846.0,2222.0,1596.0,2079.0,2495.0,74.0,69.0,76.0,78.0,70.0,17.0,18.0,20.0,17.0,16.0,7.0,12.0,11.0,14.0,11.0,1.0,4.0,4.0,2.0,2.0,4.2,0.3,4.5,2.4,14.7,9.0,10.7,7.3,8.9,11.2,7.1,7.5,6.4,7.4,8.1,272.0,284.0,267.0,284.0,273.0,4.7,9.0,7.6,9.1,7.8,77.389032,42.411038,119.80007
2021-05-06,1006.4,1005.9,1005.9,1006.5,1006.8,7.0,6.0,6.0,6.0,1183.0,2232.0,1466.0,2118.0,1359.0,83.0,73.0,85.0,75.0,73.0,7.0,11.0,12.0,12.0,9.0,3.0,5.0,5.0,8.0,6.0,1.0,1.0,1.0,3.0,2.0,4.2,0.9,7.7,0.6,0.2,5.1,10.7,6.9,9.5,5.3,5.9,6.7,4.9,7.6,7.6,251.0,278.0,264.0,281.0,251.0,2.1,3.5,2.8,4.5,4.3,9.822407,6.802229,16.624636
2021-05-07,1014.7,1014.0,1013.3,1015.1,1015.4,3.0,3.0,4.0,3.0,2116.0,2613.0,2291.0,2392.0,2694.0,75.0,71.0,75.0,76.0,71.0,10.0,12.0,13.0,14.0,15.0,5.0,7.0,7.0,8.0,10.0,0.0,1.0,1.0,2.0,1.0,1.5,0.0,0.0,5.7,0.1,11.6,13.4,11.2,11.9,13.1,6.5,7.1,6.4,7.8,8.7,269.0,271.0,268.0,276.0,271.0,2.8,4.3,3.9,5.3,4.8,26.20904,12.3204,38.52944
2021-05-08,1010.7,1009.3,1011.4,1009.6,1009.5,7.0,7.0,7.0,7.0,724.0,640.0,1080.0,754.0,815.0,78.0,81.0,82.0,78.0,78.0,11.0,16.0,12.0,17.0,16.0,6.0,11.0,8.0,12.0,12.0,2.0,3.0,1.0,4.0,1.0,2.5,14.6,7.8,3.2,2.7,1.6,1.3,3.0,1.6,1.1,10.4,9.7,8.3,11.5,11.8,162.0,178.0,167.0,169.0,171.0,4.2,6.6,4.0,7.5,7.0,36.02874,27.135434,63.164174
2021-05-09,1001.0,1000.4,1001.6,1000.2,999.9,7.0,7.0,6.0,7.0,1830.0,1682.0,1592.0,1876.0,1894.0,68.0,79.0,72.0,76.0,79.0,13.0,12.0,15.0,15.0,15.0,7.0,8.0,5.0,10.0,12.0,2.0,1.0,1.0,2.0,2.0,1.5,5.4,1.2,1.8,4.2,7.4,7.9,7.2,6.8,6.5,18.5,15.8,17.9,17.2,15.4,176.0,188.0,171.0,179.0,172.0,3.8,4.3,3.7,6.1,6.3,26.67596,25.71947,52.395430000000005
2021-05-10,1004.2,1003.3,1004.4,1003.8,1003.7,8.0,6.0,8.0,7.0,1242.0,2074.0,1293.0,1819.0,1879.0,74.0,80.0,77.0,79.0,78.0,14.0,19.0,19.0,18.0,17.0,8.0,10.0,11.0,9.0,11.0,1.0,1.0,1.0,2.0,2.0,1.4,3.5,0.2,5.9,6.2,4.0,8.5,4.3,7.3,6.7,15.9,13.3,15.9,14.3,14.1,206.0,212.0,199.0,210.0,218.0,3.7,6.0,4.5,5.7,6.1,35.532905,20.524829,56.057734
2021-05-11,1008.7,1009.0,1009.1,1008.9,1009.0,8.0,8.0,8.0,6.0,891.0,1183.0,777.0,1685.0,1795.0,83.0,88.0,89.0,82.0,78.0,9.0,9.0,8.0,7.0,10.0,3.0,5.0,5.0,5.0,6.0,1.0,1.0,1.0,1.0,1.0,1.0,7.0,0.5,0.0,0.0,0.4,2.8,0.1,5.1,6.3,13.6,12.3,13.0,12.4,13.4,336.0,31.0,68.0,337.0,234.0,1.2,2.8,2.9,3.3,3.0,6.192969,3.468264,9.661233
2021-05-12,1010.9,1010.7,1010.6,1011.0,1010.8,5.0,4.0,6.0,4.0,1779.0,2736.0,2453.0,2325.0,1983.0,78.0,82.0,78.0,76.0,79.0,11.0,12.0,9.0,10.0,10.0,5.0,8.0,5.0,7.0,6.0,1.0,1.0,0.0,2.0,1.0,1.9,0.0,0.0,0.1,1.1,6.9,13.5,12.0,10.8,9.1,11.5,11.2,12.7,12.2,12.1,271.0,242.0,290.0,240.0,199.0,2.3,4.3,3.1,4.2,3.5,10.58425,8.419068,19.003318
2021-05-13,1007.6,1008.5,1008.6,1007.5,1007.3,6.0,5.0,6.0,6.0,1952.0,2707.0,2680.0,1765.0,1450.0,80.0,80.0,80.0,85.0,83.0,11.0,12.0,7.0,14.0,14.0,5.0,7.0,4.0,8.0,10.0,1.0,2.0,1.0,1.0,1.0,8.7,0.0,0.0,14.1,1.1,7.5,13.0,13.7,6.4,3.1,12.1,11.6,10.4,12.2,11.5,29.0,47.0,26.0,52.0,187.0,2.0,4.7,2.8,4.0,3.9,10.573282,9.533527,20.106809
2021-05-14,1007.8,1008.2,1007.8,1008.1,1008.0,7.0,8.0,8.0,6.0,1712.0,1199.0,1159.0,2646.0,1491.0,82.0,80.0,81.0,87.0,82.0,6.0,6.0,6.0,8.0,8.0,3.0,3.0,4.0,7.0,5.0,1.0,1.0,1.0,1.0,1.0,0.1,0.0,0.0,0.1,0.0,4.0,2.2,1.0,11.6,4.3,11.1,9.3,9.6,10.5,10.6,360.0,333.0,311.0,1.0,356.0,1.8,2.6,2.6,4.6,2.9,3.694862,3.429225,7.124087
2021-05-15,1002.7,1002.7,1003.0,1002.5,1002.4,8.0,8.0,8.0,8.0,985.0,1101.0,1212.0,987.0,970.0,86.0,87.0,84.0,85.0,86.0,10.0,5.0,9.0,10.0,12.0,3.0,4.0,3.0,6.0,9.0,0.0,0.0,1.0,1.0,1.0,3.2,4.8,4.7,1.9,6.4,0.9,1.6,3.3,2.0,1.6,10.6,9.7,10.3,10.7,10.6,176.0,65.0,119.0,199.0,183.0,1.8,2.0,2.0,2.9,4.5,2.707637,1.981636,4.689273
2021-05-16,1000.0,999.3,999.7,999.8,1000.2,7.0,7.0,7.0,7.0,1503.0,2080.0,1479.0,2048.0,1813.0,83.0,88.0,86.0,82.0,84.0,12.0,9.0,12.0,13.0,11.0,5.0,6.0,7.0,8.0,8.0,1.0,1.0,0.0,4.0,2.0,7.5,1.4,2.5,7.0,5.4,5.8,8.5,3.9,8.2,7.5,11.4,10.7,10.7,11.9,11.5,220.0,232.0,222.0,228.0,211.0,3.0,3.8,2.9,5.9,5.3,16.488971,9.390051,25.879022
2021-05-17,1003.7,1003.5,1003.3,1004.0,1004.4,8.0,6.0,8.0,8.0,1100.0,1765.0,1382.0,1690.0,1438.0,86.0,86.0,86.0,92.0,86.0,10.0,10.0,9.0,11.0,13.0,5.0,6.0,5.0,9.0,9.0,1.0,1.0,1.0,2.0,3.0,11.2,3.1,1.6,6.7,3.2,2.7,5.8,2.4,5.3,3.3,11.1,10.5,10.6,11.1,11.4,249.0,291.0,272.0,255.0,244.0,2.9,3.3,2.4,5.8,6.5,16.059396,12.042018,28.101414
2021-05-18,1012.6,1012.3,1011.9,1013.0,1013.4,5.0,5.0,5.0,5.0,2067.0,2441.0,1413.0,2691.0,2783.0,77.0,84.0,84.0,82.0,77.0,10.0,10.0,11.0,9.0,11.0,5.0,6.0,4.0,7.0,7.0,0.0,1.0,1.0,3.0,4.0,0.8,0.0,2.2,0.0,0.0,9.2,10.6,4.5,11.6,12.6,11.3,10.4,9.9,11.8,12.3,283.0,259.0,262.0,266.0,258.0,2.4,3.5,2.2,5.0,5.9,12.212925,7.415844,19.628769
2021-05-19,1016.6,1016.2,1016.1,1016.9,1017.2,6.0,5.0,5.0,5.0,1214.0,2179.0,1093.0,1978.0,1959.0,88.0,84.0,90.0,90.0,80.0,8.0,7.0,9.0,11.0,11.0,4.0,4.0,4.0,7.0,7.0,1.0,1.0,0.0,4.0,2.0,8.2,0.0,7.6,7.7,0.1,3.7,8.3,3.4,8.4,6.9,10.4,10.9,8.7,11.2,11.7,250.0,276.0,230.0,265.0,252.0,2.0,2.8,1.8,5.1,4.7,8.12991,4.972051,13.101961
2021-05-20,1015.9,1014.7,1015.6,1015.3,1015.6,7.0,7.0,6.0,6.0,1624.0,1896.0,1930.0,1516.0,1570.0,74.0,77.0,74.0,75.0,77.0,12.0,16.0,11.0,18.0,21.0,6.0,8.0,6.0,12.0,14.0,1.0,2.0,1.0,2.0,2.0,0.0,2.0,0.0,0.0,0.1,3.6,6.2,7.0,5.9,5.0,12.2,11.7,11.1,12.8,12.6,190.0,212.0,201.0,195.0,191.0,3.6,5.0,3.5,7.2,7.3,23.339348,18.226253,41.565601
2021-05-21,1001.0,997.8,999.8,1000.1,1001.1,6.0,8.0,7.0,6.0,2077.0,917.0,1543.0,2040.0,2040.0,60.0,78.0,68.0,69.0,69.0,21.0,25.0,23.0,28.0,27.0,11.0,15.0,11.0,17.0,20.0,5.0,9.0,5.0,11.0,8.0,0.1,2.3,5.6,0.9,0.7,9.5,0.0,6.5,7.2,8.8,13.2,11.4,12.3,12.7,12.6,216.0,216.0,217.0,219.0,219.0,8.3,13.1,8.1,14.5,14.7,83.78321,51.962442,135.745652
2021-05-22,1002.4,1000.3,1000.0,1002.6,1003.3,8.0,7.0,8.0,8.0,799.0,1131.0,807.0,1201.0,1176.0,84.0,83.0,82.0,90.0,86.0,16.0,21.0,16.0,22.0,19.0,8.0,13.0,10.0,15.0,14.0,1.0,4.0,3.0,0.0,2.0,7.0,4.3,5.6,13.1,9.9,1.3,1.5,0.7,2.0,1.8,10.5,10.1,10.2,10.4,10.9,233.0,253.0,228.0,261.0,238.0,4.7,9.3,7.3,8.3,8.0,78.54848,40.847168,119.395648
2021-05-23,1011.2,1010.1,1011.0,1010.7,1010.9,8.0,8.0,8.0,7.0,1552.0,1959.0,1318.0,2044.0,1663.0,72.0,76.0,77.0,78.0,74.0,13.0,14.0,13.0,14.0,16.0,7.0,10.0,8.0,10.0,12.0,1.0,2.0,1.0,3.0,4.0,0.9,0.2,1.9,2.8,1.3,3.1,6.2,4.7,5.9,4.7,11.7,11.0,10.0,11.7,12.0,206.0,213.0,217.0,218.0,217.0,3.8,5.3,3.7,6.2,7.7,31.431297,20.057592,51.488889
2021-05-24,1006.9,1006.0,1007.4,1006.2,1006.2,8.0,8.0,8.0,7.0,1050.0,1100.0,924.0,1096.0,1136.0,83.0,86.0,85.0,89.0,83.0,14.0,12.0,11.0,19.0,21.0,5.0,8.0,6.0,12.0,11.0,1.0,1.0,1.0,2.0,1.0,16.2,10.6,4.1,11.3,11.2,1.4,3.1,1.2,2.7,3.0,11.2,10.9,11.5,10.8,11.0,188.0,199.0,181.0,191.0,195.0,3.8,4.6,3.7,7.0,6.8,33.103876,25.701629,58.805505
2021-05-25,1011.0,1009.9,1009.5,1011.4,1012.3,6.0,8.0,7.0,7.0,1304.0,1878.0,1312.0,1214.0,1718.0,83.0,85.0,87.0,89.0,81.0,14.0,12.0,11.0,16.0,16.0,7.0,9.0,6.0,11.0,12.0,2.0,1.0,3.0,5.0,6.0,2.9,13.9,6.0,3.5,5.3,4.5,5.3,2.7,2.9,4.4,10.2,10.4,9.7,10.4,11.1,243.0,265.0,244.0,259.0,250.0,4.0,5.1,4.0,8.2,9.5,35.785762,27.386391,63.172153
2021-05-26,1011.4,1010.2,1008.7,1012.2,1013.1,7.0,7.0,8.0,6.0,1471.0,1415.0,1287.0,1724.0,2479.0,83.0,85.0,87.0,87.0,81.0,12.0,15.0,13.0,16.0,14.0,6.0,10.0,8.0,12.0,10.0,3.0,4.0,3.0,6.0,4.0,8.4,5.1,4.2,0.7,0.0,4.0,4.1,3.1,5.4,9.2,10.8,10.5,10.2,11.2,11.4,251.0,276.0,255.0,275.0,259.0,4.3,6.5,5.4,8.8,7.3,49.009204,30.078194,79.087398
2021-05-27,1018.6,1018.3,1016.2,1019.7,1020.5,6.0,8.0,7.0,7.0,731.0,1452.0,1301.0,1273.0,1280.0,86.0,86.0,86.0,87.0,78.0,10.0,12.0,12.0,16.0,13.0,5.0,7.0,6.0,12.0,8.0,2.0,2.0,2.0,5.0,1.0,4.1,4.3,6.6,0.0,0.0,1.0,5.8,3.4,5.2,3.6,10.5,10.6,10.8,10.7,11.5,294.0,319.0,305.0,320.0,319.0,3.6,5.4,4.9,8.8,5.1,49.194938,31.638994,80.833932
2021-05-28,1024.4,1024.9,1024.6,1024.6,1024.2,5.0,3.0,5.0,7.0,2588.0,2884.0,2530.0,2686.0,2561.0,72.0,83.0,80.0,88.0,80.0,6.0,7.0,8.0,7.0,8.0,3.0,4.0,4.0,6.0,5.0,1.0,1.0,1.0,1.0,1.0,0.0,0.0,0.0,0.0,0.0,12.2,13.7,11.8,12.1,11.6,12.6,11.5,11.8,11.3,12.9,23.0,16.0,321.0,28.0,60.0,1.8,2.4,2.8,4.1,3.3,4.275227,2.601837,6.877064000000001
2021-05-29,1027.1,1028.0,1027.5,1027.4,1026.6,1.0,4.0,6.0,1.0,2782.0,1931.0,1874.0,2995.0,2990.0,77.0,82.0,81.0,84.0,72.0,11.0,8.0,7.0,12.0,10.0,4.0,5.0,4.0,10.0,7.0,1.0,1.0,1.0,2.0,3.0,0.0,0.0,0.0,0.0,0.0,14.1,6.5,5.8,15.0,15.0,12.5,11.1,11.5,12.3,14.4,15.0,25.0,352.0,29.0,19.0,2.8,3.2,2.5,6.5,4.5,9.94202,8.667441,18.609461
2021-05-30,1027.1,1028.3,1028.3,1027.1,1026.4,1.0,3.0,2.0,1.0,2877.0,2726.0,2954.0,2685.0,2966.0,70.0,81.0,78.0,87.0,77.0,9.0,9.0,7.0,11.0,10.0,5.0,6.0,5.0,9.0,6.0,1.0,3.0,1.0,3.0,2.0,0.0,0.0,0.0,0.0,0.0,15.0,10.8,14.6,11.1,13.9,14.9,12.0,12.4,12.9,14.6,37.0,50.0,22.0,34.0,27.0,3.1,4.7,2.5,6.0,4.4,12.388482,8.234048,20.62253
2021-05-31,1022.1,1023.3,1023.5,1022.0,1021.1,0.0,2.0,3.0,0.0,2878.0,2772.0,2633.0,2946.0,2961.0,64.0,86.0,76.0,76.0,64.0,8.0,8.0,10.0,11.0,9.0,4.0,6.0,5.0,9.0,6.0,1.0,3.0,2.0,1.0,3.0,0.0,0.0,0.0,0.0,0.0,15.1,12.9,10.6,15.0,15.0,16.7,13.5,15.1,15.9,17.7,53.0,56.0,64.0,35.0,52.0,2.5,4.4,2.9,5.0,4.5,10.707948,8.050587,18.758535
2021-06-01,1016.9,1017.9,1018.8,1016.5,1015.7,0.0,0.0,3.0,0.0,3021.0,3026.0,3014.0,2956.0,3027.0,51.0,68.0,62.0,46.0,52.0,11.0,11.0,10.0,11.0,11.0,5.0,8.0,7.0,7.0,7.0,1.0,4.0,2.0,2.0,3.0,0.0,0.0,0.0,0.0,0.0,15.2,15.2,15.4,15.0,15.0,18.5,18.0,17.7,20.1,19.2,97.0,68.0,75.0,89.0,83.0,3.0,5.3,3.7,4.6,4.8,20.252587,11.069193,31.32178
2021-06-02,1014.6,1015.6,1016.1,1014.3,1013.9,3.0,4.0,6.0,4.0,2936.0,2921.0,2688.0,2907.0,2875.0,56.0,77.0,66.0,54.0,57.0,7.0,10.0,7.0,11.0,19.0,3.0,6.0,5.0,7.0,6.0,1.0,3.0,2.0,2.0,2.0,0.0,0.0,0.0,0.0,5.5,15.4,14.5,13.3,14.6,13.0,21.0,17.5,18.1,21.4,20.6,116.0,50.0,61.0,75.0,102.0,2.2,4.8,3.3,4.0,4.0,12.044099,10.675833,22.719932
2021-06-03,1018.5,1018.0,1018.1,1018.7,1019.0,7.0,5.0,7.0,5.0,1931.0,2619.0,2196.0,2575.0,2427.0,73.0,82.0,74.0,75.0,84.0,8.0,10.0,10.0,9.0,10.0,4.0,7.0,5.0,6.0,7.0,0.0,1.0,1.0,2.0,3.0,0.0,0.0,0.0,0.0,0.0,7.8,11.2,7.3,10.9,9.1,20.7,16.8,20.2,18.7,17.1,236.0,227.0,206.0,227.0,258.0,2.6,4.3,2.8,4.7,5.2,11.684435,7.757208,19.441643
2021-06-04,1020.3,1020.9,1020.5,1020.7,1020.5,7.0,7.0,6.0,7.0,2327.0,2647.0,2699.0,2278.0,1951.0,74.0,84.0,81.0,82.0,83.0,7.0,7.0,7.0,11.0,18.0,4.0,5.0,4.0,9.0,7.0,0.0,2.0,0.0,2.0,1.0,1.2,0.0,0.0,0.2,10.6,9.0,13.1,12.1,7.9,7.1,20.0,16.3,18.9,16.6,16.9,359.0,3.0,333.0,7.0,314.0,2.1,3.3,2.2,4.6,3.8,5.844712,4.941196,10.785908
2021-06-05,1021.4,1021.5,1020.1,1022.6,1023.1,8.0,8.0,8.0,6.0,709.0,710.0,704.0,837.0,724.0,89.0,93.0,94.0,91.0,89.0,7.0,10.0,7.0,10.0,10.0,4.0,6.0,4.0,8.0,6.0,2.0,2.0,1.0,5.0,2.0,0.0,6.0,7.0,0.0,0.2,0.0,0.0,0.5,0.1,2.3,15.7,13.5,15.8,13.3,13.4,300.0,326.0,298.0,331.0,319.0,2.7,4.1,2.9,6.5,4.5,15.890245,12.149303,28.039548
2021-06-06,1024.1,1024.6,1023.5,1024.9,1024.8,2.0,1.0,7.0,0.0,2862.0,3012.0,717.0,3047.0,3077.0,66.0,70.0,90.0,71.0,65.0,8.0,8.0,7.0,9.0,8.0,4.0,5.0,4.0,7.0,5.0,1.0,1.0,2.0,4.0,1.0,0.0,0.0,0.0,0.0,0.0,12.3,15.3,0.4,15.3,15.3,16.5,15.0,13.7,14.9,16.1,342.0,350.0,314.0,354.0,357.0,3.0,3.3,3.4,5.5,3.3,15.986952,8.215501,24.202453
2021-06-07,1024.1,1024.7,1024.3,1024.5,1024.1,0.0,0.0,2.0,0.0,2987.0,2945.0,3016.0,2940.0,2988.0,67.0,69.0,74.0,70.0,66.0,9.0,7.0,7.0,10.0,9.0,5.0,4.0,4.0,9.0,7.0,1.0,1.0,1.0,2.0,2.0,0.0,0.0,0.0,0.0,0.0,15.2,15.1,15.4,15.3,15.1,16.8,15.9,15.3,15.8,17.2,18.0,9.0,359.0,21.0,28.0,2.7,2.8,2.7,4.9,4.0,8.887489,5.550802,14.438291
2021-06-08,1023.0,1023.5,1023.7,1023.4,1023.3,3.0,3.0,5.0,2.0,2951.0,2904.0,2722.0,2804.0,2874.0,62.0,73.0,76.0,78.0,71.0,10.0,5.0,7.0,6.0,7.0,4.0,4.0,4.0,5.0,4.0,1.0,2.0,1.0,1.0,1.0,0.0,0.0,0.0,0.0,0.0,15.2,15.1,11.5,15.2,14.9,19.1,18.0,16.3,17.3,18.4,23.0,70.0,33.0,354.0,343.0,2.0,2.7,1.8,2.5,2.7,1.98984,0.724596,2.714436
2021-06-09,1021.6,1021.7,1021.4,1022.0,1022.3,3.0,2.0,2.0,3.0,2808.0,3030.0,2516.0,2971.0,2999.0,68.0,78.0,72.0,71.0,70.0,8.0,7.0,8.0,9.0,10.0,4.0,5.0,5.0,6.0,6.0,0.0,0.0,0.0,1.0,2.0,0.0,0.0,0.0,0.0,0.0,13.8,15.3,13.2,15.0,13.7,19.0,16.7,18.6,18.3,18.1,254.0,245.0,288.0,256.0,264.0,1.7,2.5,1.8,3.5,4.1,5.926784,1.808995,7.735778999999999
2021-06-10,1020.5,1020.3,1020.2,1021.0,1021.2,4.0,3.0,3.0,4.0,2761.0,2919.0,2714.0,2881.0,2428.0,67.0,84.0,73.0,82.0,85.0,7.0,9.0,8.0,9.0,9.0,4.0,5.0,4.0,5.0,6.0,0.0,2.0,0.0,2.0,3.0,0.0,0.0,0.0,0.0,0.0,14.3,15.4,13.4,15.2,10.6,19.3,16.3,18.3,17.0,16.4,262.0,238.0,281.0,247.0,261.0,2.0,3.4,2.1,3.5,4.9,5.164559,3.460378,8.624937
2021-06-11,1019.4,1018.8,1018.3,1019.8,1020.2,8.0,8.0,6.0,7.0,2107.0,1433.0,2384.0,1534.0,1855.0,81.0,95.0,81.0,90.0,90.0,8.0,10.0,9.0,11.0,10.0,4.0,7.0,6.0,7.0,7.0,0.0,3.0,0.0,4.0,3.0,0.0,0.0,0.0,0.0,0.0,7.3,2.0,11.9,3.2,6.3,18.6,15.0,19.0,16.3,16.3,238.0,227.0,254.0,220.0,257.0,2.5,5.2,3.5,5.3,5.5,16.889661,8.132306,25.021967
2021-06-12,1022.1,1021.9,1020.6,1023.0,1023.3,5.0,5.0,6.0,5.0,2327.0,2486.0,1922.0,2475.0,2390.0,69.0,78.0,77.0,78.0,74.0,10.0,12.0,14.0,10.0,11.0,5.0,7.0,8.0,7.0,8.0,1.0,2.0,2.0,3.0,1.0,0.0,0.0,0.0,0.0,0.0,8.9,9.7,6.8,9.1,8.8,16.7,14.7,15.4,15.2,16.7,302.0,303.0,300.0,312.0,303.0,3.4,4.6,4.8,5.3,4.6,32.662012,15.154105,47.816117
2021-06-13,1026.8,1026.9,1026.6,1027.0,1026.9,0.0,0.0,0.0,0.0,3018.0,3013.0,2989.0,2949.0,3020.0,66.0,70.0,71.0,68.0,64.0,5.0,7.0,7.0,5.0,5.0,3.0,4.0,4.0,4.0,4.0,1.0,1.0,1.0,1.0,0.0,0.0,0.0,0.0,0.0,0.0,15.3,15.5,15.4,15.3,15.3,16.6,15.3,15.2,16.5,18.0,334.0,261.0,272.0,348.0,70.0,1.5,2.5,2.2,2.7,1.8,2.001815,2.265324,4.267139
2021-06-14,1020.6,1020.8,1020.6,1021.0,1020.8,4.0,4.0,3.0,2.0,2946.0,2828.0,2906.0,2918.0,3015.0,61.0,73.0,68.0,65.0,62.0,8.0,11.0,10.0,8.0,9.0,4.0,8.0,6.0,7.0,5.0,1.0,1.0,1.0,3.0,2.0,0.0,0.0,0.0,0.0,0.0,14.8,12.9,15.0,15.3,15.3,20.3,17.5,18.6,19.6,20.8,290.0,255.0,267.0,328.0,334.0,2.5,4.3,3.8,4.8,3.5,14.304056,7.985946,22.290002
2021-06-15,1020.7,1021.3,1021.2,1020.9,1020.3,7.0,5.0,5.0,7.0,2637.0,2779.0,2639.0,2595.0,2294.0,61.0,67.0,72.0,73.0,74.0,8.0,6.0,7.0,9.0,8.0,4.0,4.0,4.0,8.0,5.0,1.0,2.0,1.0,3.0,3.0,0.0,0.0,0.0,0.0,0.0,11.0,13.4,11.8,10.5,8.4,18.3,16.4,15.6,17.0,19.1,18.0,49.0,16.0,26.0,31.0,2.4,3.2,2.5,6.2,4.0,5.110835,5.241684,10.352519
2021-06-16,1013.5,1013.8,1014.6,1013.1,1012.7,3.0,1.0,2.0,3.0,2855.0,2855.0,2752.0,2721.0,2931.0,65.0,68.0,66.0,57.0,60.0,7.0,9.0,6.0,8.0,8.0,3.0,6.0,3.0,6.0,6.0,1.0,2.0,1.0,2.0,1.0,0.0,0.0,0.0,0.0,0.0,15.0,14.8,14.0,13.9,14.7,21.6,21.4,20.1,22.8,23.0,110.0,91.0,105.0,96.0,90.0,1.9,3.9,2.3,4.4,3.7,4.660008,5.658401,10.318409
2021-06-17,1010.9,1010.9,1011.1,1010.9,1010.6,5.0,6.0,3.0,6.0,2542.0,2215.0,2744.0,2077.0,1855.0,67.0,78.0,67.0,74.0,78.0,11.0,14.0,11.0,17.0,20.0,6.0,8.0,7.0,10.0,10.0,1.0,2.0,1.0,1.0,2.0,0.0,0.4,0.0,0.0,1.9,10.7,10.1,14.4,7.4,5.8,24.0,21.3,24.5,21.7,21.7,245.0,231.0,210.0,200.0,325.0,3.1,4.0,3.8,4.9,5.1,19.955794,11.942975,31.898769
2021-06-18,1011.9,1012.4,1012.9,1011.6,1011.3,5.0,7.0,6.0,6.0,2026.0,1321.0,2001.0,2146.0,2118.0,82.0,91.0,84.0,83.0,84.0,13.0,14.0,12.0,15.0,19.0,5.0,10.0,6.0,8.0,8.0,1.0,3.0,1.0,1.0,2.0,17.8,45.4,23.7,16.6,6.1,7.4,2.7,5.5,7.5,7.4,22.4,19.3,20.7,21.5,21.5,100.0,73.0,31.0,104.0,146.0,3.1,5.1,3.8,4.7,5.2,19.22647,12.3794,31.60587
2021-06-19,1012.9,1012.9,1012.8,1013.1,1013.0,8.0,8.0,7.0,8.0,803.0,885.0,1682.0,1127.0,704.0,85.0,89.0,84.0,89.0,90.0,10.0,13.0,11.0,14.0,11.0,5.0,9.0,7.0,9.0,9.0,2.0,3.0,2.0,3.0,2.0,9.0,3.5,0.0,24.6,16.2,1.8,0.2,4.0,1.5,0.7,18.1,15.9,18.8,16.0,16.3,261.0,246.0,249.0,306.0,296.0,3.2,5.8,4.8,6.0,5.1,24.317224,16.330452,40.647676
2021-06-20,1007.8,1008.6,1007.9,1008.2,1008.0,8.0,8.0,8.0,7.0,1543.0,1599.0,1710.0,2041.0,2271.0,82.0,85.0,83.0,88.0,84.0,10.0,12.0,13.0,15.0,11.0,6.0,6.0,9.0,12.0,7.0,1.0,2.0,2.0,1.0,2.0,0.7,36.2,9.7,12.9,5.8,4.6,5.3,6.5,7.0,9.2,18.6,15.3,17.5,17.1,18.0,330.0,10.0,320.0,13.0,319.0,3.0,4.4,4.6,6.1,4.9,22.136913,13.925785,36.062698
2021-06-21,1011.0,1012.2,1011.3,1011.6,1010.7,8.0,8.0,7.0,8.0,830.0,605.0,636.0,500.0,535.0,88.0,80.0,90.0,88.0,89.0,10.0,13.0,10.0,15.0,12.0,5.0,8.0,6.0,13.0,8.0,2.0,3.0,1.0,7.0,5.0,10.8,2.9,13.3,6.9,13.3,0.2,0.0,1.0,0.0,0.0,14.0,13.7,13.0,13.8,15.0,16.0,23.0,7.0,34.0,26.0,3.8,5.9,4.1,10.1,6.5,43.162203,36.272123,79.434326
2021-06-22,1017.9,1018.9,1018.1,1018.4,1017.9,8.0,7.0,6.0,8.0,1807.0,2053.0,1830.0,2573.0,901.0,71.0,65.0,71.0,70.0,74.0,10.0,10.0,9.0,16.0,13.0,6.0,6.0,5.0,13.0,8.0,1.0,3.0,1.0,6.0,4.0,0.5,0.0,0.0,0.0,1.0,4.9,7.6,5.6,9.4,0.0,14.5,14.1,13.8,14.6,14.5,24.0,13.0,348.0,21.0,21.0,3.8,4.4,3.2,10.0,6.6,28.242348,31.049705,59.292053
2021-06-23,1021.8,1022.6,1022.0,1022.3,1022.1,8.0,8.0,6.0,6.0,1552.0,1080.0,1771.0,1944.0,2202.0,74.0,68.0,75.0,70.0,71.0,7.0,6.0,7.0,10.0,9.0,4.0,4.0,4.0,8.0,6.0,0.0,2.0,1.0,4.0,3.0,0.7,0.0,0.0,0.0,0.0,1.0,2.4,4.2,3.9,7.6,14.6,13.4,13.7,14.3,14.8,14.0,9.0,352.0,23.0,8.0,2.5,3.1,2.8,6.6,4.4,9.136382,9.389695,18.526077
2021-06-24,1020.6,1020.9,1020.6,1021.1,1021.0,6.0,5.0,6.0,6.0,1622.0,2937.0,1683.0,2954.0,2196.0,73.0,73.0,78.0,73.0,72.0,6.0,6.0,6.0,7.0,7.0,3.0,3.0,3.0,5.0,5.0,1.0,1.0,1.0,2.0,3.0,0.0,0.0,0.0,0.0,0.0,2.5,11.2,5.6,12.2,7.5,15.0,13.9,14.1,14.2,15.5,352.0,4.0,17.0,358.0,311.0,2.0,2.4,2.0,3.6,3.3,2.050296,1.311456,3.361752
2021-06-25,1017.7,1016.9,1017.5,1017.4,1017.5,7.0,8.0,6.0,8.0,1055.0,1156.0,1557.0,1099.0,842.0,87.0,86.0,81.0,86.0,87.0,8.0,11.0,8.0,12.0,11.0,5.0,7.0,4.0,8.0,8.0,1.0,2.0,0.0,3.0,3.0,1.3,0.1,0.0,2.8,4.0,0.4,1.5,4.9,0.8,0.5,14.8,15.4,15.4,16.1,16.1,193.0,205.0,200.0,212.0,209.0,2.5,4.3,1.9,5.7,5.5,11.77439,10.140257,21.914647
2021-06-26,1018.4,1019.2,1019.4,1018.6,1018.3,8.0,5.0,7.0,8.0,2302.0,1978.0,2152.0,1445.0,1202.0,77.0,87.0,80.0,94.0,90.0,7.0,9.0,7.0,8.0,7.0,4.0,7.0,4.0,6.0,5.0,1.0,0.0,0.0,1.0,1.0,0.0,0.0,0.0,6.8,4.3,8.1,6.1,7.3,3.8,1.7,19.8,17.6,19.0,17.0,17.3,81.0,44.0,43.0,18.0,39.0,2.4,3.5,2.3,3.8,2.8,5.226749,2.616612,7.843361
2021-06-27,1015.5,1017.1,1017.6,1015.2,1014.5,7.0,5.0,4.0,7.0,2045.0,2746.0,2564.0,1946.0,1249.0,76.0,84.0,81.0,81.0,86.0,14.0,13.0,10.0,19.0,22.0,6.0,8.0,6.0,10.0,8.0,2.0,4.0,2.0,2.0,3.0,6.8,1.9,0.0,5.8,11.8,6.0,12.1,10.6,5.3,1.5,20.8,18.3,18.7,20.1,19.1,80.0,48.0,42.0,64.0,53.0,3.6,6.8,4.2,6.0,4.0,28.894023,13.90776,42.801783
2021-06-28,1013.5,1014.2,1013.8,1013.8,1013.8,7.0,8.0,8.0,8.0,1238.0,1625.0,2112.0,1555.0,953.0,86.0,87.0,80.0,92.0,93.0,4.0,10.0,7.0,7.0,8.0,2.0,7.0,4.0,5.0,4.0,1.0,3.0,2.0,2.0,1.0,0.0,0.2,0.0,0.0,2.7,4.6,4.7,6.7,6.9,3.5,20.3,18.0,19.9,18.4,18.4,5.0,45.0,28.0,13.0,4.0,1.4,4.9,2.8,3.0,2.3,7.168039,6.619672,13.787711
2021-06-29,1011.7,1012.3,1010.6,1012.5,1012.8,8.0,8.0,8.0,8.0,821.0,398.0,570.0,831.0,733.0,91.0,90.0,93.0,92.0,93.0,8.0,10.0,9.0,13.0,10.0,4.0,5.0,4.0,10.0,6.0,1.0,3.0,1.0,2.0,1.0,1.2,24.2,0.6,0.5,1.7,0.3,0.1,0.0,0.0,0.1,17.3,15.2,16.7,16.0,16.0,325.0,11.0,330.0,359.0,338.0,2.6,4.2,2.8,6.8,4.0,17.145377,20.287155,37.432532
2021-06-30,1012.6,1012.6,1011.3,1013.7,1014.4,8.0,8.0,8.0,8.0,443.0,519.0,484.0,632.0,930.0,93.0,87.0,94.0,92.0,86.0,8.0,8.0,6.0,12.0,11.0,3.0,4.0,4.0,9.0,7.0,2.0,3.0,2.0,7.0,4.0,2.6,5.2,9.0,13.2,3.7,0.0,0.3,0.0,0.1,0.2,14.0,14.0,13.9,13.8,14.6,313.0,334.0,317.0,338.0,323.0,2.8,3.5,2.8,8.3,5.1,16.619862,21.653826,38.273688
2021-07-01,1015.3,1014.6,1013.2,1016.1,1016.9,8.0,8.0,8.0,8.0,696.0,1764.0,1194.0,968.0,1131.0,84.0,86.0,90.0,87.0,76.0,9.0,9.0,8.0,12.0,10.0,4.0,7.0,5.0,9.0,7.0,2.0,2.0,3.0,5.0,4.0,0.6,0.0,3.0,0.0,0.1,0.5,3.2,2.4,0.9,0.6,15.0,15.7,16.6,14.7,15.0,267.0,276.0,281.0,285.0,273.0,3.1,4.7,4.0,7.6,4.8,22.407236,15.064617,37.471853
2021-07-02,1016.9,1016.7,1016.5,1017.0,1017.0,7.0,3.0,5.0,5.0,1193.0,2758.0,1852.0,1814.0,2439.0,84.0,86.0,84.0,88.0,79.0,5.0,7.0,9.0,8.0,7.0,3.0,4.0,5.0,6.0,6.0,1.0,1.0,0.0,3.0,2.0,0.2,0.0,0.0,0.0,0.0,2.9,12.8,6.8,6.2,9.2,16.6,15.7,16.4,16.0,17.8,218.0,267.0,245.0,303.0,267.0,1.8,2.5,2.8,4.0,3.8,4.366602,2.685412,7.052014
2021-07-03,1014.3,1014.2,1014.9,1013.9,1013.6,7.0,8.0,5.0,8.0,1528.0,1476.0,2487.0,1323.0,1374.0,83.0,84.0,78.0,83.0,86.0,13.0,8.0,6.0,10.0,8.0,4.0,5.0,4.0,7.0,6.0,1.0,1.0,0.0,1.0,1.0,7.7,0.9,0.0,1.2,4.2,4.0,3.2,9.5,2.4,1.8,18.4,18.0,18.1,18.6,18.6,135.0,119.0,88.0,154.0,135.0,2.1,3.1,1.6,4.5,4.0,4.689119,6.078059,10.767178
2021-07-04,1009.5,1009.3,1009.3,1009.6,1009.7,7.0,7.0,7.0,7.0,1532.0,2298.0,1346.0,1379.0,1323.0,86.0,86.0,89.0,87.0,88.0,8.0,8.0,8.0,9.0,12.0,4.0,5.0,4.0,6.0,9.0,1.0,1.0,1.0,2.0,1.0,5.7,1.1,9.3,1.5,5.0,3.7,7.3,2.2,5.2,5.3,18.1,17.3,18.6,17.3,17.4,230.0,236.0,175.0,220.0,213.0,1.5,2.8,2.4,3.7,3.6,1.884422,1.921952,3.806374
2021-07-05,1007.5,1006.6,1007.5,1006.9,1006.9,8.0,7.0,7.0,8.0,1383.0,2003.0,1532.0,1998.0,1750.0,87.0,81.0,88.0,79.0,82.0,9.0,11.0,9.0,13.0,11.0,5.0,7.0,5.0,8.0,8.0,1.0,3.0,1.0,2.0,1.0,4.7,0.2,8.2,5.5,3.6,3.3,6.9,4.2,6.5,4.4,16.7,17.0,17.0,17.6,17.1,181.0,216.0,195.0,191.0,186.0,2.8,4.9,3.0,5.8,4.3,15.68953,9.195476,24.885006
2021-07-06,1005.0,1003.1,1004.8,1004.2,1004.4,7.0,6.0,6.0,7.0,1459.0,2037.0,1293.0,1890.0,1840.0,72.0,76.0,78.0,74.0,74.0,18.0,23.0,16.0,22.0,21.0,8.0,16.0,9.0,15.0,15.0,3.0,4.0,2.0,7.0,5.0,0.5,0.9,0.6,1.3,0.6,5.1,7.7,2.9,7.8,7.1,18.0,17.7,17.8,17.5,17.6,194.0,205.0,191.0,205.0,205.0,5.3,9.5,5.7,11.4,10.9,63.505623,44.751747,108.25737
2021-07-07,1014.7,1013.9,1014.7,1014.5,1014.6,5.0,3.0,5.0,6.0,1772.0,2732.0,1995.0,2501.0,2390.0,76.0,75.0,78.0,72.0,77.0,11.0,13.0,10.0,13.0,10.0,5.0,9.0,6.0,8.0,7.0,0.0,3.0,0.0,3.0,2.0,0.0,0.0,0.2,0.0,0.0,5.8,13.6,9.0,11.5,10.1,17.2,16.8,17.3,17.7,17.6,201.0,214.0,198.0,214.0,224.0,2.8,6.3,3.3,5.7,5.0,29.186189,20.821299,50.007488
2021-07-08,1020.5,1020.5,1020.5,1020.8,1020.9,7.0,3.0,5.0,2.0,1995.0,2969.0,2131.0,2774.0,2747.0,74.0,82.0,82.0,77.0,78.0,7.0,9.0,8.0,8.0,9.0,3.0,6.0,4.0,5.0,6.0,0.0,1.0,0.0,2.0,3.0,0.0,0.0,0.0,0.0,0.0,6.7,15.1,8.2,12.6,13.4,18.1,16.3,17.6,17.5,17.7,319.0,231.0,354.0,247.0,259.0,1.8,3.6,1.8,3.7,4.1,4.91547,3.550653,8.466123
2021-07-09,1021.0,1021.1,1020.8,1021.4,1021.6,3.0,5.0,6.0,5.0,2612.0,1780.0,1988.0,2388.0,2525.0,78.0,87.0,81.0,81.0,83.0,8.0,7.0,6.0,7.0,8.0,4.0,4.0,4.0,5.0,6.0,0.0,1.0,0.0,1.0,1.0,0.0,0.0,0.0,0.0,0.0,11.6,7.8,6.8,10.5,9.0,17.6,15.7,17.3,17.0,16.8,268.0,263.0,345.0,258.0,266.0,1.9,2.5,1.8,3.3,4.0,3.957836,1.747581,5.705417
2021-07-10,1016.5,1016.7,1016.7,1016.6,1016.6,8.0,7.0,6.0,8.0,1702.0,1752.0,1852.0,1344.0,976.0,78.0,77.0,80.0,87.0,87.0,6.0,8.0,7.0,6.0,9.0,3.0,6.0,4.0,5.0,3.0,1.0,1.0,0.0,1.0,0.0,0.0,0.0,0.0,2.3,4.8,3.7,4.7,6.1,2.7,1.8,18.4,17.4,17.0,17.0,17.4,332.0,56.0,42.0,32.0,167.0,1.5,2.2,2.0,2.9,1.8,1.107152,0.408422,1.515574
2021-07-11,1015.8,1015.9,1015.9,1016.0,1016.0,7.0,6.0,6.0,5.0,1781.0,1700.0,1836.0,1489.0,2328.0,81.0,82.0,81.0,87.0,84.0,7.0,10.0,8.0,7.0,7.0,4.0,6.0,5.0,5.0,5.0,1.0,0.0,1.0,1.0,1.0,0.0,0.0,0.3,2.9,0.0,5.8,5.8,8.8,5.3,8.8,18.8,18.3,19.0,17.4,17.5,287.0,67.0,55.0,346.0,199.0,1.8,3.2,2.9,2.8,2.8,4.450449,3.853714,8.304162999999999
2021-07-12,1010.9,1011.5,1011.4,1010.9,1010.4,8.0,8.0,8.0,8.0,1885.0,1800.0,1470.0,1046.0,869.0,78.0,84.0,85.0,84.0,85.0,8.0,9.0,6.0,10.0,9.0,4.0,6.0,3.0,8.0,4.0,0.0,1.0,0.0,2.0,1.0,0.0,0.0,0.0,9.8,4.4,5.1,3.9,1.5,1.1,0.4,19.7,18.8,20.1,19.1,19.0,113.0,38.0,31.0,39.0,33.0,2.1,3.3,1.5,4.4,3.0,4.173961,2.641018,6.814979
2021-07-13,1010.8,1011.6,1010.4,1011.9,1011.8,8.0,8.0,8.0,8.0,505.0,714.0,769.0,1010.0,1220.0,91.0,91.0,95.0,92.0,88.0,8.0,9.0,7.0,14.0,14.0,4.0,5.0,4.0,11.0,9.0,1.0,3.0,2.0,4.0,3.0,0.5,0.0,0.9,0.0,0.0,0.0,0.0,0.7,0.5,0.9,18.8,17.8,19.5,17.4,17.7,350.0,353.0,332.0,357.0,345.0,2.9,4.1,3.0,8.8,6.3,19.49452,21.083723,40.578243
2021-07-14,1011.4,1012.2,1010.2,1013.2,1013.9,8.0,8.0,8.0,8.0,824.0,1248.0,1316.0,624.0,460.0,90.0,91.0,88.0,95.0,92.0,10.0,13.0,11.0,17.0,15.0,5.0,7.0,6.0,14.0,9.0,3.0,3.0,3.0,9.0,5.0,1.2,0.0,5.0,0.0,0.0,1.5,1.7,1.9,0.0,0.0,18.8,18.0,20.5,16.8,16.6,329.0,341.0,343.0,340.0,329.0,4.1,5.2,4.5,11.0,7.7,46.702646,38.537961,85.24060700000001
2021-07-15,1016.4,1017.7,1015.6,1018.0,1018.4,8.0,8.0,8.0,8.0,289.0,1495.0,664.0,1235.0,965.0,91.0,82.0,88.0,88.0,84.0,12.0,14.0,12.0,17.0,15.0,6.0,7.0,6.0,13.0,9.0,3.0,4.0,4.0,10.0,6.0,6.3,0.0,5.7,0.0,0.0,0.0,2.3,0.5,2.3,0.4,17.8,17.7,18.4,17.2,17.3,349.0,360.0,354.0,355.0,341.0,4.6,6.3,5.3,12.2,8.1,65.126373,50.191979,115.318352
2021-07-16,1023.2,1023.7,1022.2,1024.3,1024.6,6.0,5.0,7.0,6.0,1886.0,2268.0,969.0,2131.0,1924.0,74.0,78.0,83.0,78.0,74.0,9.0,10.0,8.0,13.0,11.0,5.0,5.0,5.0,10.0,7.0,2.0,3.0,2.0,7.0,3.0,0.0,0.0,0.0,0.0,0.0,7.4,9.1,0.1,6.5,6.0,18.0,17.3,17.3,17.0,16.8,343.0,356.0,324.0,357.0,342.0,3.4,4.5,3.5,8.8,5.5,30.401968,30.338845,60.740813
2021-07-17,1026.0,1026.6,1025.4,1026.8,1026.6,1.0,0.0,0.0,2.0,2798.0,2858.0,2820.0,2812.0,2777.0,73.0,80.0,80.0,85.0,75.0,10.0,9.0,10.0,10.0,10.0,5.0,5.0,6.0,9.0,7.0,1.0,1.0,1.0,3.0,2.0,0.0,0.0,0.0,0.0,0.0,13.9,15.1,15.1,13.6,12.6,20.0,18.9,18.9,18.3,19.1,360.0,339.0,328.0,7.0,359.0,3.3,3.5,3.8,6.8,4.4,22.468593,15.821705,38.290298
2021-07-18,1023.8,1024.0,1023.2,1024.4,1024.4,0.0,1.0,5.0,0.0,2759.0,2750.0,2433.0,2765.0,2813.0,74.0,81.0,80.0,84.0,77.0,9.0,10.0,10.0,10.0,8.0,5.0,6.0,7.0,8.0,5.0,0.0,1.0,1.0,2.0,1.0,0.0,0.0,0.0,0.0,0.0,15.0,14.4,11.4,14.8,15.0,20.2,18.7,18.8,18.7,19.9,334.0,330.0,317.0,343.0,322.0,2.7,3.3,3.3,3.8,3.3,14.858173,6.324895,21.183068
2021-07-19,1022.3,1022.7,1022.1,1022.3,1021.9,3.0,4.0,6.0,2.0,1940.0,2453.0,1969.0,2046.0,2481.0,75.0,74.0,73.0,77.0,78.0,7.0,8.0,8.0,9.0,7.0,4.0,5.0,4.0,8.0,5.0,0.0,1.0,1.0,1.0,1.0,0.0,0.0,0.0,0.0,0.0,8.5,10.6,6.9,7.3,11.2,17.4,17.3,16.8,18.4,19.7,20.0,31.0,328.0,41.0,64.0,2.0,3.0,3.0,4.4,3.5,7.984372,6.131332,14.115704
2021-07-20,1021.8,1022.0,1021.9,1021.8,1021.5,1.0,0.0,5.0,1.0,2729.0,2759.0,1970.0,2594.0,2721.0,71.0,70.0,74.0,74.0,72.0,7.0,6.0,7.0,7.0,8.0,3.0,4.0,4.0,6.0,6.0,0.0,1.0,0.0,2.0,1.0,0.0,0.0,0.0,0.0,0.0,13.6,13.5,6.8,12.5,13.3,17.2,17.9,16.9,18.2,19.3,39.0,39.0,4.0,43.0,81.0,1.8,2.6,1.8,3.9,3.9,2.190197,3.22171,5.411906999999999
2021-07-21,1023.2,1023.5,1023.4,1023.5,1023.3,2.0,3.0,7.0,0.0,2480.0,2294.0,1446.0,2627.0,2636.0,69.0,73.0,78.0,74.0,70.0,5.0,6.0,6.0,7.0,6.0,3.0,4.0,3.0,6.0,4.0,0.0,1.0,1.0,1.0,1.0,0.0,0.0,0.0,0.0,0.0,11.8,9.5,3.9,14.7,14.2,19.4,18.7,17.6,19.5,20.7,350.0,320.0,313.0,7.0,83.0,1.7,2.4,2.0,3.6,2.8,2.213137,1.40251,3.615647
2021-07-22,1022.3,1023.0,1022.4,1022.7,1022.5,1.0,4.0,5.0,1.0,2530.0,2655.0,2439.0,2624.0,2701.0,71.0,69.0,72.0,77.0,76.0,8.0,7.0,8.0,10.0,9.0,4.0,4.0,4.0,9.0,6.0,1.0,2.0,1.0,4.0,1.0,0.0,0.0,0.0,0.0,0.0,13.0,11.7,9.9,12.7,14.4,18.3,17.6,17.4,18.0,18.9,6.0,14.0,337.0,18.0,360.0,2.9,3.3,2.3,6.6,4.1,8.574951,7.570447,16.145398
2021-07-23,1017.6,1018.1,1018.0,1017.5,1016.7,5.0,6.0,7.0,3.0,1567.0,879.0,1046.0,1690.0,2719.0,77.0,72.0,79.0,77.0,73.0,8.0,8.0,6.0,11.0,11.0,4.0,5.0,4.0,10.0,7.0,1.0,1.0,1.0,2.0,3.0,0.0,0.0,0.0,0.0,0.0,5.8,1.5,0.1,5.7,13.6,17.0,17.7,17.2,17.6,18.6,53.0,31.0,6.0,47.0,40.0,2.6,3.0,1.8,5.2,5.4,6.883989,8.040528,14.924517
2021-07-24,1009.5,1010.0,1010.4,1009.2,1008.5,8.0,7.0,6.0,8.0,1005.0,1693.0,1998.0,637.0,1033.0,84.0,80.0,79.0,84.0,81.0,7.0,12.0,9.0,10.0,10.0,3.0,8.0,5.0,7.0,6.0,0.0,2.0,2.0,2.0,2.0,0.1,0.0,10.1,0.9,0.9,2.6,6.2,7.4,0.0,0.6,18.2,19.8,19.4,18.3,19.1,73.0,67.0,68.0,88.0,71.0,2.1,4.5,3.7,4.5,4.3,17.005604,10.481874,27.487478000000003
2021-07-25,1007.9,1007.7,1007.5,1007.9,1007.6,6.0,7.0,7.0,7.0,1917.0,1916.0,1477.0,2096.0,1610.0,84.0,85.0,86.0,86.0,84.0,8.0,8.0,10.0,7.0,12.0,4.0,5.0,6.0,5.0,4.0,1.0,1.0,0.0,1.0,1.0,19.0,0.6,12.8,3.0,3.1,8.7,6.9,3.8,8.4,4.7,19.7,19.6,19.7,19.6,19.4,183.0,265.0,221.0,92.0,136.0,2.0,3.1,3.3,3.5,2.5,5.845449,4.69361,10.539059
2021-07-26,1009.4,1008.9,1009.2,1009.5,1009.7,7.0,7.0,5.0,7.0,1441.0,1043.0,2400.0,1325.0,1056.0,90.0,90.0,80.0,92.0,89.0,9.0,9.0,10.0,7.0,8.0,4.0,5.0,6.0,5.0,5.0,1.0,0.0,1.0,1.0,1.0,20.1,3.3,0.0,15.1,1.7,4.5,4.3,11.2,2.5,1.1,18.3,18.7,20.2,18.1,18.5,185.0,281.0,185.0,274.0,238.0,2.3,2.5,2.9,3.2,3.4,7.721883,1.542063,9.263946
2021-07-27,1010.2,1009.2,1009.7,1009.8,1010.0,7.0,7.0,7.0,7.0,1119.0,1428.0,1880.0,1105.0,1030.0,89.0,86.0,83.0,89.0,87.0,9.0,11.0,9.0,15.0,16.0,4.0,7.0,6.0,8.0,9.0,1.0,2.0,2.0,4.0,4.0,15.1,7.7,0.7,17.6,4.1,1.9,5.1,5.0,1.8,2.2,17.6,18.0,19.0,17.6,17.7,199.0,213.0,209.0,204.0,197.0,2.7,4.5,4.3,5.9,5.8,17.912823,11.259977,29.1728
2021-07-28,1008.5,1006.3,1007.5,1008.0,1008.7,6.0,7.0,6.0,6.0,1264.0,1199.0,1451.0,1519.0,1341.0,80.0,84.0,86.0,80.0,78.0,14.0,18.0,20.0,21.0,19.0,7.0,12.0,9.0,13.0,13.0,2.0,4.0,3.0,6.0,6.0,3.3,7.4,3.5,1.8,1.8,4.0,3.5,5.3,5.5,4.6,17.6,17.4,17.1,17.6,17.8,211.0,218.0,206.0,219.0,212.0,4.6,8.2,5.3,10.2,10.1,55.566589,40.152595,95.719184
2021-07-29,1009.8,1007.7,1007.9,1009.8,1010.5,5.0,4.0,5.0,5.0,2464.0,2556.0,1859.0,2545.0,2095.0,66.0,71.0,75.0,68.0,73.0,15.0,17.0,16.0,18.0,17.0,7.0,11.0,10.0,12.0,13.0,2.0,7.0,3.0,8.0,5.0,0.9,0.0,1.5,0.0,5.1,12.9,14.1,10.6,13.3,9.4,17.3,17.3,16.0,17.5,17.2,234.0,238.0,228.0,241.0,230.0,5.0,9.6,7.1,10.0,10.1,75.874694,49.23188,125.106574
2021-07-30,1006.3,1004.8,1006.0,1005.7,1006.1,7.0,7.0,7.0,8.0,1401.0,1159.0,1606.0,1323.0,1318.0,76.0,80.0,80.0,80.0,78.0,17.0,18.0,11.0,22.0,19.0,7.0,12.0,5.0,13.0,14.0,1.0,3.0,2.0,5.0,6.0,4.0,7.6,5.8,11.0,3.3,4.8,3.2,5.9,4.1,3.6,17.0,17.4,16.5,17.1,17.4,199.0,204.0,198.0,209.0,200.0,4.0,6.0,3.8,8.7,9.5,30.979504,24.627044,55.606548
2021-07-31,1007.0,1005.2,1004.4,1007.5,1008.2,5.0,8.0,8.0,5.0,1447.0,1744.0,1407.0,1716.0,2057.0,86.0,85.0,86.0,84.0,80.0,13.0,18.0,14.0,20.0,21.0,7.0,11.0,9.0,14.0,15.0,1.0,2.0,3.0,4.0,6.0,8.6,7.6,7.4,2.9,0.6,6.1,5.7,4.6,7.8,8.1,16.4,17.1,16.8,17.2,17.7,248.0,264.0,242.0,259.0,246.0,3.9,7.7,6.0,9.0,10.1,68.877444,42.032323,110.909767
2021-08-01,1009.9,1009.5,1008.7,1010.4,1010.8,6.0,7.0,7.0,6.0,1317.0,1567.0,1305.0,1893.0,1856.0,86.0,78.0,85.0,80.0,81.0,9.0,10.0,9.0,13.0,10.0,4.0,5.0,5.0,7.0,7.0,1.0,1.0,2.0,4.0,2.0,2.3,0.0,1.1,0.3,2.5,3.5,6.3,3.1,6.0,5.3,16.0,16.4,15.7,17.1,16.8,267.0,307.0,280.0,308.0,265.0,2.8,3.5,3.1,5.7,4.8,13.991332,11.691477,25.682809
2021-08-02,1014.2,1014.0,1013.3,1014.7,1014.9,6.0,6.0,6.0,6.0,1629.0,1862.0,1447.0,2296.0,2000.0,75.0,73.0,81.0,71.0,68.0,9.0,8.0,10.0,8.0,8.0,3.0,5.0,5.0,6.0,5.0,0.0,0.0,1.0,1.0,1.0,0.0,0.4,0.5,0.0,0.3,7.3,8.7,5.0,10.8,9.7,15.3,15.5,14.8,15.8,16.3,304.0,311.0,273.0,328.0,331.0,1.8,3.4,3.3,3.7,2.7,10.667106,10.099123,20.766229000000003
2021-08-03,1013.8,1014.2,1014.0,1013.8,1013.7,7.0,5.0,7.0,5.0,1011.0,2218.0,1894.0,1942.0,2241.0,85.0,75.0,75.0,73.0,68.0,5.0,7.0,6.0,9.0,7.0,3.0,4.0,4.0,7.0,4.0,0.0,0.0,0.0,2.0,1.0,6.4,0.0,0.0,0.0,0.0,1.8,11.1,7.1,8.7,10.4,14.3,15.5,15.2,15.7,16.9,34.0,49.0,8.0,35.0,13.0,1.5,2.8,1.9,4.2,2.6,2.542832,1.61842,4.161252
2021-08-04,1013.3,1013.7,1014.0,1013.2,1013.0,4.0,5.0,6.0,4.0,1660.0,1918.0,1870.0,1517.0,2094.0,81.0,72.0,75.0,77.0,72.0,7.0,9.0,8.0,6.0,8.0,3.0,6.0,4.0,5.0,5.0,0.0,3.0,1.0,1.0,0.0,0.6,0.0,0.0,0.3,0.0,6.7,8.6,6.7,5.9,9.0,16.1,17.8,16.7,17.0,18.0,25.0,74.0,47.0,72.0,36.0,1.5,3.9,3.0,3.2,1.7,4.747713,2.720911,7.468624
2021-08-05,1007.3,1007.2,1008.1,1007.0,1006.7,6.0,3.0,3.0,5.0,1750.0,1765.0,2121.0,1745.0,2093.0,77.0,78.0,79.0,73.0,74.0,6.0,7.0,8.0,12.0,13.0,3.0,5.0,3.0,8.0,9.0,0.0,1.0,1.0,1.0,1.0,0.0,0.4,0.3,0.1,6.5,7.0,8.9,9.6,7.8,8.6,18.3,18.6,17.8,18.8,19.3,129.0,104.0,107.0,142.0,166.0,1.7,2.7,2.2,3.1,3.6,3.038337,4.999552,8.037889
2021-08-06,1001.7,1000.3,1001.8,1001.2,1001.7,7.0,7.0,7.0,7.0,1540.0,1347.0,1385.0,1638.0,1434.0,75.0,84.0,88.0,80.0,80.0,13.0,16.0,14.0,21.0,18.0,7.0,11.0,6.0,14.0,13.0,3.0,4.0,2.0,8.0,7.0,2.1,8.2,17.2,5.8,0.9,6.3,4.5,4.3,6.5,5.4,18.8,17.9,17.3,18.2,18.1,209.0,206.0,183.0,212.0,205.0,4.6,7.4,3.8,10.3,9.7,47.465379,40.931162,88.396541
2021-08-07,1001.3,1000.1,1001.4,1000.6,1000.7,6.0,7.0,6.0,7.0,1668.0,1367.0,1808.0,1386.0,1270.0,80.0,81.0,82.0,81.0,83.0,12.0,13.0,13.0,15.0,21.0,5.0,8.0,6.0,10.0,13.0,2.0,3.0,1.0,5.0,6.0,7.7,10.7,5.8,8.1,24.4,6.2,4.3,7.3,4.0,4.2,17.0,16.9,17.0,17.0,17.1,185.0,202.0,191.0,195.0,187.0,3.8,5.1,3.5,7.6,8.2,30.325863,29.052584,59.378447
2021-08-08,1007.4,1004.9,1005.9,1007.0,1007.9,7.0,7.0,7.0,6.0,1415.0,2001.0,1530.0,1733.0,1598.0,82.0,80.0,83.0,78.0,80.0,15.0,19.0,16.0,22.0,21.0,7.0,12.0,10.0,13.0,13.0,4.0,4.0,3.0,10.0,8.0,8.4,9.3,11.4,3.7,4.7,4.3,7.9,6.2,6.6,7.6,16.3,17.2,16.5,17.2,16.8,212.0,228.0,206.0,230.0,214.0,5.2,9.3,6.3,11.6,10.8,71.414119,48.046034,119.460153
2021-08-09,1014.0,1012.2,1013.3,1013.5,1014.0,7.0,8.0,8.0,7.0,1334.0,978.0,1279.0,1564.0,1651.0,81.0,83.0,86.0,79.0,79.0,17.0,15.0,12.0,17.0,16.0,6.0,9.0,7.0,11.0,12.0,2.0,5.0,3.0,7.0,6.0,12.1,16.2,5.8,2.9,1.3,5.1,3.4,3.4,6.6,6.5,16.6,16.8,15.7,17.1,17.1,204.0,222.0,202.0,216.0,210.0,3.5,6.9,4.6,8.9,8.4,50.7964,36.228729,87.02512899999999
2021-08-10,1015.8,1014.9,1015.1,1015.9,1016.3,4.0,4.0,5.0,5.0,1849.0,1985.0,1466.0,1963.0,1840.0,80.0,82.0,85.0,82.0,82.0,9.0,10.0,10.0,12.0,10.0,4.0,6.0,6.0,7.0,7.0,0.0,2.0,1.0,3.0,4.0,1.9,1.0,2.1,4.6,0.3,10.2,9.3,5.8,9.6,8.3,16.8,16.9,16.0,17.5,17.5,238.0,247.0,232.0,239.0,229.0,2.8,4.7,3.5,5.4,5.7,24.521387,14.504061,39.025448
2021-08-11,1018.9,1018.3,1018.6,1018.9,1019.1,5.0,5.0,4.0,5.0,2311.0,2217.0,2025.0,2261.0,2168.0,77.0,88.0,82.0,83.0,84.0,6.0,10.0,8.0,9.0,7.0,4.0,7.0,4.0,6.0,6.0,1.0,2.0,0.0,1.0,1.0,0.0,0.0,0.0,0.0,0.0,12.4,11.4,11.0,10.5,9.9,17.4,17.4,17.4,18.0,17.7,184.0,217.0,216.0,216.0,239.0,1.9,3.8,2.2,4.2,3.7,6.997823,3.314698,10.312521
2021-08-12,1019.2,1018.7,1019.0,1019.3,1019.5,6.0,6.0,7.0,6.0,2070.0,1951.0,2151.0,1948.0,1877.0,78.0,85.0,80.0,83.0,79.0,8.0,9.0,9.0,8.0,7.0,4.0,7.0,5.0,5.0,5.0,0.0,2.0,0.0,2.0,2.0,0.0,0.0,0.0,0.0,0.0,8.7,7.6,10.2,8.6,7.9,19.0,17.3,18.7,18.4,18.3,221.0,218.0,226.0,242.0,243.0,2.1,4.0,2.4,3.8,3.2,8.147232,3.247515,11.394747
2021-08-13,1021.1,1019.8,1020.0,1021.2,1021.7,7.0,7.0,6.0,6.0,1561.0,1633.0,1497.0,1697.0,1835.0,77.0,84.0,83.0,80.0,79.0,10.0,13.0,12.0,12.0,12.0,5.0,9.0,8.0,9.0,9.0,1.0,2.0,0.0,4.0,5.0,0.0,0.0,0.0,0.0,0.0,5.3,5.7,5.2,6.1,5.5,17.7,17.7,17.3,18.3,18.0,238.0,234.0,235.0,242.0,241.0,3.1,6.1,3.8,7.0,7.0,33.147342,21.491849,54.639191
2021-08-14,1019.7,1018.6,1018.5,1019.7,1020.2,6.0,7.0,8.0,4.0,1476.0,1919.0,1584.0,2219.0,2336.0,80.0,80.0,82.0,79.0,79.0,9.0,11.0,13.0,9.0,9.0,4.0,8.0,7.0,7.0,7.0,1.0,4.0,1.0,3.0,1.0,0.0,0.0,0.0,0.0,0.0,7.1,6.8,6.6,11.5,10.9,17.6,18.7,17.4,19.1,18.4,222.0,243.0,236.0,231.0,236.0,2.6,6.0,4.3,4.9,4.6,28.093614,11.754568,39.848182
2021-08-15,1012.5,1011.5,1011.4,1012.7,1013.2,7.0,6.0,6.0,6.0,1978.0,2099.0,2022.0,2161.0,1933.0,76.0,85.0,81.0,77.0,76.0,11.0,13.0,12.0,16.0,19.0,5.0,9.0,7.0,11.0,14.0,1.0,1.0,1.0,4.0,4.0,0.0,0.2,0.2,0.0,0.0,7.6,10.0,9.6,10.5,7.5,19.1,18.6,18.6,19.4,18.7,232.0,230.0,232.0,234.0,238.0,3.3,5.0,3.4,7.8,7.5,27.502168,17.304779,44.806947
2021-08-16,1012.5,1011.1,1008.8,1013.6,1014.7,6.0,7.0,7.0,7.0,1141.0,1397.0,1321.0,1170.0,896.0,75.0,71.0,81.0,76.0,77.0,15.0,17.0,17.0,18.0,16.0,6.0,11.0,9.0,14.0,12.0,3.0,4.0,3.0,9.0,3.0,6.5,0.7,5.5,2.8,4.7,4.6,4.4,4.1,4.3,2.4,15.9,16.1,15.7,16.4,16.5,274.0,291.0,269.0,297.0,273.0,4.4,8.0,6.1,11.5,7.5,64.945824,43.698974,108.644798
2021-08-17,1016.2,1015.0,1013.9,1016.7,1017.7,8.0,8.0,7.0,7.0,446.0,622.0,1294.0,468.0,388.0,89.0,82.0,80.0,86.0,84.0,10.0,14.0,12.0,13.0,15.0,4.0,8.0,7.0,9.0,11.0,2.0,3.0,2.0,7.0,4.0,4.7,2.0,0.0,8.1,16.0,0.2,1.0,4.3,0.0,0.0,14.7,15.8,15.6,15.9,16.1,245.0,278.0,260.0,280.0,259.0,2.7,5.3,4.7,8.1,7.3,39.439609,31.006801,70.44641
2021-08-18,1014.6,1013.4,1012.5,1014.9,1015.6,8.0,8.0,8.0,8.0,737.0,1065.0,884.0,872.0,1230.0,85.0,81.0,85.0,83.0,83.0,9.0,11.0,11.0,11.0,13.0,4.0,7.0,6.0,8.0,10.0,1.0,3.0,3.0,4.0,4.0,1.6,0.0,0.0,0.0,0.0,0.1,1.5,0.7,0.9,2.2,16.8,17.2,16.4,17.5,18.0,249.0,267.0,253.0,271.0,247.0,2.5,5.9,4.8,6.4,7.2,30.773539,23.070501,53.84404
2021-08-19,1013.5,1012.4,1012.2,1013.7,1014.3,8.0,8.0,8.0,8.0,461.0,415.0,549.0,547.0,890.0,87.0,88.0,93.0,84.0,80.0,10.0,10.0,8.0,11.0,13.0,5.0,6.0,4.0,8.0,9.0,2.0,3.0,1.0,4.0,5.0,0.4,2.0,9.3,2.0,0.0,0.0,0.0,0.2,0.9,2.6,16.5,16.8,15.9,17.1,17.2,233.0,263.0,248.0,251.0,236.0,2.7,4.5,2.3,6.0,7.7,16.244801,16.323397,32.568197999999995
2021-08-20,1016.3,1015.7,1015.8,1016.4,1016.7,6.0,7.0,8.0,7.0,1228.0,1167.0,1251.0,1725.0,1431.0,85.0,88.0,89.0,86.0,87.0,8.0,8.0,6.0,10.0,9.0,4.0,5.0,3.0,6.0,6.0,0.0,0.0,0.0,1.0,1.0,0.0,0.0,0.0,0.0,0.3,4.3,2.4,4.1,7.6,4.7,17.5,17.6,16.8,18.2,17.9,240.0,253.0,250.0,247.0,231.0,2.2,2.4,2.3,4.2,4.3,7.583178,5.562937,13.146115
2021-08-21,1016.8,1016.7,1017.4,1016.5,1016.3,8.0,8.0,7.0,8.0,1426.0,1261.0,1708.0,1233.0,1342.0,84.0,84.0,82.0,86.0,84.0,6.0,6.0,5.0,8.0,10.0,3.0,4.0,3.0,7.0,6.0,1.0,1.0,1.0,1.0,1.0,11.9,0.0,0.0,23.9,10.9,3.8,2.8,5.2,1.5,2.6,18.7,19.1,18.6,18.9,19.2,133.0,128.0,149.0,107.0,129.0,1.8,2.4,1.6,3.2,2.7,1.197998,0.948449,2.146447
2021-08-22,1015.3,1015.7,1014.7,1016.2,1017.0,8.0,8.0,8.0,8.0,766.0,442.0,687.0,950.0,995.0,92.0,91.0,93.0,92.0,89.0,10.0,13.0,10.0,15.0,12.0,4.0,8.0,6.0,12.0,8.0,1.0,2.0,1.0,4.0,6.0,18.8,23.6,17.0,16.0,3.8,1.0,0.0,0.8,2.1,2.1,17.9,17.6,17.7,17.9,17.8,267.0,360.0,65.0,314.0,267.0,3.1,4.4,3.3,7.2,6.4,22.005249,17.260092,39.265341
2021-08-23,1024.5,1025.8,1025.1,1025.2,1024.9,4.0,1.0,2.0,5.0,1709.0,2170.0,2156.0,2006.0,1762.0,77.0,76.0,76.0,77.0,76.0,9.0,12.0,9.0,16.0,13.0,5.0,7.0,6.0,13.0,9.0,3.0,4.0,2.0,6.0,4.0,0.0,0.0,0.0,0.0,0.1,8.0,12.7,11.9,10.1,7.7,18.2,18.3,17.5,18.3,18.6,16.0,29.0,28.0,23.0,1.0,3.8,5.8,3.9,10.5,6.7,38.741493,35.243799,73.985292
2021-08-24,1028.2,1029.3,1028.8,1028.5,1027.7,5.0,6.0,4.0,4.0,1878.0,2184.0,1860.0,2141.0,2081.0,81.0,77.0,81.0,82.0,77.0,9.0,9.0,7.0,12.0,11.0,5.0,5.0,4.0,10.0,8.0,1.0,3.0,1.0,6.0,4.0,0.0,0.0,0.0,0.0,0.0,10.8,12.3,10.6,13.0,12.6,17.1,17.3,17.0,17.0,17.8,27.0,32.0,24.0,29.0,15.0,3.4,4.4,3.0,8.2,5.9,18.977584,17.869857,36.847441
2021-08-25,1022.5,1022.7,1021.4,1023.2,1023.2,6.0,7.0,7.0,6.0,1864.0,1202.0,1092.0,1813.0,2024.0,84.0,82.0,87.0,87.0,79.0,8.0,11.0,10.0,13.0,10.0,4.0,6.0,5.0,10.0,6.0,1.0,2.0,1.0,3.0,3.0,0.2,0.5,1.2,0.4,0.0,8.4,3.5,4.4,7.5,10.7,16.2,16.4,14.7,16.6,17.4,333.0,332.0,303.0,360.0,350.0,2.5,4.0,3.4,6.7,4.5,18.635999,15.260667,33.896666
2021-08-26,1016.4,1016.8,1015.0,1017.5,1018.0,6.0,6.0,6.0,7.0,1288.0,1146.0,1732.0,1022.0,1010.0,76.0,74.0,74.0,77.0,75.0,10.0,11.0,14.0,16.0,14.0,5.0,6.0,7.0,12.0,8.0,2.0,3.0,2.0,6.0,3.0,0.5,0.1,0.0,0.6,0.4,4.9,3.6,9.6,1.9,0.9,16.3,16.4,16.6,16.4,16.8,333.0,356.0,348.0,354.0,337.0,3.4,4.5,4.4,9.9,5.8,38.729728,35.658362,74.38809
2021-08-27,1019.0,1019.6,1017.5,1020.2,1020.5,6.0,6.0,7.0,5.0,1447.0,1465.0,1157.0,1935.0,1722.0,82.0,77.0,83.0,77.0,75.0,13.0,14.0,13.0,17.0,13.0,6.0,7.0,7.0,12.0,9.0,2.0,2.0,2.0,7.0,1.0,1.9,2.3,4.0,8.5,2.7,6.9,7.7,4.1,10.0,9.3,15.8,16.6,15.9,17.1,16.8,336.0,356.0,350.0,357.0,341.0,3.5,4.6,4.4,9.6,5.2,44.143,32.931539,77.074539
2021-08-28,1021.1,1022.2,1020.5,1022.1,1022.2,7.0,6.0,8.0,6.0,1336.0,1546.0,1011.0,1757.0,1523.0,80.0,79.0,81.0,81.0,81.0,13.0,13.0,12.0,15.0,15.0,6.0,8.0,7.0,12.0,10.0,2.0,4.0,2.0,10.0,2.0,2.7,0.0,2.4,0.8,6.4,4.5,5.6,2.3,6.7,7.0,17.0,17.1,16.5,17.4,17.2,360.0,15.0,2.0,14.0,355.0,3.8,5.6,4.6,11.0,5.9,44.777008,39.7476,84.524608
2021-08-29,1020.5,1021.4,1019.6,1021.6,1021.8,8.0,8.0,8.0,8.0,370.0,458.0,408.0,453.0,653.0,90.0,84.0,88.0,85.0,83.0,11.0,11.0,12.0,15.0,12.0,4.0,6.0,5.0,12.0,7.0,2.0,3.0,3.0,9.0,3.0,1.1,0.3,1.4,0.5,2.0,0.0,0.1,0.2,0.0,1.2,16.2,16.7,16.6,16.7,16.6,343.0,360.0,358.0,2.0,346.0,3.3,4.8,4.0,10.7,5.5,36.654905,37.358148,74.013053
2021-08-30,1021.8,1022.8,1021.5,1022.8,1022.7,6.0,7.0,5.0,8.0,1234.0,1291.0,1660.0,1039.0,957.0,84.0,83.0,84.0,85.0,81.0,10.0,10.0,10.0,14.0,12.0,6.0,6.0,6.0,11.0,8.0,2.0,2.0,2.0,8.0,3.0,0.0,0.0,0.0,0.0,0.0,3.9,5.9,8.7,4.5,2.6,17.6,17.3,17.6,17.4,17.7,356.0,9.0,5.0,13.0,355.0,3.5,4.3,3.8,9.8,5.5,33.466322,30.903261,64.369583
2021-08-31,1026.5,1026.9,1025.7,1027.1,1027.0,6.0,6.0,7.0,7.0,1240.0,726.0,932.0,1336.0,1468.0,83.0,78.0,83.0,80.0,78.0,10.0,9.0,9.0,13.0,12.0,5.0,5.0,5.0,10.0,8.0,1.0,2.0,2.0,7.0,3.0,0.0,0.0,0.0,0.0,0.0,4.2,1.0,2.7,5.3,5.9,16.3,16.3,16.1,16.8,17.3,349.0,360.0,334.0,15.0,4.0,2.9,3.5,3.3,8.3,5.1,22.399252,24.793519,47.192771
2021-09-01,1028.6,1028.8,1028.1,1029.0,1028.9,8.0,8.0,7.0,8.0,685.0,613.0,611.0,998.0,695.0,76.0,78.0,82.0,77.0,74.0,7.0,7.0,5.0,10.0,9.0,3.0,3.0,3.0,8.0,5.0,1.0,1.0,1.0,1.0,1.0,0.0,0.0,0.0,0.1,0.0,0.2,0.0,0.0,1.4,0.0,16.5,16.4,15.2,16.7,17.2,360.0,357.0,304.0,18.0,13.0,1.8,2.4,1.6,5.9,3.5,4.652945,8.503729,13.156674
2021-09-02,1026.8,1027.3,1027.2,1026.9,1026.3,4.0,6.0,5.0,4.0,1442.0,743.0,1024.0,1201.0,1556.0,76.0,78.0,84.0,75.0,74.0,6.0,7.0,4.0,10.0,9.0,4.0,3.0,2.0,9.0,6.0,1.0,1.0,0.0,2.0,3.0,0.0,0.0,0.0,0.0,0.0,5.6,0.4,3.8,4.9,6.5,16.3,15.7,13.7,16.2,17.0,41.0,29.0,333.0,40.0,25.0,1.9,1.9,1.2,5.2,4.3,2.972436,5.386469,8.358905
2021-09-03,1021.4,1022.5,1022.4,1021.4,1020.5,0.0,5.0,6.0,0.0,1729.0,1146.0,1322.0,1911.0,1990.0,83.0,81.0,83.0,84.0,81.0,7.0,9.0,7.0,13.0,9.0,4.0,6.0,4.0,11.0,7.0,1.0,3.0,0.0,4.0,3.0,0.0,0.0,0.0,0.0,0.0,11.0,4.9,5.3,11.9,12.5,16.4,15.7,13.8,16.3,17.7,34.0,49.0,23.0,37.0,26.0,2.7,4.3,2.2,6.8,5.1,10.759301,9.997117,20.756418
2021-09-04,1019.4,1020.2,1020.4,1019.1,1018.4,4.0,6.0,5.0,4.0,1700.0,1523.0,1539.0,1775.0,1199.0,82.0,76.0,77.0,79.0,86.0,7.0,11.0,7.0,9.0,10.0,4.0,8.0,4.0,8.0,7.0,2.0,5.0,1.0,3.0,3.0,0.0,0.0,0.0,0.0,0.0,8.2,6.8,6.9,9.4,5.1,15.4,16.1,15.4,16.6,16.3,54.0,67.0,43.0,56.0,41.0,2.9,5.7,2.6,5.2,5.0,16.053558,7.362898,23.416456
2021-09-05,1021.6,1022.4,1022.9,1021.5,1020.9,2.0,5.0,4.0,2.0,1946.0,1912.0,1610.0,1957.0,1943.0,79.0,82.0,86.0,77.0,73.0,5.0,7.0,7.0,8.0,7.0,3.0,5.0,4.0,6.0,5.0,1.0,2.0,1.0,2.0,3.0,0.0,0.0,0.0,0.0,0.0,12.3,12.3,7.6,12.3,11.7,15.6,17.0,13.8,17.4,18.9,40.0,70.0,66.0,57.0,53.0,1.9,3.5,2.3,4.0,3.5,7.683178,3.689932,11.37311
2021-09-06,1024.2,1024.3,1024.6,1024.1,1023.9,7.0,7.0,8.0,5.0,1602.0,1255.0,1446.0,1520.0,1710.0,78.0,80.0,80.0,81.0,70.0,3.0,4.0,5.0,4.0,5.0,2.0,3.0,2.0,3.0,3.0,1.0,0.0,0.0,0.0,1.0,0.0,0.0,0.0,0.0,0.0,9.2,6.5,7.0,9.2,10.0,16.5,17.5,14.9,18.0,19.8,32.0,79.0,68.0,60.0,76.0,1.2,1.6,0.7,2.0,2.1,0.117065,0.141036,0.258101
2021-09-07,1022.8,1022.8,1023.4,1022.4,1021.9,8.0,7.0,6.0,5.0,1560.0,1633.0,1603.0,1702.0,1831.0,79.0,73.0,77.0,71.0,68.0,5.0,5.0,5.0,7.0,9.0,3.0,4.0,3.0,5.0,7.0,0.0,1.0,1.0,1.0,2.0,0.0,0.0,0.0,0.0,0.0,8.0,8.8,8.6,10.3,10.5,18.3,19.8,18.4,20.1,21.5,120.0,133.0,145.0,97.0,85.0,1.6,2.0,1.3,3.1,3.7,1.129814,2.693201,3.823015
2021-09-08,1015.6,1016.0,1017.1,1014.9,1014.1,2.0,3.0,1.0,3.0,1831.0,1844.0,1845.0,1815.0,1888.0,74.0,73.0,72.0,65.0,68.0,7.0,9.0,9.0,7.0,8.0,4.0,5.0,4.0,5.0,7.0,1.0,2.0,1.0,3.0,3.0,0.0,0.0,0.0,0.0,0.0,12.2,12.2,12.2,12.2,11.7,19.4,20.7,18.9,21.6,21.5,102.0,94.0,92.0,110.0,86.0,2.5,3.1,2.6,4.1,4.9,8.150439,8.144712,16.295151
2021-09-09,1010.0,1009.8,1010.4,1009.9,1009.8,7.0,4.0,3.0,7.0,1579.0,1676.0,1671.0,1515.0,1507.0,80.0,82.0,76.0,81.0,82.0,10.0,11.0,6.0,10.0,8.0,5.0,7.0,3.0,6.0,6.0,1.0,2.0,1.0,2.0,1.0,0.0,0.0,0.0,1.0,2.8,9.9,11.3,10.5,7.0,7.1,19.7,19.1,19.6,19.7,20.4,178.0,178.0,144.0,186.0,193.0,2.3,3.4,2.2,4.2,3.8,7.533325,7.19581,14.729135
2021-09-10,1012.3,1011.6,1012.1,1012.2,1012.4,7.0,8.0,8.0,6.0,892.0,824.0,667.0,880.0,1068.0,90.0,89.0,91.0,86.0,86.0,7.0,9.0,10.0,12.0,10.0,4.0,6.0,4.0,8.0,7.0,1.0,2.0,1.0,4.0,3.0,6.3,0.0,9.1,0.0,2.5,2.0,2.3,0.7,2.9,4.6,19.5,18.5,19.3,19.4,19.4,196.0,210.0,196.0,216.0,216.0,2.4,3.6,2.1,5.0,5.0,6.770343,6.735311,13.505654
2021-09-11,1015.9,1014.6,1014.7,1016.0,1016.6,7.0,8.0,8.0,7.0,767.0,574.0,705.0,634.0,796.0,87.0,90.0,91.0,85.0,85.0,9.0,10.0,10.0,12.0,13.0,5.0,6.0,6.0,8.0,10.0,2.0,4.0,2.0,5.0,6.0,1.0,0.4,0.8,0.0,0.0,1.3,0.9,1.6,0.6,0.7,18.3,18.3,18.0,18.5,17.9,232.0,237.0,222.0,237.0,223.0,3.1,5.0,3.8,6.9,7.4,28.339695,22.570294,50.909989
2021-09-12,1018.0,1017.4,1016.8,1018.3,1018.5,8.0,8.0,8.0,8.0,973.0,1316.0,1025.0,1559.0,1311.0,84.0,82.0,86.0,82.0,83.0,8.0,8.0,8.0,9.0,8.0,4.0,5.0,5.0,6.0,7.0,0.0,1.0,2.0,3.0,1.0,0.0,0.0,1.0,0.0,0.0,3.9,5.3,3.5,8.1,4.9,15.9,17.0,16.4,17.1,17.0,250.0,293.0,249.0,300.0,251.0,2.3,3.5,3.3,4.8,4.0,13.0484,10.175122,23.223522000000003
2021-09-13,1018.6,1018.9,1019.0,1018.4,1018.0,8.0,7.0,5.0,7.0,962.0,1002.0,1016.0,778.0,1530.0,87.0,78.0,84.0,80.0,75.0,6.0,8.0,5.0,7.0,7.0,3.0,5.0,3.0,5.0,4.0,0.0,1.0,0.0,1.0,1.0,0.0,0.1,0.0,0.0,0.0,2.1,2.8,3.8,2.0,9.4,14.5,16.1,14.4,16.6,17.1,53.0,61.0,356.0,54.0,61.0,1.6,3.0,1.6,3.3,2.7,2.161658,3.175787,5.337445000000001
2021-09-14,1013.5,1013.9,1014.9,1012.9,1012.4,7.0,7.0,6.0,6.0,1188.0,1300.0,1480.0,1028.0,777.0,86.0,82.0,81.0,81.0,86.0,6.0,8.0,7.0,8.0,8.0,4.0,5.0,4.0,6.0,6.0,0.0,2.0,1.0,2.0,3.0,1.0,1.6,0.0,0.7,1.3,4.9,6.0,8.2,3.8,2.0,17.3,17.7,16.9,18.5,18.2,95.0,86.0,88.0,128.0,105.0,2.4,3.9,2.5,4.5,4.2,11.349718,7.95297,19.302688
2021-09-15,1011.7,1010.9,1010.4,1012.3,1012.8,7.0,8.0,7.0,5.0,521.0,652.0,632.0,594.0,727.0,87.0,85.0,88.0,84.0,84.0,8.0,11.0,9.0,12.0,10.0,4.0,7.0,5.0,9.0,7.0,1.0,2.0,2.0,3.0,2.0,0.0,0.0,0.0,0.0,0.0,0.3,1.0,0.6,0.8,2.5,16.8,17.2,17.5,17.3,17.0,270.0,275.0,233.0,305.0,303.0,2.2,4.7,3.5,6.7,4.0,17.639296,13.476165,31.115461000000003
2021-09-16,1016.7,1016.0,1015.1,1017.2,1017.6,6.0,5.0,6.0,3.0,1222.0,1332.0,907.0,1623.0,1739.0,79.0,83.0,86.0,77.0,75.0,9.0,11.0,11.0,11.0,9.0,4.0,6.0,6.0,9.0,6.0,1.0,1.0,2.0,2.0,1.0,0.0,1.9,0.3,0.0,0.0,8.2,7.8,3.7,10.7,11.3,16.2,16.3,15.4,17.4,18.0,289.0,286.0,268.0,287.0,256.0,2.6,4.2,3.7,5.4,3.9,24.281597,18.207661,42.48925800000001
2021-09-17,1016.0,1015.6,1016.0,1015.9,1016.0,8.0,8.0,8.0,8.0,946.0,1045.0,762.0,1368.0,1288.0,87.0,90.0,87.0,85.0,84.0,6.0,7.0,5.0,8.0,6.0,3.0,5.0,3.0,5.0,5.0,0.0,0.0,1.0,1.0,1.0,0.0,0.0,0.0,0.0,0.0,3.9,5.0,1.4,7.9,6.8,15.9,15.8,14.5,17.5,17.5,248.0,236.0,60.0,226.0,178.0,1.4,2.0,1.5,3.5,3.1,2.198211,1.878505,4.076716
2021-09-18,1016.6,1016.8,1017.6,1016.1,1015.6,7.0,7.0,7.0,8.0,1314.0,1152.0,1401.0,1162.0,1497.0,82.0,83.0,82.0,74.0,73.0,6.0,6.0,6.0,8.0,9.0,4.0,4.0,3.0,5.0,6.0,0.0,1.0,1.0,3.0,2.0,0.0,0.0,0.0,0.0,0.0,7.3,6.8,7.4,5.4,10.2,15.3,16.5,14.9,18.3,19.0,72.0,104.0,88.0,109.0,91.0,1.7,2.5,1.6,3.9,4.0,3.186327,3.392445,6.578772
2021-09-19,1015.7,1016.3,1017.7,1015.1,1014.6,8.0,7.0,8.0,8.0,1320.0,1169.0,1299.0,1361.0,1075.0,80.0,80.0,78.0,78.0,81.0,7.0,9.0,9.0,7.0,7.0,4.0,6.0,5.0,5.0,5.0,2.0,3.0,2.0,2.0,0.0,0.0,0.0,0.0,0.0,0.0,6.9,4.6,8.1,8.6,4.2,15.4,16.1,14.1,16.6,17.3,97.0,104.0,90.0,100.0,66.0,3.2,4.5,3.6,3.7,2.5,21.962086,11.648859,33.610945
2021-09-20,1022.6,1023.3,1023.6,1022.3,1021.7,7.0,7.0,8.0,6.0,1273.0,1520.0,1128.0,1304.0,1074.0,75.0,68.0,78.0,65.0,70.0,10.0,8.0,7.0,11.0,8.0,6.0,5.0,4.0,7.0,6.0,1.0,0.0,0.0,3.0,2.0,0.0,0.0,0.0,0.0,0.0,8.2,10.1,5.4,7.4,4.2,11.9,14.5,12.1,14.1,15.2,70.0,81.0,73.0,82.0,49.0,3.0,3.5,2.2,5.3,4.6,14.671951,7.024414,21.696365
2021-09-21,1029.9,1029.2,1028.8,1030.0,1030.1,7.0,7.0,8.0,6.0,1342.0,1239.0,830.0,1438.0,1533.0,76.0,80.0,83.0,73.0,64.0,5.0,10.0,10.0,6.0,4.0,2.0,6.0,6.0,4.0,3.0,0.0,1.0,1.0,2.0,1.0,0.0,0.0,0.0,0.0,0.0,9.8,7.2,2.9,10.2,10.6,11.8,14.4,13.0,14.3,15.3,256.0,242.0,245.0,232.0,42.0,1.3,3.4,3.0,3.0,2.1,8.683841,3.632828,12.316669
2021-09-22,1027.0,1025.8,1025.9,1027.1,1027.5,5.0,4.0,5.0,6.0,1409.0,1423.0,1183.0,1495.0,1426.0,80.0,80.0,88.0,75.0,69.0,7.0,11.0,8.0,9.0,8.0,3.0,7.0,5.0,6.0,7.0,1.0,2.0,1.0,3.0,1.0,0.0,0.0,0.0,0.0,0.0,9.2,10.0,7.4,10.0,9.5,13.2,17.2,13.8,16.5,16.7,220.0,238.0,226.0,215.0,212.0,2.1,5.5,3.1,4.7,3.3,13.925949,6.035928,19.961877
2021-09-23,1017.9,1016.5,1015.4,1018.4,1019.2,7.0,8.0,6.0,4.0,789.0,813.0,499.0,1094.0,1315.0,80.0,78.0,87.0,80.0,86.0,11.0,16.0,15.0,15.0,16.0,6.0,11.0,9.0,11.0,12.0,1.0,2.0,3.0,1.0,6.0,0.0,0.0,0.6,0.0,0.0,3.5,3.0,0.5,6.2,8.5,15.8,16.8,14.4,17.4,16.3,249.0,267.0,249.0,259.0,235.0,3.7,7.4,5.4,7.4,8.2,51.723018,33.784424,85.507442
2021-09-24,1015.2,1013.8,1013.5,1015.4,1016.1,7.0,7.0,8.0,5.0,1030.0,1081.0,785.0,1387.0,1364.0,79.0,81.0,84.0,81.0,83.0,12.0,15.0,15.0,16.0,12.0,6.0,10.0,9.0,10.0,10.0,2.0,2.0,2.0,2.0,5.0,0.0,0.0,0.0,0.0,0.0,5.3,4.6,2.6,9.9,8.5,17.9,17.9,16.7,18.1,17.6,227.0,238.0,233.0,232.0,233.0,3.8,6.5,5.3,6.8,7.1,39.935417,23.354379,63.289796
2021-09-25,1015.1,1014.5,1014.9,1014.9,1014.9,6.0,7.0,8.0,6.0,753.0,671.0,548.0,853.0,1080.0,87.0,88.0,90.0,90.0,83.0,6.0,7.0,7.0,10.0,8.0,3.0,5.0,5.0,7.0,6.0,1.0,1.0,1.0,2.0,1.0,0.0,0.0,0.0,0.0,0.0,3.0,2.1,0.6,3.6,5.7,16.9,18.4,17.9,17.7,17.7,170.0,225.0,208.0,194.0,175.0,2.1,2.3,2.4,3.9,3.3,8.476979,5.411151,13.88813
2021-09-26,1014.0,1013.4,1014.3,1013.6,1013.7,8.0,6.0,6.0,6.0,1029.0,1019.0,952.0,955.0,1050.0,84.0,84.0,87.0,81.0,80.0,7.0,8.0,7.0,9.0,11.0,4.0,5.0,4.0,6.0,7.0,1.0,2.0,1.0,2.0,1.0,0.0,0.0,0.0,0.0,0.0,5.1,6.2,5.8,4.5,5.0,17.7,17.4,17.9,18.7,18.9,177.0,185.0,159.0,184.0,181.0,2.4,3.2,2.0,4.4,4.3,5.507051,5.27187,10.778921
2021-09-27,1014.4,1012.8,1014.0,1013.8,1014.2,5.0,5.0,5.0,5.0,588.0,649.0,693.0,563.0,604.0,87.0,79.0,90.0,80.0,83.0,14.0,19.0,14.0,19.0,19.0,6.0,11.0,7.0,13.0,15.0,2.0,3.0,2.0,5.0,5.0,4.9,2.2,11.9,3.8,1.9,2.0,2.8,1.0,2.3,2.7,15.4,16.1,15.1,16.5,16.3,194.0,213.0,191.0,214.0,199.0,3.7,6.2,3.8,8.6,9.5,39.060115,33.482347,72.542462
2021-09-28,1020.0,1018.8,1020.3,1019.2,1019.3,5.0,7.0,4.0,6.0,1330.0,1135.0,1228.0,1136.0,1248.0,78.0,75.0,82.0,75.0,75.0,9.0,12.0,8.0,13.0,12.0,5.0,7.0,5.0,9.0,9.0,2.0,1.0,1.0,6.0,6.0,0.0,3.4,0.0,0.3,0.0,9.9,7.3,8.4,7.0,7.4,14.0,14.9,13.0,15.4,15.5,179.0,189.0,188.0,181.0,173.0,3.2,4.7,3.0,7.1,7.5,21.281805,23.96364,45.245445
2021-09-29,1016.4,1014.4,1014.4,1016.5,1017.7,7.0,7.0,8.0,6.0,515.0,261.0,256.0,809.0,928.0,84.0,76.0,90.0,75.0,69.0,15.0,18.0,13.0,21.0,20.0,7.0,10.0,7.0,14.0,11.0,3.0,2.0,3.0,5.0,8.0,14.6,17.6,7.4,14.6,10.6,1.7,0.3,0.0,5.2,5.8,11.8,12.8,10.9,13.6,13.9,228.0,269.0,217.0,272.0,256.0,3.8,6.8,4.6,11.1,9.5,51.084503,43.704984,94.789487
2021-09-30,1022.1,1019.5,1020.2,1021.7,1022.6,6.0,7.0,6.0,7.0,740.0,661.0,1019.0,525.0,646.0,73.0,70.0,78.0,63.0,71.0,11.0,19.0,13.0,17.0,15.0,6.0,12.0,8.0,12.0,10.0,3.0,7.0,4.0,7.0,7.0,0.0,1.5,0.3,0.0,0.0,3.1,3.0,6.6,1.1,1.3,12.3,13.8,11.8,13.9,13.4,202.0,228.0,214.0,221.0,198.0,4.5,9.2,6.2,10.0,8.6,61.710218,44.123907,105.834125
2021-10-01,1013.2,1010.9,1012.7,1012.3,1012.8,8.0,8.0,8.0,7.0,420.0,300.0,579.0,304.0,370.0,81.0,86.0,81.0,85.0,85.0,14.0,18.0,14.0,17.0,15.0,7.0,12.0,8.0,11.0,11.0,3.0,1.0,3.0,5.0,7.0,6.2,8.0,3.1,13.0,5.6,0.3,0.2,0.8,0.1,0.1,13.5,13.6,13.3,13.8,14.1,186.0,194.0,193.0,195.0,186.0,4.9,7.3,5.9,9.3,9.6,74.630855,48.101852,122.732707
2021-10-02,1004.1,1002.4,1004.8,1002.7,1002.7,8.0,8.0,8.0,8.0,669.0,604.0,668.0,426.0,391.0,87.0,85.0,87.0,86.0,88.0,15.0,19.0,15.0,22.0,22.0,8.0,12.0,8.0,16.0,17.0,2.0,2.0,2.0,3.0,6.0,7.1,12.1,6.9,15.9,7.9,2.5,2.8,1.8,1.0,0.4,14.4,13.2,14.0,13.8,14.4,174.0,169.0,171.0,174.0,173.0,4.6,6.1,4.4,9.3,9.8,39.23209,30.406667,69.638757
2021-10-03,1000.5,998.7,999.6,1000.1,1000.7,8.0,8.0,8.0,7.0,328.0,325.0,199.0,359.0,460.0,91.0,83.0,93.0,87.0,86.0,12.0,20.0,13.0,17.0,15.0,6.0,12.0,8.0,12.0,11.0,0.0,2.0,0.0,2.0,2.0,21.5,17.8,20.3,11.6,15.2,1.2,0.9,0.0,1.5,2.2,12.9,13.9,12.9,13.3,13.6,213.0,214.0,207.0,212.0,205.0,3.3,6.6,4.0,7.6,7.5,47.178157,29.185964,76.364121
2021-10-04,1012.9,1010.9,1012.9,1011.9,1012.1,4.0,5.0,4.0,3.0,1160.0,1187.0,1152.0,899.0,1203.0,77.0,79.0,76.0,80.0,80.0,13.0,17.0,13.0,15.0,15.0,7.0,11.0,9.0,12.0,11.0,3.0,5.0,3.0,6.0,7.0,0.0,0.8,0.0,3.4,0.0,8.7,9.5,7.7,7.3,9.1,13.5,14.1,13.4,13.8,14.3,181.0,197.0,189.0,190.0,179.0,4.5,7.8,5.4,8.7,8.9,61.3506,42.358165,103.708765
2021-10-05,1004.8,1002.8,1005.5,1003.6,1004.1,5.0,5.0,6.0,6.0,705.0,661.0,947.0,496.0,540.0,82.0,79.0,82.0,81.0,80.0,13.0,15.0,10.0,21.0,22.0,7.0,10.0,6.0,14.0,17.0,3.0,5.0,3.0,8.0,8.0,5.0,5.7,2.3,11.5,8.6,5.7,5.1,6.2,3.2,3.0,12.7,13.3,12.6,13.1,13.9,176.0,187.0,159.0,202.0,204.0,4.8,7.0,4.5,10.3,11.2,56.77468,47.515224,104.289904
2021-10-06,1013.2,1011.7,1012.4,1013.9,1015.6,6.0,5.0,5.0,7.0,560.0,1041.0,668.0,648.0,542.0,91.0,80.0,88.0,86.0,83.0,12.0,14.0,10.0,21.0,23.0,5.0,9.0,6.0,16.0,17.0,1.0,1.0,0.0,7.0,3.0,25.2,1.3,0.0,15.6,10.8,2.6,7.7,3.6,3.2,0.9,12.3,13.5,10.7,13.7,13.3,243.0,288.0,190.0,289.0,272.0,3.2,4.1,3.1,12.6,10.4,50.595523,40.202589,90.798112
2021-10-07,1027.7,1027.3,1028.1,1027.5,1027.6,7.0,7.0,8.0,4.0,1162.0,883.0,479.0,1216.0,1262.0,94.0,88.0,97.0,83.0,82.0,5.0,6.0,6.0,10.0,5.0,3.0,4.0,3.0,8.0,4.0,1.0,0.0,0.0,1.0,1.0,0.0,0.0,0.0,0.0,0.0,9.0,6.7,0.0,9.6,9.6,10.5,13.0,7.7,14.2,14.1,131.0,167.0,151.0,311.0,136.0,1.8,1.8,1.3,3.4,2.1,2.182555,3.770815,5.95337
2021-10-08,1030.9,1031.3,1032.0,1030.7,1030.1,3.0,4.0,3.0,3.0,1145.0,960.0,1128.0,1197.0,1281.0,88.0,93.0,90.0,85.0,84.0,6.0,6.0,5.0,5.0,6.0,3.0,4.0,3.0,4.0,4.0,1.0,1.0,0.0,2.0,1.0,0.0,0.0,0.0,0.0,0.0,8.5,6.1,8.2,8.7,10.0,10.7,11.4,9.7,12.2,13.4,64.0,89.0,73.0,98.0,54.0,1.8,2.6,1.5,3.0,3.0,2.387468,1.302208,3.689676
2021-10-09,1029.1,1029.6,1030.4,1028.8,1028.3,4.0,5.0,6.0,3.0,1175.0,955.0,1013.0,1167.0,1220.0,90.0,90.0,87.0,85.0,85.0,6.0,8.0,7.0,7.0,5.0,4.0,5.0,4.0,5.0,4.0,1.0,0.0,1.0,1.0,1.0,0.0,0.0,0.0,0.0,0.0,10.1,6.4,7.1,10.0,10.0,9.8,10.8,9.8,12.1,13.0,74.0,98.0,91.0,102.0,62.0,1.9,2.9,2.5,3.0,2.6,6.028654,3.617431,9.646085
2021-10-10,1027.0,1026.7,1026.3,1027.3,1027.6,6.0,7.0,5.0,6.0,896.0,705.0,999.0,794.0,769.0,91.0,85.0,88.0,85.0,85.0,7.0,10.0,5.0,13.0,9.0,3.0,5.0,3.0,10.0,5.0,0.0,0.0,0.0,0.0,1.0,0.9,0.2,0.7,2.5,0.6,5.7,3.9,7.5,4.7,4.4,10.2,11.8,9.3,12.9,13.3,315.0,313.0,268.0,339.0,321.0,1.1,2.2,1.5,3.8,2.9,2.721447,5.751279,8.472726
2021-10-11,1026.3,1025.7,1024.4,1026.9,1027.7,8.0,7.0,7.0,8.0,735.0,830.0,733.0,754.0,728.0,85.0,72.0,86.0,70.0,72.0,9.0,11.0,13.0,12.0,9.0,4.0,6.0,6.0,10.0,6.0,1.0,3.0,2.0,7.0,2.0,0.1,0.7,0.2,0.0,0.0,4.3,6.0,4.9,4.5,3.5,11.8,13.4,10.7,14.1,13.1,292.0,312.0,278.0,325.0,312.0,2.1,4.7,3.1,8.2,3.8,18.639706,24.57234,43.212046
2021-10-12,1021.2,1020.9,1019.4,1021.9,1022.6,5.0,6.0,6.0,7.0,696.0,857.0,890.0,732.0,466.0,88.0,74.0,86.0,75.0,76.0,11.0,12.0,13.0,15.0,13.0,5.0,6.0,5.0,12.0,8.0,1.0,2.0,1.0,8.0,2.0,7.5,9.1,7.2,4.8,2.8,4.6,6.1,6.2,5.1,1.2,10.1,12.4,9.9,13.3,12.8,310.0,336.0,302.0,333.0,303.0,2.6,4.4,3.0,9.9,4.8,28.332562,33.71117,62.043732000000006
2021-10-13,1025.3,1024.4,1023.3,1025.7,1026.4,8.0,8.0,7.0,8.0,617.0,585.0,690.0,797.0,1047.0,83.0,78.0,85.0,75.0,75.0,7.0,10.0,9.0,12.0,8.0,4.0,6.0,5.0,8.0,6.0,1.0,2.0,1.0,5.0,2.0,0.0,0.8,0.1,3.6,0.1,2.3,1.7,3.7,4.3,7.6,10.1,12.7,10.6,13.0,12.4,267.0,286.0,267.0,299.0,270.0,2.3,3.8,3.2,6.8,4.3,14.073489,16.139955,30.213444000000003
2021-10-14,1021.7,1020.0,1019.5,1022.0,1023.0,8.0,8.0,8.0,8.0,390.0,393.0,477.0,554.0,684.0,87.0,76.0,82.0,84.0,87.0,9.0,15.0,11.0,13.0,10.0,5.0,9.0,7.0,9.0,8.0,3.0,2.0,3.0,6.0,5.0,0.4,0.5,0.0,0.1,0.0,1.1,0.1,1.3,2.0,3.6,13.7,14.3,13.2,15.0,13.6,232.0,262.0,242.0,257.0,218.0,3.6,7.3,4.9,7.1,6.9,38.552432,24.500911,63.053343
2021-10-15,1018.4,1017.8,1016.5,1018.9,1019.4,5.0,5.0,5.0,6.0,867.0,954.0,861.0,914.0,692.0,84.0,69.0,82.0,69.0,76.0,11.0,15.0,14.0,16.0,12.0,5.0,10.0,7.0,12.0,9.0,0.0,1.0,2.0,2.0,1.0,3.3,3.6,7.4,2.1,1.2,6.6,7.1,6.7,6.8,4.3,10.5,12.0,10.6,13.2,13.0,291.0,308.0,278.0,329.0,305.0,2.7,4.7,4.2,7.7,4.6,40.65973,29.361136,70.020866
2021-10-16,1021.4,1020.2,1020.5,1021.3,1021.6,8.0,7.0,7.0,7.0,637.0,516.0,362.0,647.0,811.0,78.0,66.0,83.0,73.0,67.0,7.0,12.0,8.0,9.0,7.0,4.0,7.0,5.0,6.0,5.0,0.0,1.0,1.0,2.0,2.0,0.0,0.9,0.0,0.0,0.0,3.7,2.1,0.8,3.6,5.9,10.3,12.4,9.5,11.3,12.3,200.0,248.0,213.0,207.0,186.0,2.0,3.9,3.0,4.3,3.9,9.581912,6.480402,16.062314
2021-10-17,1020.1,1018.5,1019.1,1019.7,1019.9,8.0,8.0,8.0,7.0,539.0,402.0,359.0,453.0,457.0,73.0,76.0,75.0,72.0,75.0,7.0,12.0,9.0,11.0,10.0,4.0,8.0,5.0,7.0,8.0,2.0,5.0,3.0,5.0,5.0,0.0,0.0,0.0,0.0,0.0,1.4,0.8,0.4,1.1,0.7,11.3,13.3,10.9,12.5,12.4,187.0,212.0,208.0,189.0,174.0,2.8,6.1,4.2,6.2,5.9,22.69325,16.335281,39.028531
2021-10-18,1020.3,1018.8,1020.1,1019.4,1019.5,8.0,8.0,8.0,8.0,625.0,527.0,551.0,597.0,703.0,83.0,81.0,78.0,80.0,82.0,7.0,8.0,7.0,12.0,10.0,4.0,5.0,4.0,8.0,8.0,2.0,4.0,3.0,6.0,6.0,0.0,0.3,0.0,0.0,0.9,3.2,1.6,1.8,2.5,4.6,11.5,12.2,11.7,12.9,12.9,162.0,181.0,186.0,181.0,170.0,2.8,4.7,3.5,7.0,6.5,20.464146,23.755808,44.219954
2021-10-19,1014.2,1011.9,1013.0,1013.7,1014.4,7.0,7.0,7.0,7.0,286.0,441.0,230.0,446.0,451.0,92.0,92.0,90.0,90.0,90.0,12.0,19.0,15.0,16.0,13.0,6.0,11.0,9.0,11.0,10.0,3.0,6.0,3.0,6.0,6.0,1.2,0.4,0.6,3.0,0.6,1.8,3.4,1.1,3.5,2.6,16.3,16.1,15.2,16.8,16.7,198.0,210.0,202.0,203.0,195.0,4.4,8.6,5.5,8.6,8.1,54.213198,35.44702,89.660218
2021-10-20,1000.7,998.0,998.9,1000.0,1000.6,8.0,7.0,7.0,7.0,299.0,374.0,251.0,427.0,395.0,83.0,86.0,82.0,84.0,83.0,19.0,19.0,18.0,20.0,23.0,8.0,12.0,11.0,13.0,13.0,2.0,2.0,2.0,5.0,5.0,14.4,10.2,1.3,12.8,7.6,1.1,1.9,0.5,1.6,1.9,15.6,15.6,15.2,15.7,15.8,210.0,218.0,218.0,209.0,202.0,5.3,9.3,8.2,10.2,10.0,87.406181,46.009669,133.41585
2021-10-21,1001.7,1000.3,998.1,1002.8,1004.6,7.0,7.0,7.0,5.0,474.0,434.0,345.0,430.0,422.0,80.0,70.0,82.0,72.0,71.0,23.0,19.0,19.0,28.0,26.0,8.0,11.0,10.0,20.0,17.0,2.0,2.0,2.0,11.0,6.0,14.5,37.4,22.0,13.5,6.7,3.6,2.5,2.1,3.2,2.6,10.0,10.7,9.3,11.2,10.9,252.0,303.0,263.0,293.0,273.0,4.5,7.8,5.3,14.3,10.6,72.218414,46.543064,118.761478
2021-10-22,1016.7,1014.8,1012.9,1017.5,1018.9,5.0,6.0,5.0,6.0,458.0,445.0,494.0,475.0,501.0,84.0,68.0,80.0,70.0,72.0,15.0,21.0,15.0,21.0,18.0,6.0,14.0,9.0,16.0,13.0,2.0,4.0,3.0,7.0,2.0,4.1,3.3,4.8,1.7,1.6,2.6,2.8,4.2,2.9,2.7,8.4,10.6,8.0,11.6,11.4,257.0,288.0,266.0,292.0,271.0,3.6,9.0,5.7,12.1,8.3,67.700297,46.457418,114.157715
2021-10-23,1026.5,1025.3,1025.9,1026.1,1026.2,7.0,7.0,7.0,6.0,304.0,397.0,537.0,181.0,701.0,92.0,80.0,81.0,82.0,81.0,5.0,8.0,7.0,10.0,7.0,3.0,6.0,5.0,7.0,6.0,1.0,1.0,1.0,2.0,3.0,0.0,0.1,0.0,0.0,0.0,0.0,3.0,3.1,0.8,4.4,7.3,10.3,9.0,10.9,11.8,166.0,187.0,210.0,204.0,182.0,1.9,3.7,3.1,4.8,4.5,9.554053,11.546069,21.100122
2021-10-24,1022.0,1020.8,1022.3,1021.1,1021.2,0.0,5.0,3.0,3.0,938.0,903.0,881.0,936.0,985.0,84.0,81.0,80.0,76.0,77.0,7.0,9.0,8.0,12.0,10.0,4.0,6.0,4.0,8.0,8.0,2.0,3.0,1.0,5.0,5.0,0.0,0.0,0.0,0.0,0.0,9.0,9.0,8.9,9.2,9.2,7.9,9.2,7.6,10.4,10.8,156.0,170.0,168.0,182.0,169.0,2.9,4.5,3.0,6.4,6.4,18.319595,24.497685,42.81728
2021-10-25,1016.8,1015.1,1016.2,1016.3,1016.8,8.0,8.0,7.0,7.0,227.0,391.0,219.0,200.0,388.0,91.0,91.0,94.0,94.0,93.0,8.0,13.0,8.0,11.0,10.0,4.0,8.0,5.0,8.0,8.0,2.0,4.0,3.0,6.0,6.0,1.4,10.1,0.7,1.2,1.0,0.0,2.6,0.1,0.5,1.5,10.7,11.8,9.2,11.6,11.8,193.0,201.0,200.0,196.0,187.0,3.2,5.8,3.8,6.9,7.2,27.039954,26.727396,53.76735
2021-10-26,1019.1,1016.9,1017.4,1018.9,1019.7,8.0,7.0,7.0,6.0,384.0,518.0,398.0,579.0,675.0,89.0,84.0,91.0,87.0,90.0,11.0,14.0,12.0,15.0,13.0,5.0,9.0,7.0,9.0,10.0,3.0,2.0,3.0,5.0,7.0,0.5,0.6,0.7,0.1,0.0,2.5,3.4,1.9,4.6,4.9,12.6,13.5,11.8,13.2,12.9,211.0,227.0,216.0,217.0,203.0,4.0,6.2,5.5,7.7,8.0,45.409478,27.286098,72.695576
2021-10-27,1020.7,1018.5,1019.2,1020.4,1021.0,7.0,8.0,8.0,6.0,526.0,343.0,213.0,339.0,718.0,86.0,86.0,87.0,86.0,87.0,13.0,15.0,11.0,14.0,12.0,6.0,10.0,8.0,9.0,9.0,2.0,7.0,3.0,7.0,4.0,0.0,0.0,0.0,0.0,0.0,4.0,0.7,0.0,1.8,6.5,13.4,14.4,13.4,13.6,13.3,209.0,217.0,217.0,205.0,189.0,4.3,8.3,6.1,8.4,7.5,64.25671,37.907271,102.163981
2021-10-28,1014.1,1012.3,1014.3,1012.9,1012.9,1.0,1.0,1.0,1.0,841.0,813.0,810.0,846.0,891.0,83.0,82.0,83.0,80.0,82.0,10.0,11.0,10.0,15.0,11.0,6.0,7.0,5.0,11.0,9.0,2.0,4.0,2.0,7.0,6.0,0.0,0.0,0.0,0.0,0.0,8.7,8.7,8.7,8.8,8.8,11.4,12.2,11.7,13.0,13.0,159.0,176.0,174.0,173.0,163.0,3.6,5.8,4.0,8.3,7.3,33.226521,34.189305,67.415826
2021-10-29,1005.4,1003.5,1006.0,1004.1,1004.1,4.0,3.0,5.0,4.0,664.0,681.0,714.0,589.0,517.0,78.0,80.0,75.0,80.0,82.0,12.0,15.0,13.0,18.0,17.0,7.0,10.0,7.0,13.0,12.0,3.0,5.0,4.0,6.0,6.0,0.0,0.2,0.0,0.8,0.8,5.7,6.6,7.9,5.6,5.2,13.1,12.5,13.1,13.0,13.3,168.0,176.0,172.0,175.0,167.0,4.8,7.5,5.3,9.7,9.5,64.145926,47.076724,111.22265
2021-10-30,1001.5,1000.0,1002.1,1000.5,1000.4,8.0,8.0,8.0,8.0,131.0,146.0,228.0,176.0,196.0,94.0,90.0,91.0,93.0,92.0,12.0,13.0,11.0,17.0,15.0,6.0,8.0,6.0,12.0,12.0,3.0,4.0,3.0,5.0,5.0,15.9,5.5,2.3,8.9,9.1,0.0,0.2,0.5,0.2,0.2,12.0,12.1,11.9,12.3,12.6,169.0,180.0,170.0,174.0,168.0,4.0,5.5,4.4,7.9,7.6,43.352878,33.89838,77.251258
2021-10-31,999.6,997.7,1000.1,998.4,998.5,7.0,7.0,7.0,6.0,353.0,219.0,431.0,181.0,172.0,90.0,87.0,89.0,90.0,89.0,16.0,16.0,16.0,20.0,22.0,6.0,9.0,7.0,11.0,11.0,2.0,3.0,3.0,6.0,6.0,15.5,6.4,16.2,10.6,8.5,1.8,0.3,2.2,0.2,0.5,11.5,11.4,11.7,11.5,11.9,172.0,179.0,173.0,177.0,171.0,4.1,6.3,4.7,8.7,8.8,49.037482,38.695949,87.733431
2021-11-01,997.5,994.8,996.8,996.7,997.2,4.0,7.0,2.0,5.0,628.0,581.0,617.0,657.0,405.0,84.0,82.0,82.0,81.0,84.0,14.0,20.0,15.0,18.0,17.0,7.0,14.0,9.0,12.0,13.0,2.0,4.0,3.0,7.0,7.0,0.8,4.3,0.0,0.4,0.8,5.1,5.8,6.3,6.5,3.4,9.4,10.4,9.6,10.1,10.0,191.0,196.0,194.0,198.0,192.0,5.0,9.3,6.1,10.0,10.0,76.735117,47.64522,124.380337
2021-11-02,999.0,998.1,999.0,998.7,999.0,6.0,8.0,6.0,6.0,222.0,315.0,307.0,235.0,412.0,93.0,91.0,94.0,90.0,86.0,7.0,8.0,7.0,10.0,9.0,3.0,5.0,5.0,8.0,7.0,1.0,2.0,1.0,3.0,3.0,0.5,13.4,0.4,3.6,1.4,0.0,1.0,0.3,1.6,2.7,7.0,7.8,7.1,8.2,9.0,187.0,190.0,189.0,208.0,201.0,2.5,3.5,2.7,5.0,5.5,11.844336,12.58325,24.427586
2021-11-03,1001.9,1001.5,1001.9,1001.8,1001.9,8.0,6.0,7.0,4.0,398.0,545.0,266.0,648.0,674.0,98.0,88.0,97.0,90.0,83.0,6.0,8.0,4.0,12.0,9.0,2.0,3.0,3.0,8.0,5.0,0.0,1.0,1.0,1.0,1.0,0.0,2.0,0.0,4.6,3.5,1.7,6.3,0.6,5.3,6.4,5.0,6.8,5.6,7.7,8.7,99.0,166.0,196.0,162.0,295.0,1.0,1.5,1.7,2.6,2.5,0.885879,1.042221,1.9281
2021-11-04,1007.9,1007.7,1007.3,1008.6,1009.2,6.0,7.0,6.0,7.0,368.0,498.0,513.0,303.0,329.0,96.0,86.0,94.0,87.0,85.0,6.0,12.0,6.0,17.0,11.0,2.0,4.0,3.0,12.0,6.0,0.0,1.0,1.0,2.0,2.0,1.8,12.9,0.1,16.0,10.7,2.5,4.7,4.4,1.0,1.4,5.8,8.9,6.0,9.2,9.3,290.0,358.0,270.0,350.0,322.0,1.2,2.8,1.5,7.5,3.7,5.543133,15.168368,20.711501
2021-11-05,1022.7,1021.7,1020.8,1023.3,1024.1,5.0,6.0,6.0,5.0,508.0,496.0,437.0,554.0,446.0,86.0,77.0,90.0,77.0,82.0,7.0,10.0,8.0,11.0,11.0,3.0,7.0,5.0,8.0,8.0,2.0,2.0,2.0,4.0,2.0,0.0,0.1,0.8,0.7,3.7,5.5,4.2,3.4,5.7,4.4,7.7,10.8,7.8,10.8,9.6,259.0,288.0,253.0,303.0,268.0,2.4,4.5,3.2,7.0,4.9,13.695759,19.444769,33.140528
2021-11-06,1023.2,1020.4,1020.5,1023.1,1024.5,8.0,8.0,8.0,8.0,230.0,225.0,224.0,224.0,380.0,87.0,80.0,90.0,85.0,89.0,13.0,19.0,14.0,20.0,15.0,7.0,13.0,9.0,13.0,12.0,4.0,6.0,5.0,6.0,7.0,1.5,1.6,2.9,0.9,1.8,0.0,0.0,0.0,0.2,1.9,9.7,12.3,9.9,11.6,10.1,216.0,245.0,218.0,232.0,209.0,5.2,9.1,6.7,8.8,9.2,69.595875,35.403405,104.99928
2021-11-07,1016.3,1014.5,1012.9,1017.2,1018.6,5.0,6.0,7.0,7.0,463.0,368.0,472.0,421.0,431.0,79.0,69.0,84.0,73.0,70.0,15.0,17.0,13.0,18.0,14.0,6.0,12.0,7.0,14.0,10.0,2.0,4.0,3.0,8.0,3.0,1.9,2.8,11.8,1.4,0.0,5.1,3.0,5.6,3.0,3.9,9.9,10.8,9.1,11.3,11.4,262.0,290.0,258.0,294.0,280.0,3.7,7.9,5.2,11.7,7.2,69.331843,47.532177,116.86402
2021-11-08,1022.5,1021.4,1021.1,1022.7,1023.2,7.0,7.0,7.0,5.0,379.0,288.0,309.0,417.0,604.0,87.0,81.0,91.0,76.0,76.0,7.0,10.0,8.0,10.0,8.0,3.0,5.0,5.0,8.0,6.0,1.0,1.0,2.0,3.0,2.0,0.2,0.8,0.5,0.0,0.0,2.0,0.9,1.8,3.4,7.2,8.1,9.5,8.3,10.1,9.6,228.0,283.0,244.0,267.0,241.0,2.1,3.4,3.3,4.8,3.5,11.59028,11.402841,22.993121
2021-11-09,1025.4,1023.5,1024.7,1024.9,1025.1,7.0,8.0,7.0,8.0,304.0,142.0,362.0,157.0,305.0,87.0,94.0,86.0,93.0,90.0,7.0,12.0,10.0,11.0,10.0,4.0,8.0,6.0,8.0,8.0,1.0,4.0,2.0,5.0,3.0,0.0,0.0,0.0,0.1,0.0,0.7,0.0,3.0,0.0,0.8,8.2,9.6,8.6,9.5,9.7,185.0,194.0,200.0,191.0,183.0,2.9,6.3,4.5,6.6,6.0,30.109501,23.570243,53.679744
2021-11-10,1024.1,1022.8,1023.6,1023.8,1024.0,8.0,8.0,8.0,8.0,174.0,148.0,243.0,296.0,149.0,82.0,96.0,91.0,84.0,83.0,5.0,10.0,7.0,9.0,8.0,3.0,6.0,4.0,7.0,6.0,1.0,3.0,3.0,3.0,2.0,0.0,0.5,0.3,0.0,0.0,0.0,0.4,0.7,0.9,0.0,8.9,11.2,9.2,10.2,9.4,178.0,209.0,205.0,193.0,190.0,1.8,5.0,3.6,4.7,4.0,12.073744,9.688676,21.76242
2021-11-11,1023.6,1022.5,1023.0,1023.3,1023.5,8.0,8.0,8.0,8.0,178.0,241.0,183.0,214.0,146.0,88.0,94.0,95.0,91.0,89.0,6.0,8.0,7.0,7.0,6.0,3.0,5.0,4.0,6.0,5.0,2.0,2.0,2.0,3.0,3.0,0.1,2.9,0.1,0.5,1.0,0.5,0.5,0.3,0.0,0.0,9.7,11.9,9.8,10.6,10.3,180.0,214.0,211.0,190.0,183.0,2.2,3.8,3.3,4.2,3.6,6.584708,3.752949,10.337657
2021-11-12,1014.7,1012.7,1014.6,1013.8,1014.2,7.0,8.0,8.0,6.0,292.0,323.0,418.0,431.0,566.0,89.0,88.0,86.0,83.0,84.0,10.0,15.0,9.0,14.0,13.0,5.0,10.0,5.0,10.0,10.0,2.0,3.0,3.0,6.0,5.0,0.2,3.7,0.6,0.4,1.2,1.8,3.2,3.9,4.1,5.8,7.4,9.3,8.2,9.5,9.5,170.0,178.0,178.0,187.0,178.0,3.6,5.9,4.3,8.1,7.9,38.159725,34.722628,72.882353
2021-11-13,1011.8,1011.4,1011.9,1012.1,1012.7,8.0,8.0,8.0,8.0,249.0,345.0,177.0,381.0,286.0,96.0,92.0,95.0,94.0,94.0,9.0,9.0,9.0,14.0,16.0,5.0,5.0,5.0,9.0,9.0,1.0,1.0,0.0,3.0,2.0,11.4,3.7,1.7,8.8,9.8,0.6,2.5,0.3,2.5,1.6,10.9,11.4,9.8,11.9,11.4,207.0,312.0,175.0,309.0,282.0,1.9,2.0,2.4,5.9,5.1,17.310187,13.68865,30.998837
2021-11-14,1023.6,1024.4,1025.0,1023.4,1022.8,8.0,8.0,8.0,7.0,172.0,141.0,139.0,205.0,264.0,90.0,91.0,92.0,88.0,89.0,7.0,10.0,6.0,8.0,9.0,3.0,6.0,4.0,6.0,5.0,1.0,2.0,2.0,2.0,2.0,0.0,0.0,0.0,0.2,0.0,0.0,0.0,0.0,0.0,1.6,9.7,9.8,8.6,10.4,10.3,55.0,73.0,65.0,70.0,38.0,2.3,4.1,3.4,4.4,3.8,12.191847,6.884767,19.076614
2021-11-15,1026.7,1027.2,1027.7,1026.7,1026.2,8.0,8.0,8.0,8.0,68.0,63.0,61.0,76.0,111.0,88.0,88.0,89.0,86.0,88.0,6.0,7.0,6.0,8.0,7.0,4.0,4.0,3.0,5.0,5.0,2.0,2.0,2.0,2.0,2.0,0.0,0.0,0.0,0.0,0.0,0.0,0.0,0.0,0.0,0.0,6.6,6.9,5.7,7.2,7.9,56.0,76.0,87.0,67.0,39.0,2.7,3.2,2.9,4.1,3.7,8.463781,2.782891,11.246672
2021-11-16,1022.8,1022.2,1022.7,1022.7,1022.7,8.0,8.0,8.0,8.0,51.0,58.0,45.0,68.0,79.0,89.0,88.0,91.0,92.0,91.0,6.0,8.0,6.0,11.0,9.0,3.0,5.0,4.0,7.0,7.0,1.0,1.0,1.0,2.0,1.0,0.0,0.0,0.0,0.0,0.0,0.0,0.0,0.0,0.0,0.0,5.1,5.5,4.5,5.8,6.5,192.0,174.0,178.0,166.0,174.0,1.8,2.8,1.8,4.4,3.8,3.130562,4.02814,7.158702
2021-11-17,1021.5,1019.9,1019.4,1021.9,1022.8,6.0,7.0,6.0,7.0,277.0,355.0,373.0,390.0,469.0,87.0,76.0,88.0,83.0,85.0,9.0,12.0,13.0,12.0,11.0,4.0,7.0,6.0,10.0,7.0,2.0,5.0,3.0,5.0,3.0,0.9,1.5,0.5,1.3,0.1,3.0,3.4,4.5,3.9,5.0,8.2,10.8,7.3,10.3,9.7,232.0,275.0,233.0,276.0,244.0,3.0,5.9,4.5,7.6,5.1,32.724029,26.758286,59.482315
2021-11-18,1026.9,1024.9,1024.2,1027.2,1028.3,8.0,8.0,8.0,6.0,435.0,244.0,260.0,457.0,500.0,87.0,83.0,90.0,81.0,89.0,10.0,14.0,15.0,13.0,13.0,6.0,9.0,9.0,8.0,10.0,3.0,6.0,4.0,6.0,5.0,0.0,0.0,0.0,0.0,0.0,4.0,2.2,1.8,4.9,7.1,10.0,11.9,10.1,11.7,10.1,224.0,252.0,235.0,249.0,221.0,3.8,7.0,5.8,7.2,7.1,47.524418,26.297209,73.82162699999999
2021-11-19,1028.6,1027.1,1026.3,1029.1,1029.9,7.0,4.0,7.0,8.0,267.0,524.0,274.0,472.0,366.0,88.0,88.0,90.0,88.0,90.0,10.0,11.0,11.0,10.0,10.0,4.0,8.0,6.0,7.0,8.0,2.0,4.0,4.0,3.0,3.0,0.0,0.0,0.0,0.0,0.0,1.4,6.6,2.0,6.2,3.3,11.9,12.2,11.2,12.3,11.6,245.0,269.0,253.0,261.0,237.0,3.3,6.0,4.9,6.0,5.5,36.507913,20.541038,57.048951
2021-11-20,1022.1,1020.6,1020.2,1022.3,1022.9,8.0,8.0,8.0,8.0,76.0,46.0,67.0,52.0,94.0,89.0,85.0,93.0,86.0,88.0,8.0,13.0,10.0,12.0,8.0,4.0,8.0,6.0,9.0,7.0,2.0,5.0,4.0,3.0,4.0,1.7,0.3,0.0,0.0,1.0,0.0,0.0,0.0,0.0,0.0,10.1,11.0,9.7,10.8,10.3,223.0,258.0,237.0,246.0,219.0,3.3,6.6,5.0,5.9,5.0,31.053831,14.459748,45.513579
2021-11-21,1014.4,1014.7,1013.2,1015.1,1015.4,4.0,5.0,5.0,6.0,476.0,326.0,363.0,399.0,354.0,85.0,74.0,84.0,77.0,80.0,10.0,12.0,11.0,17.0,13.0,5.0,6.0,5.0,12.0,7.0,2.0,3.0,2.0,7.0,2.0,3.4,2.2,2.3,4.9,5.3,6.2,3.5,4.7,4.5,2.9,8.0,8.9,7.5,9.4,9.1,328.0,355.0,314.0,7.0,343.0,2.8,4.6,3.5,10.0,4.5,26.763873,33.110073,59.873946
2021-11-22,1027.6,1027.8,1026.9,1028.0,1027.7,1.0,4.0,2.0,0.0,501.0,429.0,449.0,502.0,555.0,85.0,78.0,87.0,75.0,78.0,6.0,12.0,5.0,12.0,10.0,3.0,5.0,3.0,9.0,6.0,0.0,1.0,1.0,1.0,2.0,0.0,0.4,0.1,0.0,0.0,7.5,6.0,7.3,7.2,7.4,3.6,7.9,3.8,7.0,6.8,10.0,14.0,281.0,50.0,26.0,1.8,2.6,2.2,4.8,4.2,7.195394,14.398124,21.593518
2021-11-23,1029.9,1029.6,1028.6,1030.3,1030.3,8.0,7.0,7.0,7.0,272.0,362.0,355.0,273.0,220.0,95.0,84.0,94.0,86.0,88.0,6.0,9.0,7.0,10.0,5.0,2.0,4.0,4.0,7.0,3.0,0.0,1.0,1.0,2.0,1.0,1.4,0.7,1.0,0.0,0.0,1.6,4.1,3.9,2.1,1.0,6.4,9.3,7.3,9.5,8.6,310.0,329.0,273.0,8.0,326.0,1.3,2.4,2.4,4.0,2.0,4.382954,9.258412,13.641366
2021-11-24,1021.1,1020.1,1020.6,1020.9,1020.9,8.0,8.0,8.0,8.0,178.0,54.0,122.0,186.0,171.0,95.0,87.0,86.0,82.0,85.0,6.0,9.0,7.0,9.0,7.0,4.0,6.0,4.0,6.0,5.0,1.0,2.0,2.0,2.0,1.0,0.0,2.8,0.0,0.0,0.0,0.8,0.0,0.0,0.0,0.0,6.1,7.6,6.6,7.9,8.2,158.0,189.0,199.0,175.0,187.0,2.0,3.5,3.1,4.3,2.6,8.033879,5.826196,13.860075000000002
2021-11-25,1010.8,1009.9,1009.1,1011.3,1011.9,7.0,7.0,6.0,7.0,236.0,291.0,218.0,212.0,204.0,89.0,76.0,89.0,79.0,79.0,9.0,11.0,8.0,16.0,11.0,3.0,6.0,4.0,11.0,6.0,1.0,2.0,2.0,4.0,2.0,1.6,1.8,2.1,10.9,3.2,1.5,2.6,1.4,1.0,1.6,5.5,7.8,4.8,8.0,7.8,242.0,311.0,242.0,328.0,306.0,2.0,3.9,3.2,7.8,4.0,13.810322,20.181971,33.992293000000004
2021-11-26,992.1,989.8,991.1,991.8,993.0,8.0,8.0,8.0,8.0,170.0,67.0,228.0,106.0,113.0,90.0,83.0,91.0,82.0,82.0,16.0,18.0,14.0,19.0,17.0,8.0,11.0,8.0,13.0,12.0,1.0,1.0,1.0,2.0,2.0,9.8,27.0,2.7,17.2,14.5,0.6,0.0,1.3,0.0,0.0,4.4,5.8,3.6,6.0,6.0,207.0,233.0,188.0,266.0,233.0,4.1,5.7,5.0,9.5,7.8,51.146693,34.098022,85.244715
2021-11-27,989.0,988.1,988.5,988.9,989.2,8.0,8.0,8.0,6.0,112.0,135.0,64.0,91.0,239.0,93.0,84.0,95.0,93.0,86.0,9.0,9.0,7.0,14.0,12.0,5.0,5.0,4.0,10.0,8.0,1.0,1.0,1.0,2.0,1.0,18.0,2.7,5.3,7.7,13.2,0.0,0.4,0.0,0.2,2.1,3.0,5.4,3.7,3.8,4.6,220.0,25.0,179.0,186.0,197.0,2.9,3.2,1.9,5.4,4.9,15.089497,8.216786,23.306283
2021-11-28,998.9,999.0,997.5,999.7,1000.2,7.0,6.0,6.0,8.0,171.0,184.0,182.0,136.0,69.0,94.0,73.0,88.0,85.0,87.0,8.0,12.0,11.0,19.0,11.0,4.0,5.0,4.0,14.0,7.0,0.0,1.0,1.0,2.0,2.0,0.5,7.6,2.4,9.9,17.6,1.3,1.4,1.9,0.0,0.0,2.2,4.9,2.1,4.1,4.1,307.0,357.0,296.0,29.0,356.0,1.7,3.3,2.6,6.0,3.4,11.127323,19.942817,31.07014
2021-11-29,1008.2,1007.2,1006.1,1009.2,1010.5,5.0,7.0,6.0,6.0,389.0,275.0,303.0,234.0,405.0,85.0,78.0,92.0,68.0,72.0,9.0,17.0,11.0,20.0,16.0,5.0,11.0,6.0,14.0,12.0,2.0,2.0,1.0,5.0,2.0,1.1,9.1,1.7,2.1,2.7,5.0,3.3,4.2,2.2,4.9,4.3,5.7,2.4,6.7,6.0,270.0,306.0,260.0,313.0,272.0,3.0,4.9,2.5,11.2,6.6,24.2388,31.780272,56.019072
2021-11-30,1005.2,1003.4,1002.3,1006.1,1007.7,8.0,8.0,8.0,8.0,53.0,114.0,134.0,61.0,79.0,96.0,91.0,91.0,94.0,91.0,12.0,17.0,14.0,20.0,19.0,7.0,12.0,9.0,15.0,14.0,1.0,2.0,3.0,8.0,9.0,19.7,6.6,5.9,5.7,6.0,0.0,0.2,0.0,0.0,0.0,8.6,9.2,6.9,10.0,9.6,250.0,274.0,253.0,267.0,243.0,4.4,6.7,5.3,11.7,11.1,69.454298,46.427337,115.881635
2021-12-01,993.2,990.5,988.7,994.0,995.7,7.0,6.0,8.0,8.0,166.0,154.0,162.0,117.0,187.0,84.0,78.0,84.0,83.0,83.0,19.0,24.0,23.0,23.0,20.0,10.0,15.0,13.0,16.0,16.0,2.0,5.0,5.0,9.0,4.0,6.5,2.3,3.6,3.5,5.9,0.4,0.3,1.0,0.5,0.3,8.0,8.4,7.4,8.7,8.5,247.0,275.0,250.0,278.0,253.0,6.0,10.6,9.4,13.3,9.7,95.527044,49.126839,144.653883
2021-12-02,1004.1,1003.4,1002.0,1004.9,1006.1,6.0,7.0,6.0,7.0,290.0,188.0,232.0,228.0,219.0,90.0,79.0,90.0,79.0,81.0,10.0,17.0,12.0,22.0,18.0,3.0,9.0,4.0,14.0,10.0,1.0,2.0,1.0,3.0,1.0,5.3,8.8,4.9,5.9,11.0,2.9,1.8,3.2,2.6,1.5,2.3,3.6,1.1,4.7,4.5,287.0,330.0,259.0,343.0,308.0,2.4,4.0,2.7,8.8,5.7,23.353772,31.136773,54.490545
2021-12-03,1005.1,1002.4,1003.1,1004.7,1005.5,8.0,8.0,8.0,8.0,137.0,81.0,109.0,114.0,142.0,90.0,84.0,92.0,86.0,90.0,15.0,20.0,16.0,18.0,17.0,8.0,13.0,10.0,13.0,13.0,2.0,3.0,3.0,4.0,4.0,0.1,4.2,0.2,0.2,0.8,0.0,0.0,0.0,0.0,0.2,3.5,6.5,2.9,5.1,4.7,205.0,233.0,212.0,208.0,191.0,5.3,7.6,6.7,8.9,9.3,69.445423,33.618322,103.063745
2021-12-04,996.0,994.7,995.7,995.8,996.6,8.0,8.0,8.0,8.0,69.0,58.0,78.0,92.0,116.0,95.0,92.0,96.0,89.0,87.0,10.0,12.0,8.0,16.0,17.0,4.0,6.0,5.0,12.0,12.0,2.0,2.0,1.0,4.0,3.0,4.2,3.3,4.3,16.3,5.4,0.0,0.0,0.0,0.8,1.7,4.9,5.8,4.3,6.0,6.2,198.0,208.0,183.0,238.0,228.0,2.8,4.5,3.1,8.0,7.0,22.698392,23.358301,46.056693
2021-12-05,1002.9,1002.9,1003.9,1002.4,1002.4,8.0,7.0,8.0,7.0,144.0,100.0,107.0,204.0,364.0,90.0,91.0,92.0,92.0,88.0,8.0,9.0,8.0,12.0,13.0,4.0,7.0,5.0,8.0,9.0,2.0,2.0,2.0,3.0,2.0,0.0,0.7,0.0,10.1,7.5,0.0,0.5,0.7,0.9,4.2,4.3,4.3,3.4,4.8,5.3,153.0,94.0,104.0,163.0,186.0,2.8,3.8,3.4,4.5,4.8,15.545554,9.730294,25.275848
2021-12-06,1010.1,1008.7,1010.7,1009.4,1009.7,8.0,8.0,8.0,7.0,114.0,144.0,135.0,252.0,316.0,93.0,89.0,90.0,91.0,88.0,11.0,13.0,10.0,18.0,17.0,6.0,9.0,6.0,14.0,11.0,1.0,2.0,2.0,3.0,2.0,7.5,7.3,1.2,7.1,6.8,0.0,0.6,0.5,1.9,3.3,3.0,3.0,2.4,3.7,5.1,162.0,156.0,146.0,176.0,185.0,3.5,5.8,4.2,7.8,6.4,34.619595,27.690866,62.310461
2021-12-07,1002.6,1001.0,1003.2,1001.4,1001.6,7.0,7.0,6.0,7.0,349.0,278.0,321.0,281.0,262.0,87.0,79.0,89.0,80.0,83.0,15.0,17.0,13.0,19.0,19.0,8.0,9.0,7.0,14.0,14.0,2.0,4.0,3.0,4.0,6.0,4.7,7.4,3.5,6.6,2.9,5.7,4.7,5.8,2.5,2.3,4.0,5.5,2.6,5.8,5.9,161.0,184.0,162.0,183.0,171.0,4.6,6.7,4.4,10.0,9.8,52.045183,39.471962,91.517145
2021-12-08,995.8,993.4,996.1,994.6,995.2,3.0,7.0,6.0,4.0,284.0,252.0,204.0,348.0,423.0,84.0,86.0,85.0,84.0,85.0,12.0,15.0,14.0,17.0,17.0,7.0,9.0,7.0,12.0,12.0,3.0,6.0,3.0,7.0,8.0,0.2,1.0,0.8,1.7,1.0,3.1,3.2,2.8,5.3,6.3,5.1,5.1,4.3,5.6,5.9,181.0,178.0,169.0,194.0,190.0,5.0,7.6,5.0,9.9,10.2,72.910882,48.324621,121.235503
2021-12-09,1001.1,999.2,1001.3,1000.2,1000.7,6.0,8.0,5.0,7.0,146.0,154.0,171.0,139.0,105.0,91.0,92.0,92.0,92.0,90.0,9.0,10.0,8.0,13.0,12.0,4.0,7.0,5.0,10.0,10.0,3.0,4.0,3.0,5.0,6.0,0.0,4.8,0.0,1.6,3.3,0.0,0.5,2.5,0.0,0.0,3.6,4.4,2.6,5.0,5.4,179.0,176.0,173.0,191.0,187.0,3.6,5.6,3.9,7.5,8.0,37.21328,29.556154,66.76943399999999
2021-12-10,995.7,995.8,997.1,995.1,994.9,8.0,8.0,6.0,8.0,120.0,87.0,303.0,72.0,85.0,87.0,87.0,89.0,93.0,92.0,10.0,10.0,9.0,15.0,13.0,6.0,7.0,5.0,10.0,10.0,1.0,0.0,0.0,1.0,2.0,0.1,0.0,0.0,10.6,21.7,0.0,0.0,5.9,0.0,0.0,3.0,3.2,1.1,3.9,3.7,117.0,130.0,117.0,130.0,133.0,3.4,3.5,2.8,5.1,5.2,24.588052,20.29406,44.882112000000006
2021-12-11,1014.8,1013.6,1014.0,1015.0,1015.7,7.0,7.0,4.0,6.0,350.0,298.0,322.0,301.0,334.0,92.0,86.0,96.0,85.0,85.0,8.0,10.0,7.0,15.0,13.0,4.0,6.0,5.0,10.0,8.0,0.0,0.0,1.0,1.0,4.0,1.1,0.3,0.0,1.2,1.3,4.9,4.5,5.3,3.7,4.9,4.3,5.4,-0.5,6.8,6.6,209.0,215.0,204.0,257.0,239.0,2.4,3.4,2.8,6.7,6.2,12.68444,14.961813,27.646253
2021-12-12,1020.8,1018.7,1019.2,1020.7,1021.4,8.0,8.0,8.0,8.0,84.0,116.0,75.0,74.0,145.0,97.0,96.0,97.0,97.0,96.0,10.0,15.0,12.0,15.0,13.0,5.0,10.0,7.0,11.0,10.0,3.0,4.0,3.0,5.0,6.0,3.7,5.6,2.3,2.8,2.5,0.0,0.7,0.0,0.3,1.5,8.9,9.7,7.9,9.2,8.9,214.0,220.0,215.0,216.0,208.0,4.4,6.5,4.9,8.0,7.8,48.513121,31.520022,80.033143
2021-12-13,1025.7,1023.9,1024.6,1025.4,1025.8,8.0,8.0,8.0,8.0,116.0,197.0,136.0,155.0,106.0,88.0,88.0,92.0,86.0,91.0,8.0,11.0,9.0,10.0,9.0,4.0,7.0,6.0,7.0,7.0,3.0,6.0,3.0,5.0,4.0,0.0,0.0,0.3,0.0,0.0,0.0,2.4,1.0,0.7,0.0,9.7,9.7,9.4,9.7,8.8,202.0,214.0,213.0,200.0,184.0,3.5,6.9,4.4,6.3,5.8,30.17675,20.50168,50.67843
2021-12-14,1026.8,1025.1,1025.2,1026.8,1027.5,8.0,8.0,8.0,8.0,93.0,81.0,79.0,104.0,121.0,94.0,94.0,94.0,94.0,94.0,8.0,10.0,8.0,12.0,9.0,5.0,7.0,6.0,8.0,7.0,3.0,4.0,4.0,6.0,4.0,0.5,1.4,0.2,0.1,0.0,0.0,0.0,0.0,1.0,0.7,9.0,9.8,8.7,9.0,8.7,221.0,230.0,228.0,218.0,208.0,3.8,5.4,4.8,7.0,5.7,27.527269,16.448477,43.975746
2021-12-15,1030.5,1029.0,1028.8,1030.8,1031.3,8.0,5.0,7.0,8.0,135.0,144.0,174.0,87.0,100.0,93.0,88.0,90.0,93.0,94.0,8.0,10.0,10.0,12.0,9.0,4.0,7.0,6.0,8.0,7.0,2.0,3.0,3.0,4.0,4.0,0.0,0.0,0.0,0.0,0.0,0.0,0.3,1.7,0.0,0.0,9.8,9.7,9.0,9.6,9.3,226.0,245.0,238.0,227.0,222.0,3.5,5.2,4.8,5.6,5.6,27.375822,15.885985,43.261807
2021-12-16,1037.4,1036.9,1036.7,1037.6,1037.7,5.0,5.0,7.0,4.0,343.0,321.0,113.0,360.0,224.0,96.0,95.0,98.0,94.0,92.0,4.0,5.0,5.0,8.0,8.0,2.0,4.0,3.0,6.0,6.0,0.0,1.0,1.0,1.0,0.0,0.0,0.0,0.0,0.0,0.0,6.8,6.2,0.2,6.3,2.3,6.5,8.4,7.4,8.9,8.5,243.0,267.0,242.0,273.0,267.0,1.3,2.0,2.0,3.3,2.7,1.998356,3.593,5.591356
2021-12-17,1040.7,1040.8,1040.4,1040.8,1040.3,8.0,8.0,8.0,8.0,86.0,53.0,78.0,55.0,72.0,95.0,95.0,97.0,95.0,96.0,5.0,5.0,5.0,8.0,10.0,3.0,2.0,3.0,5.0,6.0,0.0,1.0,1.0,1.0,2.0,0.0,0.0,0.0,0.0,0.0,0.0,0.0,0.0,0.0,0.0,7.7,8.3,7.9,8.0,6.8,35.0,22.0,319.0,57.0,52.0,1.5,1.4,1.9,3.7,3.8,1.655656,2.537596,4.193252
2021-12-18,1039.3,1039.3,1038.3,1039.6,1039.1,8.0,8.0,8.0,8.0,138.0,117.0,91.0,101.0,99.0,98.0,98.0,94.0,98.0,98.0,6.0,7.0,8.0,7.0,8.0,3.0,4.0,4.0,4.0,5.0,1.0,1.0,1.0,1.0,2.0,0.1,0.0,0.0,0.0,0.0,0.0,0.2,0.0,0.0,0.0,6.2,6.8,7.4,6.3,6.4,7.0,329.0,308.0,52.0,50.0,1.8,2.3,3.0,2.5,3.6,4.269901,4.917083,9.186984
2021-12-19,1031.6,1031.5,1029.8,1032.4,1032.6,8.0,8.0,8.0,8.0,88.0,60.0,80.0,82.0,112.0,95.0,87.0,86.0,94.0,96.0,6.0,9.0,11.0,12.0,8.0,3.0,5.0,6.0,8.0,4.0,2.0,3.0,2.0,3.0,1.0,0.3,0.1,0.2,0.7,1.0,0.2,0.0,0.0,0.0,0.0,6.8,7.4,7.2,7.1,6.7,317.0,339.0,319.0,353.0,339.0,2.4,3.8,4.3,6.2,2.5,20.741087,18.255626,38.996713
2021-12-20,1028.4,1028.5,1028.5,1028.5,1028.1,5.0,6.0,2.0,8.0,190.0,153.0,327.0,153.0,97.0,83.0,78.0,88.0,72.0,75.0,5.0,7.0,6.0,8.0,7.0,2.0,4.0,3.0,6.0,3.0,0.0,0.0,0.0,2.0,1.0,0.0,0.0,0.0,0.0,0.0,1.5,1.5,6.3,0.0,0.0,3.5,4.2,0.7,5.8,6.4,17.0,65.0,350.0,70.0,50.0,1.4,1.8,0.8,3.1,2.5,0.983708,2.501213,3.484921
2021-12-21,1026.8,1026.6,1027.0,1026.5,1025.9,0.0,1.0,1.0,2.0,378.0,385.0,369.0,405.0,429.0,91.0,88.0,92.0,85.0,82.0,3.0,4.0,4.0,6.0,8.0,2.0,3.0,2.0,5.0,6.0,0.0,1.0,0.0,2.0,2.0,0.0,0.0,0.0,0.0,0.0,6.6,6.2,6.3,6.6,6.8,-2.2,-0.3,-3.1,0.4,2.4,108.0,175.0,196.0,114.0,76.0,1.2,2.0,1.0,3.3,2.9,1.017005,1.846935,2.86394
2021-12-22,1022.8,1022.0,1023.3,1022.0,1021.7,8.0,8.0,8.0,8.0,340.0,318.0,273.0,338.0,347.0,91.0,88.0,90.0,82.0,79.0,6.0,7.0,4.0,11.0,11.0,3.0,5.0,3.0,8.0,8.0,1.0,2.0,1.0,3.0,3.0,0.0,0.0,0.0,0.0,0.0,6.2,5.7,5.2,6.1,5.9,-2.4,-0.9,-3.2,0.0,1.7,141.0,161.0,161.0,157.0,148.0,2.3,3.1,2.0,5.1,5.2,5.312985,11.52278,16.835765
2021-12-23,1008.8,1006.9,1007.2,1008.7,1009.3,8.0,8.0,8.0,8.0,177.0,53.0,57.0,169.0,222.0,89.0,93.0,91.0,91.0,91.0,11.0,12.0,12.0,15.0,13.0,5.0,8.0,7.0,10.0,10.0,3.0,3.0,2.0,6.0,5.0,1.4,7.4,3.1,3.3,0.5,0.7,0.0,0.0,0.2,1.8,2.3,4.5,1.3,3.8,4.0,200.0,218.0,215.0,206.0,201.0,4.2,6.1,5.0,8.2,7.8,43.170916,30.530614,73.70152999999999
2021-12-24,1004.1,1003.5,1003.0,1004.4,1005.0,8.0,8.0,8.0,8.0,78.0,86.0,97.0,129.0,207.0,95.0,91.0,92.0,95.0,96.0,10.0,13.0,11.0,14.0,14.0,5.0,9.0,7.0,10.0,12.0,1.0,1.0,1.0,3.0,1.0,5.5,1.1,5.2,4.3,0.6,0.0,0.0,0.5,0.0,2.2,7.8,6.9,4.9,8.1,8.1,265.0,306.0,335.0,263.0,235.0,3.6,5.6,4.8,6.8,5.5,43.753112,22.793025,66.546137
2021-12-25,1009.0,1010.5,1012.4,1008.0,1006.4,3.0,2.0,1.0,8.0,390.0,347.0,362.0,348.0,118.0,73.0,67.0,71.0,76.0,88.0,12.0,14.0,10.0,12.0,13.0,7.0,9.0,6.0,9.0,9.0,4.0,7.0,2.0,6.0,4.0,0.0,0.0,0.0,0.5,9.8,6.3,5.7,6.2,4.8,0.0,-1.0,-1.6,-4.3,0.5,2.8,69.0,88.0,80.0,84.0,68.0,5.2,8.3,4.5,7.8,7.5,71.069776,32.619139,103.688915
2021-12-26,1005.7,1006.1,1008.3,1004.5,1003.5,7.0,5.0,3.0,8.0,215.0,332.0,344.0,178.0,143.0,74.0,71.0,68.0,79.0,91.0,7.0,12.0,9.0,11.0,10.0,4.0,7.0,6.0,8.0,8.0,3.0,5.0,4.0,6.0,3.0,0.0,0.0,0.0,0.2,1.6,2.4,5.9,6.5,1.2,0.0,-1.0,-1.4,-3.8,-0.5,3.5,95.0,106.0,91.0,108.0,92.0,3.5,5.8,4.4,6.5,6.2,38.972814,27.298667,66.271481
2021-12-27,997.8,997.3,999.6,996.7,996.3,8.0,8.0,8.0,8.0,162.0,116.0,91.0,106.0,106.0,97.0,98.0,93.0,98.0,97.0,8.0,9.0,8.0,11.0,11.0,4.0,6.0,4.0,8.0,9.0,3.0,3.0,3.0,4.0,3.0,1.2,1.2,0.2,3.3,2.5,1.0,0.0,0.0,0.0,0.0,5.6,3.5,0.9,7.1,7.8,141.0,133.0,110.0,151.0,151.0,3.3,4.3,3.3,6.2,6.2,18.293662,21.711518,40.00518
2021-12-28,992.0,990.5,992.0,991.8,992.7,8.0,8.0,8.0,8.0,107.0,78.0,89.0,136.0,149.0,95.0,95.0,97.0,96.0,90.0,17.0,15.0,10.0,20.0,23.0,7.0,9.0,5.0,12.0,17.0,3.0,4.0,0.0,8.0,8.0,5.8,2.8,3.2,11.0,4.6,1.2,0.8,0.2,0.5,0.8,8.8,8.2,6.2,9.0,9.2,216.0,210.0,159.0,236.0,228.0,4.5,5.4,2.8,9.9,10.1,45.683781,41.727663,87.411444
2021-12-29,1005.1,1003.3,1003.3,1005.1,1005.9,8.0,8.0,8.0,8.0,87.0,74.0,96.0,84.0,75.0,95.0,93.0,96.0,96.0,94.0,10.0,12.0,9.0,18.0,19.0,5.0,8.0,5.0,11.0,15.0,2.0,3.0,2.0,3.0,4.0,5.0,3.7,2.4,3.9,1.0,0.0,0.0,0.0,0.0,0.0,9.5,9.0,7.9,9.1,9.1,231.0,234.0,227.0,227.0,226.0,3.7,5.4,3.5,7.8,8.2,36.296206,28.302161,64.598367
2021-12-30,1013.5,1010.7,1010.8,1013.6,1014.8,8.0,8.0,8.0,8.0,92.0,165.0,55.0,109.0,175.0,91.0,93.0,93.0,96.0,92.0,15.0,17.0,16.0,21.0,19.0,8.0,11.0,9.0,13.0,14.0,5.0,6.0,5.0,9.0,7.0,1.6,3.1,4.2,0.0,0.2,0.0,1.0,0.0,0.0,0.5,12.9,10.7,11.2,11.2,11.9,236.0,225.0,235.0,227.0,226.0,6.4,9.0,7.4,11.5,11.3,89.896344,49.738848,139.635192
2021-12-31,1017.8,1015.3,1015.0,1017.9,1018.9,8.0,7.0,8.0,8.0,144.0,84.0,68.0,179.0,167.0,85.0,92.0,89.0,89.0,90.0,14.0,19.0,17.0,18.0,16.0,7.0,11.0,10.0,12.0,12.0,4.0,6.0,6.0,7.0,8.0,0.0,11.0,6.0,0.0,0.0,0.4,1.5,0.7,2.1,0.8,12.8,10.4,11.8,11.4,11.1,227.0,228.0,238.0,219.0,214.0,5.5,9.0,8.3,9.8,9.6,94.014659,47.42788,141.442539
2022-01-01,1020.7,1018.6,1019.4,1020.2,1020.7,8.0,8.0,8.0,7.0,220.0,198.0,133.0,198.0,250.0,87.0,87.0,90.0,89.0,91.0,9.0,17.0,11.0,14.0,13.0,5.0,11.0,7.0,10.0,10.0,3.0,6.0,4.0,6.0,6.0,0.3,0.0,0.9,0.4,1.3,1.7,1.3,0.9,0.6,2.7,12.3,11.4,11.7,11.8,10.7,194.0,209.0,211.0,194.0,183.0,4.0,8.7,5.4,8.1,8.3,52.192853,37.27008,89.46293299999999
2022-01-02,1011.0,1008.4,1008.5,1010.9,1011.9,8.0,7.0,8.0,7.0,170.0,256.0,64.0,230.0,255.0,84.0,91.0,89.0,86.0,86.0,17.0,20.0,19.0,20.0,20.0,8.0,11.0,11.0,14.0,16.0,4.0,7.0,4.0,8.0,8.0,13.2,17.9,11.0,1.9,4.7,1.0,4.1,0.0,2.6,2.3,11.7,9.9,10.6,11.2,10.8,225.0,229.0,228.0,220.0,220.0,6.2,8.7,7.2,10.2,11.5,88.05141,42.681008,130.732418
2022-01-03,1007.4,1004.7,1004.6,1007.4,1008.5,7.0,3.0,7.0,7.0,180.0,325.0,215.0,185.0,153.0,85.0,84.0,85.0,89.0,88.0,13.0,17.0,17.0,19.0,18.0,7.0,11.0,10.0,12.0,14.0,4.0,6.0,5.0,7.0,7.0,0.0,0.0,0.2,0.0,0.0,2.3,5.6,1.9,1.2,0.0,9.7,9.2,8.8,9.4,9.4,228.0,236.0,237.0,227.0,216.0,5.5,8.9,8.1,9.3,9.7,94.102129,44.680636,138.782765
2022-01-04,997.8,996.8,996.0,998.3,999.0,7.0,7.0,7.0,8.0,155.0,149.0,128.0,99.0,133.0,85.0,78.0,89.0,81.0,85.0,10.0,15.0,9.0,15.0,13.0,4.0,9.0,6.0,11.0,8.0,2.0,4.0,3.0,5.0,3.0,0.3,0.8,2.5,0.4,1.6,0.9,0.5,1.2,0.2,0.2,6.5,6.4,4.8,6.9,6.8,255.0,290.0,246.0,293.0,262.0,3.3,5.3,4.2,7.9,5.8,31.920229,24.65994,56.580169
2022-01-05,1006.3,1004.6,1001.8,1008.0,1009.8,5.0,5.0,5.0,6.0,119.0,231.0,260.0,164.0,260.0,81.0,76.0,80.0,78.0,73.0,14.0,22.0,15.0,19.0,16.0,7.0,12.0,8.0,15.0,10.0,2.0,6.0,4.0,10.0,5.0,5.4,4.3,2.8,2.5,1.1,0.5,2.8,4.0,1.0,2.3,5.1,6.2,4.9,6.0,5.8,270.0,300.0,279.0,299.0,287.0,4.5,9.2,6.5,12.9,8.0,83.02887,49.829507,132.858377
2022-01-06,1017.0,1015.3,1015.5,1016.9,1017.5,5.0,5.0,4.0,7.0,320.0,277.0,347.0,261.0,390.0,82.0,81.0,84.0,75.0,79.0,12.0,18.0,11.0,19.0,17.0,6.0,12.0,7.0,13.0,13.0,2.0,1.0,1.0,2.0,1.0,0.0,1.1,0.0,0.7,1.4,5.1,4.2,6.2,2.8,4.5,3.7,4.4,2.5,5.4,5.4,215.0,210.0,220.0,223.0,202.0,3.4,5.0,3.7,7.5,6.6,29.947848,23.651834,53.599682
2022-01-07,1009.3,1006.9,1007.7,1009.1,1010.0,7.0,6.0,7.0,5.0,171.0,305.0,201.0,224.0,267.0,86.0,75.0,90.0,77.0,81.0,13.0,17.0,14.0,16.0,16.0,6.0,11.0,7.0,12.0,13.0,2.0,5.0,4.0,7.0,3.0,3.3,4.4,1.7,1.3,2.4,1.5,4.8,2.5,2.7,3.0,3.7,5.5,3.0,5.6,5.5,210.0,248.0,207.0,246.0,219.0,4.4,8.0,5.8,9.2,8.6,71.947988,38.915361,110.863349
2022-01-08,1001.4,999.0,1000.7,1000.7,1001.5,7.0,7.0,6.0,7.0,126.0,107.0,214.0,103.0,87.0,93.0,84.0,91.0,85.0,87.0,13.0,17.0,14.0,19.0,18.0,8.0,11.0,8.0,15.0,13.0,1.0,5.0,4.0,6.0,4.0,14.7,15.3,7.4,18.4,12.4,0.0,0.0,1.8,0.0,0.0,2.9,5.1,2.3,5.6,5.7,182.0,208.0,189.0,217.0,201.0,4.3,7.5,5.8,10.0,9.0,61.719687,36.256464,97.976151
2022-01-09,1000.3,999.0,997.8,1001.1,1002.1,5.0,5.0,5.0,5.0,347.0,251.0,281.0,261.0,347.0,84.0,79.0,89.0,80.0,78.0,13.0,14.0,9.0,19.0,17.0,6.0,9.0,6.0,15.0,11.0,1.0,1.0,2.0,3.0,3.0,2.5,1.0,6.7,0.0,0.2,4.3,3.0,2.8,2.5,3.8,4.6,5.8,4.5,6.0,6.0,267.0,285.0,252.0,284.0,265.0,3.5,5.9,4.0,8.6,7.0,47.247526,33.661674,80.9092
2022-01-10,1021.9,1020.9,1021.7,1021.6,1021.7,5.0,5.0,2.0,7.0,331.0,341.0,382.0,266.0,276.0,94.0,94.0,96.0,91.0,93.0,7.0,5.0,4.0,10.0,9.0,3.0,3.0,2.0,7.0,7.0,1.0,1.0,1.0,3.0,2.0,0.0,0.0,0.0,0.0,0.0,3.7,4.5,6.5,2.4,2.0,1.7,2.6,0.2,4.0,2.7,166.0,173.0,181.0,179.0,168.0,2.2,2.2,1.4,4.6,4.3,2.644628,5.832822,8.477450000000001
2022-01-11,1032.6,1031.1,1032.0,1032.0,1032.2,8.0,8.0,8.0,7.0,267.0,168.0,222.0,343.0,381.0,88.0,93.0,92.0,87.0,87.0,7.0,10.0,7.0,11.0,11.0,4.0,7.0,4.0,8.0,8.0,2.0,1.0,2.0,3.0,4.0,0.6,0.6,0.3,1.3,0.2,2.5,1.1,1.9,4.2,4.1,2.3,3.6,1.4,3.7,3.6,174.0,200.0,194.0,187.0,180.0,3.0,4.7,3.5,6.3,6.0,20.465597,22.155879,42.621476
2022-01-12,1039.3,1038.2,1037.8,1039.4,1039.6,8.0,3.0,8.0,7.0,219.0,424.0,194.0,337.0,295.0,97.0,94.0,98.0,98.0,99.0,6.0,7.0,7.0,8.0,5.0,3.0,5.0,5.0,5.0,4.0,1.0,1.0,1.0,1.0,1.0,0.2,0.0,0.0,0.5,0.5,0.2,7.0,0.3,4.7,1.6,4.0,4.8,3.7,4.4,4.2,223.0,260.0,232.0,192.0,200.0,1.8,2.5,3.2,3.3,2.5,6.389985,3.02065,9.410635
2022-01-13,1039.8,1038.0,1037.4,1039.9,1040.5,8.0,3.0,8.0,8.0,131.0,397.0,107.0,163.0,170.0,99.0,92.0,96.0,99.0,99.0,7.0,9.0,10.0,8.0,6.0,4.0,6.0,6.0,5.0,5.0,2.0,3.0,4.0,3.0,3.0,0.0,0.0,0.0,0.0,0.0,0.0,5.7,0.3,0.0,0.0,4.3,7.0,5.7,5.0,3.8,225.0,250.0,246.0,213.0,216.0,3.0,4.5,4.8,4.6,3.8,24.642309,8.349863,32.992172
2022-01-14,1035.4,1034.6,1034.0,1035.4,1035.4,8.0,8.0,8.0,6.0,121.0,125.0,131.0,150.0,415.0,97.0,90.0,94.0,92.0,91.0,6.0,8.0,7.0,7.0,5.0,3.0,4.0,4.0,5.0,4.0,0.0,1.0,1.0,2.0,2.0,0.0,0.0,0.0,0.0,0.0,0.0,0.0,0.0,0.0,5.5,4.6,6.8,6.4,5.6,4.7,210.0,287.0,268.0,315.0,226.0,1.5,2.6,2.7,3.3,2.7,7.642805,5.435978,13.078783
2022-01-15,1027.6,1026.9,1027.4,1027.1,1026.9,8.0,8.0,8.0,7.0,100.0,97.0,107.0,173.0,257.0,98.0,96.0,96.0,96.0,93.0,7.0,8.0,7.0,9.0,8.0,4.0,5.0,5.0,6.0,6.0,2.0,1.0,1.0,3.0,2.0,0.0,0.0,0.0,0.0,0.0,0.0,0.0,0.0,1.3,2.0,2.3,3.5,4.4,2.8,3.1,149.0,168.0,187.0,154.0,147.0,3.1,3.5,2.9,4.7,4.2,10.464711,5.78759,16.252301
2022-01-16,1024.8,1023.4,1022.3,1025.5,1026.4,8.0,8.0,8.0,8.0,114.0,150.0,100.0,178.0,175.0,91.0,82.0,91.0,86.0,92.0,9.0,10.0,11.0,13.0,11.0,5.0,7.0,5.0,9.0,7.0,2.0,5.0,4.0,5.0,3.0,0.0,0.0,0.6,0.1,1.6,0.0,0.2,0.2,1.2,0.9,5.3,7.0,4.9,7.0,6.1,236.0,275.0,250.0,268.0,234.0,3.4,5.9,4.6,6.7,5.3,34.868101,21.115374,55.983475
2022-01-17,1034.2,1033.5,1031.3,1035.2,1035.9,5.0,5.0,8.0,1.0,183.0,310.0,212.0,320.0,492.0,87.0,85.0,86.0,92.0,89.0,9.0,12.0,14.0,11.0,9.0,4.0,8.0,8.0,8.0,6.0,1.0,2.0,3.0,2.0,2.0,0.0,0.0,0.0,0.0,0.0,1.0,2.7,0.9,2.6,7.0,6.4,7.4,7.1,6.6,6.7,287.0,300.0,295.0,302.0,284.0,2.9,5.5,5.6,6.1,3.9,42.823685,23.508811,66.33249599999999
2022-01-18,1037.5,1036.4,1036.5,1037.4,1037.3,8.0,7.0,8.0,6.0,143.0,258.0,237.0,183.0,349.0,98.0,96.0,93.0,99.0,98.0,5.0,9.0,8.0,6.0,5.0,3.0,6.0,6.0,5.0,3.0,0.0,1.0,1.0,1.0,1.0,0.0,0.0,0.0,0.0,0.0,0.0,1.8,2.1,0.0,3.4,3.4,4.3,5.3,3.7,3.7,213.0,217.0,240.0,219.0,234.0,1.5,3.5,3.6,2.5,1.7,8.089061,4.510082,12.599142999999998
2022-01-19,1024.2,1022.8,1021.8,1024.8,1025.6,7.0,7.0,7.0,7.0,92.0,132.0,104.0,111.0,124.0,92.0,84.0,89.0,87.0,88.0,10.0,16.0,13.0,16.0,14.0,5.0,9.0,8.0,12.0,10.0,1.0,4.0,3.0,1.0,1.0,0.8,0.9,1.0,1.2,1.0,0.0,0.4,0.0,0.3,0.2,3.6,6.3,4.5,5.6,5.8,243.0,267.0,240.0,296.0,251.0,2.9,6.8,5.0,7.1,5.4,40.813157,26.234394,67.047551
2022-01-20,1029.1,1028.8,1026.0,1030.5,1031.4,6.0,5.0,5.0,6.0,321.0,310.0,322.0,366.0,332.0,80.0,70.0,76.0,74.0,74.0,17.0,18.0,15.0,22.0,18.0,5.0,8.0,8.0,14.0,8.0,1.0,4.0,2.0,9.0,3.0,1.8,1.4,0.9,0.6,0.3,3.0,3.4,3.4,3.7,3.6,3.5,4.5,3.0,5.3,5.2,326.0,335.0,320.0,342.0,329.0,3.5,6.6,5.7,12.0,6.3,67.34826,46.112983,113.461243
2022-01-21,1033.9,1033.1,1031.0,1034.9,1035.6,6.0,7.0,7.0,6.0,201.0,245.0,204.0,247.0,382.0,88.0,82.0,89.0,82.0,80.0,7.0,10.0,11.0,16.0,10.0,3.0,6.0,7.0,10.0,6.0,2.0,3.0,2.0,6.0,2.0,0.0,0.2,0.5,0.6,0.1,1.5,1.3,1.2,1.4,3.4,4.1,5.9,4.7,5.8,5.4,283.0,314.0,294.0,319.0,299.0,2.6,4.8,4.5,7.7,4.3,31.68967,27.097726,58.787396
2022-01-22,1034.3,1033.7,1032.4,1035.1,1035.6,8.0,8.0,8.0,8.0,100.0,110.0,113.0,98.0,128.0,88.0,88.0,95.0,89.0,85.0,7.0,9.0,10.0,8.0,9.0,3.0,4.0,5.0,6.0,6.0,2.0,2.0,1.0,3.0,1.0,0.0,0.9,0.5,0.0,0.0,0.0,0.0,0.2,0.0,0.0,6.4,6.8,6.0,6.5,6.1,272.0,303.0,292.0,291.0,275.0,2.3,3.5,3.2,4.5,3.2,14.075891,11.618798,25.694689
2022-01-23,1035.6,1035.0,1035.2,1035.6,1035.5,8.0,8.0,8.0,8.0,170.0,136.0,177.0,121.0,71.0,90.0,87.0,89.0,82.0,83.0,4.0,5.0,5.0,6.0,6.0,2.0,3.0,3.0,4.0,4.0,0.0,1.0,2.0,1.0,1.0,0.0,0.0,0.0,0.0,0.0,0.0,0.0,0.0,0.0,0.0,6.1,6.4,5.8,6.3,5.8,174.0,213.0,230.0,199.0,163.0,1.5,2.2,2.2,2.5,2.5,0.717323,1.012462,1.729785
2022-01-24,1034.5,1034.4,1034.6,1034.5,1034.1,8.0,8.0,8.0,6.0,141.0,98.0,99.0,198.0,237.0,77.0,77.0,82.0,72.0,79.0,5.0,6.0,5.0,5.0,5.0,2.0,3.0,3.0,3.0,4.0,1.0,1.0,1.0,2.0,1.0,0.0,0.0,0.0,0.0,0.0,0.0,0.0,0.0,0.6,0.0,4.5,4.9,4.4,4.8,4.0,93.0,186.0,208.0,104.0,89.0,1.7,2.2,1.8,2.5,2.4,0.501199,0.494203,0.995402
2022-01-25,1034.1,1033.6,1033.5,1034.0,1033.9,8.0,8.0,8.0,7.0,103.0,60.0,73.0,128.0,107.0,81.0,84.0,90.0,77.0,85.0,4.0,6.0,5.0,5.0,6.0,2.0,4.0,4.0,3.0,4.0,1.0,2.0,2.0,1.0,1.0,0.0,0.0,0.0,0.0,0.0,0.0,0.0,0.0,0.0,0.0,3.0,3.5,3.2,3.7,3.0,32.0,190.0,232.0,61.0,73.0,1.4,3.0,2.5,2.3,1.8,1.636161,0.785839,2.422
2022-01-26,1030.5,1028.7,1028.2,1030.8,1031.6,8.0,8.0,8.0,8.0,120.0,128.0,120.0,122.0,135.0,83.0,83.0,90.0,81.0,83.0,10.0,17.0,15.0,15.0,12.0,6.0,11.0,9.0,9.0,9.0,1.0,4.0,4.0,2.0,5.0,0.0,0.0,0.0,0.0,0.0,0.0,0.0,0.2,0.0,0.0,4.2,5.5,4.0,5.3,4.6,223.0,246.0,233.0,245.0,226.0,3.5,6.2,5.7,6.3,6.5,35.88315,17.180344,53.063494000000006
2022-01-27,1024.3,1022.4,1020.2,1025.4,1026.7,7.0,5.0,7.0,7.0,140.0,333.0,181.0,277.0,178.0,84.0,81.0,83.0,84.0,87.0,14.0,16.0,17.0,17.0,16.0,6.0,11.0,11.0,12.0,12.0,3.0,7.0,6.0,8.0,4.0,3.5,0.0,2.1,2.1,0.1,0.2,2.7,0.6,1.7,1.0,7.0,7.6,6.7,7.7,7.0,261.0,275.0,267.0,272.0,249.0,5.0,8.7,7.8,9.8,8.3,91.364751,44.48115,135.845901
2022-01-28,1032.0,1030.6,1029.6,1032.5,1033.4,6.0,7.0,7.0,6.0,507.0,505.0,384.0,506.0,559.0,80.0,80.0,77.0,87.0,90.0,10.0,14.0,13.0,14.0,14.0,6.0,9.0,8.0,10.0,10.0,2.0,2.0,3.0,2.0,3.0,0.0,0.1,0.0,0.0,0.0,6.0,6.8,4.6,6.0,6.8,6.6,7.0,5.7,7.1,6.5,247.0,259.0,264.0,253.0,236.0,3.7,6.0,4.9,6.5,5.5,40.174043,21.361643,61.535686
2022-01-29,1023.5,1021.0,1018.7,1024.5,1025.9,7.0,6.0,7.0,6.0,253.0,439.0,156.0,484.0,506.0,83.0,81.0,81.0,84.0,86.0,16.0,20.0,23.0,20.0,19.0,8.0,13.0,13.0,13.0,15.0,4.0,8.0,7.0,9.0,6.0,0.5,0.0,1.8,0.1,0.0,2.0,4.4,0.4,4.7,4.3,9.1,8.8,8.6,8.9,8.6,259.0,258.0,261.0,258.0,247.0,5.8,10.1,9.4,10.9,11.5,103.868683,50.305051,154.173734
2022-01-30,1026.3,1025.0,1023.5,1027.0,1027.9,5.0,5.0,7.0,4.0,480.0,475.0,439.0,497.0,651.0,69.0,69.0,71.0,75.0,81.0,11.0,17.0,18.0,17.0,13.0,5.0,10.0,9.0,11.0,10.0,2.0,3.0,3.0,3.0,3.0,0.0,0.3,1.1,0.4,0.0,6.0,6.1,5.1,4.5,6.5,6.0,6.4,5.1,6.6,5.9,279.0,283.0,286.0,294.0,249.0,3.6,6.6,6.2,7.4,5.0,55.618008,25.622441,81.240449
2022-01-31,1012.8,1011.5,1008.6,1015.0,1017.4,8.0,8.0,7.0,7.0,91.0,113.0,338.0,162.0,268.0,80.0,78.0,84.0,73.0,71.0,21.0,25.0,16.0,28.0,24.0,9.0,15.0,7.0,21.0,15.0,3.0,6.0,3.0,9.0,4.0,10.2,6.7,5.5,5.2,3.5,0.0,0.0,2.7,0.0,0.9,5.7,6.1,5.0,6.6,6.3,300.0,309.0,296.0,313.0,294.0,7.1,11.0,5.6,17.0,11.2,93.483602,50.365959,143.849561
2022-02-01,1015.0,1013.0,1010.7,1016.4,1018.0,8.0,7.0,8.0,7.0,114.0,320.0,171.0,335.0,295.0,83.0,84.0,84.0,86.0,86.0,15.0,17.0,24.0,16.0,16.0,7.0,11.0,10.0,12.0,13.0,3.0,5.0,3.0,8.0,5.0,3.5,0.9,4.1,1.8,1.4,0.0,3.0,0.0,2.3,2.7,7.4,7.6,6.5,7.8,7.6,270.0,277.0,274.0,271.0,255.0,5.2,8.8,7.3,10.0,9.4,85.847962,44.110309,129.958271
2022-02-02,1019.1,1018.0,1016.7,1019.9,1020.7,6.0,6.0,8.0,8.0,558.0,622.0,448.0,306.0,178.0,83.0,87.0,82.0,91.0,92.0,12.0,15.0,18.0,15.0,14.0,6.0,8.0,9.0,11.0,9.0,2.0,3.0,2.0,3.0,3.0,0.5,0.3,0.2,0.0,1.3,5.8,7.0,4.5,1.4,0.0,8.7,7.8,6.3,8.2,8.2,274.0,272.0,285.0,267.0,260.0,3.7,5.2,5.2,6.5,6.3,50.395149,24.258026,74.653175
2022-02-03,1014.3,1012.3,1012.5,1014.3,1015.0,8.0,8.0,8.0,8.0,125.0,136.0,120.0,181.0,207.0,90.0,92.0,93.0,90.0,92.0,10.0,14.0,11.0,14.0,13.0,6.0,9.0,7.0,9.0,10.0,4.0,6.0,5.0,6.0,5.0,0.7,0.4,1.4,1.6,0.6,0.0,0.1,0.0,0.1,0.8,7.6,7.5,7.4,7.5,7.3,218.0,226.0,228.0,220.0,205.0,4.6,6.8,5.7,7.7,7.5,56.118228,27.931629,84.049857
2022-02-04,1009.1,1006.6,1005.8,1009.5,1010.8,7.0,7.0,8.0,6.0,173.0,127.0,157.0,181.0,261.0,82.0,84.0,87.0,82.0,82.0,16.0,20.0,22.0,19.0,19.0,9.0,12.0,11.0,14.0,14.0,4.0,6.0,5.0,9.0,7.0,6.1,8.6,6.3,5.6,2.3,0.2,0.2,0.0,0.7,0.8,6.7,6.4,5.7,6.9,7.0,236.0,252.0,236.0,255.0,230.0,5.6,9.4,6.9,11.9,10.1,88.225528,47.94101,136.166538
2022-02-05,1016.1,1013.0,1012.3,1016.5,1018.0,7.0,7.0,6.0,5.0,502.0,543.0,438.0,646.0,714.0,79.0,79.0,83.0,80.0,78.0,16.0,19.0,19.0,24.0,23.0,8.0,13.0,12.0,16.0,16.0,3.0,8.0,4.0,9.0,7.0,9.6,5.6,6.6,4.5,0.4,5.2,4.7,4.7,6.6,7.5,6.4,6.7,5.3,7.0,7.1,234.0,248.0,236.0,245.0,230.0,5.8,10.4,8.0,12.4,10.9,91.897474,49.40986,141.307334
2022-02-06,1002.5,999.8,998.2,1003.5,1005.3,7.0,7.0,8.0,7.0,164.0,248.0,150.0,174.0,182.0,84.0,82.0,87.0,86.0,82.0,18.0,22.0,20.0,28.0,28.0,9.0,13.0,11.0,18.0,22.0,4.0,7.0,5.0,10.0,7.0,24.9,11.2,16.4,13.0,12.6,0.8,2.0,0.5,0.4,1.2,7.4,6.9,6.2,7.3,8.0,257.0,264.0,256.0,267.0,247.0,7.0,11.4,8.4,14.4,14.2,110.385569,51.88594,162.271509
2022-02-07,1022.0,1020.3,1018.6,1023.1,1024.3,7.0,6.0,6.0,4.0,702.0,729.0,576.0,678.0,828.0,73.0,77.0,77.0,77.0,76.0,18.0,22.0,16.0,22.0,16.0,7.0,11.0,9.0,16.0,11.0,3.0,6.0,4.0,7.0,5.0,0.6,0.1,0.3,0.1,0.0,7.9,8.2,7.6,5.9,8.2,6.3,6.5,5.6,6.7,6.2,265.0,275.0,273.0,275.0,255.0,4.9,8.3,6.5,9.9,7.8,82.375382,40.638649,123.014031
2022-02-08,1025.5,1023.1,1022.5,1025.9,1026.9,8.0,7.0,8.0,8.0,413.0,585.0,158.0,684.0,400.0,80.0,86.0,87.0,84.0,85.0,15.0,15.0,13.0,17.0,15.0,7.0,10.0,8.0,11.0,12.0,4.0,7.0,6.0,8.0,8.0,0.1,0.0,0.7,0.0,0.0,1.9,5.3,0.0,6.4,1.8,10.0,8.8,8.9,9.1,9.0,237.0,233.0,239.0,229.0,231.0,5.4,8.5,7.1,9.6,10.1,89.159952,45.659226,134.819178
2022-02-09,1023.7,1021.9,1021.8,1023.8,1024.4,8.0,8.0,8.0,8.0,255.0,235.0,157.0,354.0,460.0,91.0,91.0,91.0,91.0,90.0,13.0,15.0,13.0,17.0,12.0,6.0,9.0,9.0,11.0,9.0,3.0,1.0,2.0,5.0,3.0,0.8,4.3,1.4,0.0,0.3,0.2,0.0,0.0,0.6,2.8,8.9,8.0,8.3,8.4,8.4,225.0,233.0,239.0,226.0,217.0,4.7,5.9,5.7,8.5,6.8,61.468077,31.158955,92.627032
2022-02-10,1020.1,1019.0,1018.4,1020.7,1021.2,7.0,7.0,7.0,7.0,427.0,513.0,454.0,410.0,441.0,81.0,78.0,86.0,84.0,84.0,9.0,15.0,10.0,15.0,13.0,4.0,10.0,6.0,12.0,9.0,1.0,2.0,1.0,2.0,2.0,1.7,0.6,1.8,2.9,2.3,2.0,4.2,3.4,0.9,2.1,6.8,6.3,5.4,6.7,7.0,261.0,268.0,249.0,276.0,262.0,3.0,5.6,3.5,6.4,5.1,22.905619,15.773248,38.678867
2022-02-11,1029.4,1028.3,1026.3,1030.3,1031.1,5.0,4.0,6.0,4.0,635.0,714.0,405.0,775.0,806.0,75.0,71.0,80.0,71.0,73.0,13.0,19.0,20.0,21.0,13.0,6.0,11.0,12.0,14.0,8.0,1.0,1.0,1.0,2.0,1.0,1.7,0.9,2.4,0.3,0.0,5.5,6.6,2.8,7.4,7.7,3.8,4.1,2.9,5.3,5.7,301.0,308.0,298.0,316.0,295.0,3.6,5.8,5.6,7.8,4.8,57.407651,28.817996,86.22564700000001
2022-02-12,1025.6,1023.4,1024.9,1024.7,1024.9,7.0,7.0,7.0,7.0,835.0,777.0,798.0,817.0,826.0,72.0,73.0,72.0,68.0,74.0,11.0,17.0,13.0,14.0,14.0,7.0,11.0,8.0,10.0,11.0,2.0,4.0,2.0,5.0,5.0,0.0,0.0,0.0,0.0,0.0,8.4,8.7,8.5,8.1,7.9,2.6,3.4,2.3,4.6,4.3,177.0,194.0,189.0,185.0,173.0,4.0,7.3,5.3,8.3,8.1,50.94502,35.691824,86.636844
2022-02-13,1008.0,1005.4,1007.6,1006.6,1007.0,8.0,8.0,8.0,8.0,598.0,496.0,549.0,558.0,557.0,68.0,72.0,67.0,70.0,75.0,12.0,19.0,14.0,18.0,19.0,7.0,11.0,9.0,13.0,14.0,4.0,6.0,6.0,10.0,8.0,0.0,0.0,0.0,0.0,0.0,4.7,4.2,5.0,4.0,3.6,6.1,6.5,5.1,6.8,6.6,175.0,191.0,190.0,184.0,176.0,5.8,8.9,7.2,11.3,11.3,90.351473,50.364632,140.716105
2022-02-14,999.8,997.2,998.2,999.4,1000.3,7.0,8.0,8.0,7.0,503.0,577.0,297.0,756.0,700.0,75.0,81.0,73.0,79.0,82.0,17.0,27.0,18.0,18.0,20.0,8.0,15.0,10.0,13.0,15.0,3.0,7.0,6.0,6.0,4.0,1.9,1.0,0.2,1.2,1.1,3.4,4.2,1.4,6.0,5.6,9.0,8.5,8.7,8.7,8.4,208.0,218.0,210.0,217.0,210.0,6.3,10.2,8.2,10.4,10.3,102.804446,48.062347,150.866793
2022-02-15,1006.8,1004.3,1004.7,1006.6,1007.6,8.0,8.0,8.0,7.0,523.0,472.0,423.0,467.0,547.0,85.0,88.0,85.0,87.0,87.0,15.0,23.0,17.0,19.0,22.0,9.0,15.0,11.0,13.0,15.0,3.0,4.0,4.0,6.0,5.0,6.8,6.9,9.2,7.2,6.4,4.0,3.0,2.3,3.1,4.5,7.5,7.0,6.9,7.5,7.5,218.0,227.0,223.0,225.0,214.0,5.3,8.0,7.0,9.1,9.7,75.759172,35.642369,111.401541
2022-02-16,994.3,990.6,990.4,994.6,996.3,8.0,7.0,8.0,8.0,190.0,268.0,205.0,269.0,538.0,89.0,89.0,88.0,94.0,90.0,24.0,22.0,24.0,27.0,30.0,11.0,16.0,15.0,18.0,23.0,4.0,5.0,4.0,8.0,9.0,10.3,4.8,10.0,5.9,3.5,0.0,0.5,0.3,0.1,2.6,11.1,9.4,10.0,9.8,10.5,232.0,227.0,233.0,226.0,228.0,7.9,11.4,9.8,13.9,15.9,93.370661,49.077543,142.448204
2022-02-17,1004.2,1001.5,999.3,1005.2,1007.0,6.0,3.0,7.0,5.0,712.0,853.0,553.0,843.0,847.0,66.0,71.0,69.0,74.0,77.0,23.0,27.0,25.0,25.0,27.0,11.0,18.0,14.0,17.0,20.0,3.0,5.0,4.0,7.0,7.0,0.4,0.0,0.0,3.4,0.0,5.4,8.3,4.2,7.2,7.1,9.0,7.8,7.5,8.7,8.8,261.0,271.0,267.0,257.0,244.0,7.3,12.7,10.5,12.7,12.4,95.488002,50.282172,145.770174
2022-02-18,997.3,993.1,993.5,997.2,998.6,7.0,8.0,8.0,7.0,227.0,226.0,138.0,308.0,376.0,75.0,80.0,83.0,76.0,75.0,31.0,32.0,34.0,39.0,38.0,15.0,21.0,21.0,24.0,28.0,3.0,3.0,3.0,6.0,6.0,2.7,1.8,4.8,1.7,2.0,1.6,0.6,0.0,1.8,2.7,8.4,7.5,6.6,8.4,8.6,230.0,234.0,230.0,233.0,227.0,8.7,13.8,10.8,15.7,16.7,46.905887,36.057134,82.963021
2022-02-19,1008.3,1005.5,1005.0,1008.6,1010.0,8.0,7.0,8.0,6.0,485.0,632.0,554.0,615.0,605.0,70.0,76.0,81.0,74.0,73.0,19.0,27.0,25.0,26.0,36.0,9.0,19.0,15.0,19.0,18.0,6.0,6.0,3.0,10.0,7.0,8.4,9.6,10.7,9.0,5.5,2.5,4.0,3.7,5.1,4.5,6.1,5.3,4.8,6.2,6.7,243.0,256.0,243.0,255.0,241.0,7.1,11.4,8.1,14.1,13.8,102.355791,49.868147,152.223938
2022-02-20,1001.4,997.7,997.6,1001.7,1003.5,8.0,8.0,8.0,7.0,109.0,131.0,118.0,137.0,96.0,88.0,88.0,91.0,90.0,87.0,23.0,26.0,22.0,30.0,36.0,12.0,17.0,15.0,19.0,22.0,3.0,4.0,4.0,6.0,5.0,34.2,17.6,30.7,17.7,16.2,0.0,0.0,0.0,0.0,0.0,8.2,7.4,6.9,8.0,8.6,230.0,233.0,233.0,234.0,229.0,8.0,11.5,9.5,13.9,14.7,90.940388,45.626125,136.566513
2022-02-21,1002.3,999.7,997.2,1003.8,1005.9,7.0,6.0,8.0,6.75,242.0,438.0,223.0,422.0,477.0,74.0,76.0,79.0,75.0,71.0,20.0,27.0,20.0,29.0,27.0,10.0,17.0,11.0,20.0,19.0,4.0,7.0,6.0,10.0,5.0,9.5,2.2,13.0,0.6,1.3,0.9,2.4,1.5,3.2,3.8,6.5,6.4,5.6,7.0,7.6,275.0,280.0,274.0,284.0,268.0,7.5,12.6,8.9,16.2,13.0,104.884894,51.257786,156.14268
2022-02-22,1016.4,1014.3,1013.3,1017.0,1018.1,6.0,5.0,6.0,6.5,256.0,266.0,279.0,257.0,299.0,85.0,84.0,85.0,86.0,84.0,14.0,18.0,19.0,21.0,21.0,7.0,12.0,10.0,14.0,17.0,3.0,4.0,4.0,6.0,4.0,4.3,1.5,3.6,1.1,1.1,0.3,1.2,0.9,0.3,0.0,7.1,7.1,6.0,7.7,8.1,246.0,256.0,251.0,254.0,239.0,4.7,8.1,6.1,9.5,8.9,75.086312,38.096083,113.182395
2022-02-23,1021.6,1019.4,1019.5,1021.6,1022.3,3.0,2.0,4.0,6.25,1007.0,1072.0,1026.0,1027.0,980.0,71.0,80.0,74.0,74.0,78.0,14.0,17.0,15.0,15.0,13.0,7.0,11.0,10.0,10.0,10.0,2.0,6.0,4.0,5.0,4.0,0.0,0.0,0.0,0.0,0.0,8.7,9.3,9.1,8.0,7.4,8.0,7.5,7.1,8.2,7.8,221.0,229.0,229.0,226.0,210.0,4.7,8.6,6.5,7.7,7.0,65.996476,31.795872,97.792348
2022-02-24,1010.2,1007.6,1007.3,1010.3,1011.4,7.0,7.0,7.0,6.0,425.0,269.0,407.0,417.0,522.0,74.0,79.0,80.0,74.0,71.0,17.0,20.0,18.0,22.0,23.0,9.0,14.0,10.0,14.0,14.0,3.0,6.0,4.0,8.0,8.0,2.7,5.6,6.6,4.6,4.1,1.6,1.3,1.4,2.6,3.2,6.2,5.9,5.5,6.5,7.0,226.0,240.0,223.0,248.0,233.0,5.7,10.3,6.8,11.0,10.9,92.803608,48.064741,140.868349
2022-02-25,1022.6,1021.0,1019.4,1023.5,1024.7,4.0,3.0,5.0,4.0,610.0,863.0,830.0,719.0,639.0,80.0,76.0,78.0,77.0,76.0,14.0,18.0,15.0,20.0,20.0,6.0,12.0,9.0,15.0,15.0,1.0,2.0,2.0,2.0,2.0,1.8,0.1,1.3,0.0,0.0,5.0,6.7,7.2,5.3,5.0,4.7,5.9,4.6,6.3,6.1,266.0,286.0,272.0,289.0,270.0,4.0,7.8,6.1,9.8,7.3,74.863788,41.113002,115.97679
2022-02-26,1034.0,1033.3,1034.1,1033.3,1032.9,3.0,3.0,5.0,1.0,1060.0,1117.0,1047.0,1104.0,1200.0,86.0,82.0,81.0,79.0,79.0,7.0,7.0,5.0,10.0,10.0,4.0,4.0,3.0,8.0,8.0,1.0,1.0,1.0,1.0,2.0,0.0,0.0,0.0,0.0,0.0,9.7,9.9,9.2,9.9,9.2,2.2,4.0,2.1,5.0,5.6,133.0,165.0,178.0,146.0,120.0,2.3,2.9,1.8,4.5,4.6,6.116432,6.90983,13.026262
2022-02-27,1031.0,1030.8,1032.9,1029.7,1028.9,0.0,1.0,0.0,0.0,1150.0,1192.0,1166.0,1203.0,1262.0,67.0,68.0,69.0,60.0,65.0,13.0,12.0,10.0,13.0,12.0,8.0,8.0,6.0,10.0,10.0,2.0,3.0,2.0,7.0,6.0,0.0,0.0,0.0,0.0,0.0,9.9,9.9,9.8,9.5,10.0,4.2,4.8,3.6,5.8,6.2,126.0,136.0,121.0,130.0,111.0,4.8,5.1,3.5,8.0,7.8,36.17615,33.786507,69.96265700000001
2022-02-28,1029.4,1028.5,1030.3,1028.5,1028.2,2.0,4.0,2.0,3.0,1160.0,1186.0,1162.0,1239.0,1217.0,63.0,64.0,62.0,56.0,67.0,9.0,10.0,9.0,11.0,10.0,6.0,7.0,5.0,8.0,8.0,2.0,3.0,2.0,5.0,3.0,0.0,0.0,0.0,0.0,0.0,10.0,9.7,9.5,9.6,9.9,4.5,4.8,4.5,6.4,6.0,146.0,164.0,147.0,160.0,147.0,3.8,5.0,3.4,6.4,5.3,27.178071,24.621244,51.799315
2022-03-01,1027.7,1027.7,1028.3,1027.2,1026.7,8.0,8.0,8.0,8.0,409.0,241.0,529.0,268.0,327.0,70.0,86.0,67.0,78.0,77.0,5.0,6.0,5.0,8.0,5.0,3.0,4.0,3.0,6.0,4.0,1.0,1.0,1.0,1.0,2.0,0.3,6.8,0.0,3.6,0.8,0.5,0.3,1.2,0.0,0.2,5.2,4.5,4.7,6.2,6.5,135.0,97.0,117.0,132.0,106.0,2.1,2.5,2.3,3.4,2.8,3.369302,4.579628,7.948929999999999
2022-03-02,1023.5,1024.4,1025.2,1023.1,1022.3,6.0,5.0,1.0,8.0,1097.0,1137.0,1145.0,1043.0,796.0,65.0,82.0,78.0,56.0,64.0,8.0,8.0,7.0,9.0,8.0,5.0,6.0,5.0,6.0,6.0,1.0,4.0,2.0,3.0,2.0,0.0,0.0,0.0,0.0,0.0,9.9,9.7,9.9,7.1,5.6,5.6,5.6,3.9,7.4,7.1,77.0,69.0,65.0,95.0,71.0,2.9,4.7,3.3,4.3,3.9,15.386434,6.540657,21.927091
2022-03-03,1019.1,1019.8,1021.3,1018.4,1017.5,0.0,0.0,1.0,2.0,1275.0,1254.0,1234.0,1260.0,1272.0,56.0,70.0,73.0,52.0,64.0,10.0,10.0,8.0,11.0,9.0,6.0,6.0,6.0,9.0,7.0,2.0,4.0,2.0,4.0,4.0,0.0,0.0,0.0,0.0,0.0,10.0,9.8,9.9,9.8,9.8,5.0,5.3,3.3,6.5,7.2,94.0,95.0,86.0,108.0,85.0,3.6,4.9,3.8,5.5,5.1,23.873904,12.59956,36.473464
2022-03-04,1020.8,1021.3,1023.0,1020.0,1019.1,0.0,0.0,2.0,1.0,1320.0,1301.0,1137.0,1287.0,1273.0,62.0,78.0,80.0,57.0,65.0,8.0,9.0,8.0,9.0,9.0,4.0,6.0,5.0,7.0,7.0,2.0,3.0,2.0,4.0,3.0,0.0,0.0,0.0,0.0,0.0,10.1,10.1,7.4,10.0,10.0,4.2,3.9,1.8,5.9,6.6,104.0,108.0,101.0,111.0,88.0,3.2,4.7,3.9,5.5,4.6,25.10342,14.958463,40.061883
2022-03-05,1021.7,1023.0,1023.6,1021.7,1021.0,0.0,2.0,2.0,0.0,1274.0,1310.0,1200.0,1317.0,1281.0,72.0,77.0,73.0,72.0,75.0,7.0,13.0,9.0,12.0,9.0,4.0,9.0,5.0,9.0,5.0,2.0,3.0,2.0,3.0,1.0,0.0,0.0,0.0,0.0,0.0,10.0,10.1,9.7,10.1,10.2,2.6,2.8,1.6,3.5,4.9,51.0,65.0,74.0,53.0,35.0,2.7,5.6,3.5,5.8,3.7,19.490334,13.729918,33.220252
2022-03-06,1027.2,1028.3,1027.9,1027.4,1026.4,2.0,5.0,5.0,2.0,1307.0,1179.0,1103.0,1273.0,1278.0,70.0,71.0,74.0,66.0,70.0,12.0,12.0,9.0,14.0,12.0,7.0,9.0,5.0,10.0,9.0,2.0,3.0,1.0,4.0,4.0,0.0,0.0,0.0,0.0,0.0,10.0,8.2,7.9,10.0,9.9,2.4,4.4,2.4,4.0,3.8,34.0,51.0,33.0,42.0,31.0,4.1,5.4,3.0,8.5,6.3,35.48478,22.622811,58.107591
2022-03-07,1026.7,1027.1,1027.6,1026.1,1025.1,1.0,1.0,1.0,1.0,1346.0,1347.0,1288.0,1365.0,1434.0,71.0,78.0,77.0,62.0,63.0,10.0,9.0,6.0,12.0,13.0,6.0,6.0,4.0,8.0,10.0,0.0,1.0,0.0,3.0,3.0,0.0,0.0,0.0,0.0,0.0,10.1,10.1,10.2,10.2,10.2,2.3,3.6,1.6,4.1,4.0,81.0,80.0,78.0,94.0,79.0,3.3,3.3,1.9,5.3,6.8,15.991659,11.472567,27.464226
2022-03-08,1021.3,1021.2,1023.2,1020.1,1019.4,0.0,0.0,0.0,0.0,1395.0,1371.0,1346.0,1391.0,1439.0,51.0,57.0,59.0,47.0,59.0,14.0,13.0,11.0,12.0,13.0,8.0,8.0,6.0,10.0,10.0,3.0,3.0,2.0,5.0,5.0,0.0,0.0,0.0,0.0,0.0,10.3,10.3,10.3,10.3,10.2,4.9,5.1,4.3,5.8,5.8,130.0,129.0,120.0,133.0,117.0,5.0,5.2,3.5,7.5,7.8,40.65163,33.201977,73.853607
2022-03-09,1022.0,1021.5,1023.2,1021.1,1020.6,0.0,0.0,0.0,1.0,1393.0,1363.0,1386.0,1350.0,1394.0,53.0,55.0,54.0,48.0,68.0,8.0,9.0,8.0,9.0,10.0,5.0,6.0,5.0,7.0,7.0,2.0,3.0,2.0,4.0,4.0,0.0,0.0,0.0,0.0,0.0,10.5,10.3,10.3,10.3,10.3,6.1,6.7,4.6,8.6,7.9,138.0,149.0,135.0,143.0,131.0,3.3,4.4,2.8,5.7,5.3,16.177226,18.078664,34.25589
2022-03-10,1021.7,1021.5,1023.4,1020.5,1019.8,1.0,3.0,3.0,2.0,1395.0,1389.0,1368.0,1381.0,1388.0,51.0,58.0,55.0,51.0,68.0,10.0,10.0,9.0,12.0,9.0,5.0,6.0,5.0,8.0,8.0,2.0,2.0,1.0,3.0,3.0,0.0,0.0,0.0,0.0,0.0,10.3,10.3,10.3,10.3,10.5,8.5,8.1,6.5,9.9,9.1,132.0,131.0,124.0,134.0,110.0,3.8,3.8,3.0,5.7,5.5,18.328597,19.328764,37.657361
2022-03-11,1013.7,1013.3,1016.7,1011.9,1011.1,3.0,3.0,2.0,4.0,1349.0,1356.0,1395.0,1300.0,1201.0,45.0,56.0,49.0,50.0,69.0,14.0,13.0,14.0,15.0,16.0,8.0,8.0,7.0,11.0,11.0,4.0,5.0,4.0,6.0,7.0,0.0,0.0,0.0,0.1,0.0,9.7,9.6,10.3,8.9,7.3,10.1,8.9,7.0,11.5,9.7,129.0,125.0,120.0,139.0,135.0,6.2,6.7,5.2,8.8,8.9,72.567195,43.603819,116.171014
2022-03-12,1015.1,1014.3,1016.6,1013.9,1013.7,7.0,8.0,8.0,7.0,1106.0,961.0,1072.0,873.0,968.0,61.0,69.0,54.0,69.0,78.0,11.0,13.0,9.0,15.0,13.0,6.0,9.0,5.0,10.0,10.0,3.0,2.0,2.0,3.0,3.0,0.0,0.3,0.0,0.3,0.3,5.8,4.5,7.7,3.5,4.3,11.2,9.7,8.9,11.1,9.6,157.0,166.0,139.0,168.0,161.0,4.4,5.3,3.7,7.9,7.8,45.129796,34.567574,79.69737
2022-03-13,1013.5,1013.0,1015.1,1012.3,1011.9,8.0,8.0,7.0,8.0,1131.0,975.0,1318.0,1245.0,1178.0,58.0,62.0,52.0,62.0,74.0,11.0,11.0,9.0,16.0,17.0,6.0,7.0,5.0,10.0,11.0,2.0,3.0,2.0,6.0,6.0,0.0,0.1,0.0,0.0,0.1,7.2,6.3,9.4,8.1,7.3,12.1,11.4,9.7,12.4,10.4,149.0,149.0,115.0,161.0,158.0,4.3,5.1,3.3,8.5,8.8,39.0275,39.854149,78.88164900000001
2022-03-14,1024.3,1023.4,1023.6,1024.3,1024.5,7.0,6.0,7.0,7.0,917.0,1169.0,454.0,1060.0,1124.0,80.0,89.0,82.0,82.0,86.0,10.0,11.0,11.0,11.0,10.0,5.0,7.0,6.0,8.0,7.0,1.0,1.0,1.0,3.0,1.0,0.0,0.2,0.7,1.2,0.1,5.0,6.7,2.4,5.6,6.3,9.0,7.8,7.5,9.1,8.8,223.0,226.0,227.0,215.0,222.0,3.2,4.3,3.1,5.0,4.5,25.026958,10.647929,35.674887
2022-03-15,1024.7,1024.5,1025.5,1024.3,1023.9,6.0,7.0,6.0,8.0,1031.0,695.0,629.0,1144.0,742.0,82.0,84.0,87.0,75.0,81.0,5.0,6.0,5.0,8.0,7.0,3.0,3.0,4.0,6.0,5.0,1.0,1.0,1.0,2.0,2.0,0.0,0.2,0.0,0.0,0.5,5.1,3.3,2.0,5.9,2.3,7.4,7.8,6.6,9.4,8.8,152.0,114.0,98.0,143.0,101.0,2.0,2.3,1.8,3.0,3.9,2.115118,4.354869,6.469987
2022-03-16,1021.7,1021.4,1023.5,1020.5,1020.0,7.0,7.0,8.0,7.0,1069.0,1008.0,1243.0,810.0,626.0,74.0,74.0,73.0,73.0,87.0,13.0,12.0,11.0,13.0,11.0,7.0,7.0,6.0,10.0,8.0,2.0,2.0,1.0,5.0,5.0,0.0,0.0,0.0,0.0,0.1,5.6,4.0,6.4,2.9,1.5,9.1,9.5,8.6,10.2,8.6,130.0,129.0,120.0,131.0,115.0,4.8,5.0,3.8,7.5,6.7,37.536313,26.321597,63.85791
2022-03-17,1030.1,1029.0,1028.6,1030.7,1031.2,4.0,3.0,4.0,3.0,1214.0,1491.0,1159.0,1533.0,1531.0,74.0,83.0,74.0,79.0,80.0,12.0,14.0,12.0,17.0,16.0,5.0,8.0,7.0,12.0,11.0,1.0,3.0,1.0,3.0,1.0,0.4,2.5,1.4,1.3,0.1,7.2,8.9,6.6,9.5,9.0,7.6,7.2,7.3,7.8,7.9,289.0,253.0,253.0,279.0,268.0,3.4,6.1,4.8,6.7,5.3,53.038162,25.022257,78.060419
2022-03-18,1043.1,1043.7,1043.9,1042.9,1042.2,0.0,0.0,1.0,0.0,1532.0,1549.0,1509.0,1537.0,1571.0,72.0,85.0,82.0,76.0,74.0,9.0,10.0,8.0,11.0,11.0,5.0,7.0,5.0,8.0,8.0,0.0,2.0,1.0,1.0,1.0,0.0,0.0,0.0,0.0,0.0,11.0,10.9,11.1,11.0,11.0,7.8,7.7,6.3,8.8,9.2,53.0,44.0,32.0,51.0,59.0,2.7,4.1,2.5,4.2,3.7,14.604372,7.62957,22.233942
2022-03-19,1040.5,1042.2,1043.2,1039.7,1038.1,0.0,0.0,0.0,0.0,1644.0,1630.0,1618.0,1651.0,1644.0,56.0,71.0,69.0,51.0,56.0,15.0,15.0,14.0,16.0,16.0,8.0,10.0,9.0,11.0,11.0,3.0,3.0,2.0,6.0,6.0,0.0,0.0,0.0,0.0,0.0,11.0,11.0,11.0,11.0,11.0,8.8,8.0,6.6,10.0,9.6,70.0,71.0,64.0,79.0,62.0,5.5,7.5,5.5,8.3,8.5,66.738133,32.967094,99.705227
2022-03-20,1029.1,1029.6,1030.9,1028.7,1028.2,4.0,3.0,3.0,3.0,699.0,1023.0,1262.0,600.0,740.0,70.0,71.0,66.0,71.0,73.0,11.0,13.0,14.0,12.0,10.0,7.0,9.0,8.0,9.0,7.0,2.0,3.0,1.0,2.0,1.0,0.0,0.1,0.0,0.1,0.2,2.4,6.1,7.6,2.4,3.7,4.5,5.4,6.1,5.1,5.3,100.0,104.0,99.0,110.0,95.0,4.3,6.5,5.3,5.9,4.5,55.243288,21.431835,76.675123
2022-03-21,1030.5,1030.7,1031.4,1030.3,1029.6,0.0,3.0,1.0,3.0,1581.0,1564.0,1575.0,1576.0,1555.0,69.0,69.0,71.0,62.0,67.0,5.0,6.0,6.0,6.0,6.0,3.0,4.0,3.0,5.0,5.0,1.0,2.0,1.0,2.0,2.0,0.0,0.0,0.0,0.0,0.0,11.1,10.9,11.0,10.7,10.7,7.7,7.3,8.2,8.5,9.5,121.0,137.0,147.0,106.0,75.0,2.0,3.4,2.0,3.6,3.5,3.698834,5.765072,9.463906
2022-03-22,1030.8,1031.3,1031.7,1030.5,1030.0,1.0,2.0,1.0,2.0,1530.0,1516.0,1456.0,1487.0,1593.0,69.0,85.0,70.0,66.0,65.0,7.0,5.0,6.0,6.0,6.0,3.0,4.0,3.0,4.0,4.0,1.0,2.0,1.0,2.0,3.0,0.0,0.0,0.0,0.0,0.0,9.8,11.1,9.3,9.5,10.8,10.3,9.0,9.9,11.7,12.2,131.0,53.0,96.0,93.0,78.0,1.9,3.0,1.4,3.2,3.5,1.945139,3.204247,5.149386
2022-03-23,1030.4,1031.0,1031.2,1030.5,1030.2,0.0,0.0,0.0,0.0,1622.0,1592.0,1610.0,1608.0,1673.0,62.0,80.0,65.0,68.0,56.0,6.0,5.0,7.0,5.0,5.0,3.0,3.0,4.0,4.0,4.0,0.0,2.0,0.0,1.0,0.0,0.0,0.0,0.0,0.0,0.0,11.3,11.1,10.8,11.3,11.3,9.8,9.8,9.2,10.4,11.7,56.0,45.0,61.0,20.0,39.0,1.8,2.8,2.0,2.3,2.2,2.749084,1.377736,4.12682
2022-03-24,1029.7,1030.2,1029.9,1030.0,1029.8,1.0,0.0,0.0,0.0,1540.0,1601.0,1583.0,1645.0,1733.0,67.0,80.0,72.0,75.0,66.0,8.0,6.0,6.0,6.0,6.0,4.0,4.0,4.0,4.0,4.0,0.0,1.0,0.0,0.0,1.0,0.0,0.0,0.0,0.0,0.0,10.5,10.3,11.3,11.3,11.3,9.4,8.9,7.6,9.5,10.8,5.0,40.0,351.0,11.0,341.0,1.7,2.7,1.5,1.9,2.7,2.881673,1.121579,4.003252
2022-03-25,1031.1,1031.9,1031.5,1031.4,1030.8,1.0,1.0,3.0,0.0,1694.0,1703.0,1667.0,1709.0,1765.0,68.0,74.0,68.0,78.0,66.0,8.0,6.0,7.0,9.0,9.0,4.0,4.0,4.0,8.0,6.0,1.0,1.0,1.0,3.0,3.0,0.0,0.0,0.0,0.0,0.0,11.3,11.3,11.3,11.5,11.3,8.6,8.0,5.9,8.3,10.3,18.0,27.0,5.0,26.0,14.0,2.6,2.7,2.0,5.2,4.4,7.342608,4.859567,12.202175
2022-03-26,1032.5,1033.3,1032.8,1032.8,1031.9,2.0,3.0,5.0,1.0,1743.0,1708.0,1589.0,1701.0,1776.0,70.0,84.0,83.0,78.0,68.0,8.0,8.0,9.0,10.0,11.0,5.0,5.0,5.0,8.0,7.0,1.0,0.0,1.0,1.0,3.0,0.0,0.0,0.0,0.0,0.0,11.5,11.5,11.0,11.5,11.3,10.4,8.5,7.4,9.0,11.2,24.0,30.0,339.0,28.0,22.0,3.0,3.1,2.9,4.7,5.4,15.304591,8.206749,23.51134
2022-03-27,1030.9,1031.8,1031.7,1031.0,1030.4,2.0,3.0,4.0,4.0,1797.0,1774.0,1692.0,1772.0,1247.0,67.0,85.0,81.0,82.0,85.0,8.0,9.0,8.0,10.0,7.0,4.0,6.0,5.0,8.0,5.0,2.0,3.0,1.0,2.0,2.0,0.0,0.0,0.0,0.0,0.0,10.8,11.5,9.3,10.3,5.7,10.3,8.1,7.7,9.1,9.7,34.0,41.0,23.0,31.0,27.0,3.0,4.8,2.9,5.4,3.9,13.92925,6.317447,20.246697
2022-03-28,1022.2,1022.8,1022.8,1022.4,1022.0,5.0,8.0,8.0,4.0,1652.0,885.0,893.0,1384.0,1635.0,82.0,92.0,88.0,92.0,85.0,5.0,7.0,6.0,7.0,6.0,3.0,5.0,4.0,5.0,4.0,2.0,2.0,1.0,1.0,1.0,0.0,0.0,0.0,0.0,0.0,9.0,1.9,2.3,6.7,10.6,8.3,6.7,6.7,6.8,8.9,360.0,51.0,9.0,20.0,352.0,2.3,3.2,2.3,3.0,3.0,4.844342,1.265171,6.109513
2022-03-29,1012.3,1013.1,1013.1,1012.1,1011.3,6.0,8.0,7.0,8.0,1284.0,1206.0,1103.0,924.0,692.0,80.0,80.0,80.0,78.0,84.0,7.0,8.0,7.0,8.0,8.0,4.0,5.0,3.0,6.0,6.0,2.0,2.0,1.0,3.0,2.0,0.0,0.0,0.0,0.0,0.0,5.7,4.3,4.5,1.4,0.3,8.2,7.7,6.3,9.1,9.2,50.0,56.0,360.0,69.0,43.0,3.0,4.0,1.9,4.3,4.4,10.153156,2.762517,12.915672999999998
2022-03-30,1005.1,1006.2,1006.0,1005.1,1004.4,7.0,8.0,8.0,8.0,1401.0,838.0,938.0,1488.0,1165.0,74.0,76.0,74.0,74.0,74.0,10.0,13.0,9.0,16.0,12.0,5.0,8.0,5.0,13.0,8.0,1.0,1.0,1.0,3.0,2.0,0.7,3.4,0.1,2.6,0.0,6.5,1.4,1.0,9.2,3.4,6.0,5.4,4.8,7.3,8.5,34.0,42.0,36.0,40.0,32.0,3.1,5.2,3.4,6.5,4.6,22.273489,8.575977,30.849466
2022-03-31,1001.8,1004.0,1003.6,1002.5,1001.9,8.0,8.0,8.0,8.0,544.0,481.0,247.0,878.0,1153.0,92.0,89.0,88.0,88.0,84.0,12.0,23.0,19.0,24.0,20.0,7.0,17.0,12.0,20.0,13.0,3.0,2.0,3.0,6.0,5.0,12.8,14.6,9.7,11.9,6.7,0.0,1.0,0.0,2.7,4.5,1.9,2.4,1.4,2.7,3.7,20.0,45.0,50.0,32.0,6.0,4.2,10.4,6.8,12.1,8.5,62.171366,39.110266,101.281632
2022-04-01,1011.4,1013.5,1012.7,1012.3,1011.1,8.0,8.0,8.0,6.0,1012.0,1540.0,861.0,1441.0,691.0,76.0,60.0,67.0,68.0,71.0,14.0,19.0,15.0,23.0,19.0,8.0,13.0,9.0,17.0,13.0,4.0,6.0,2.0,11.0,6.0,4.9,0.0,0.0,5.5,4.4,3.9,7.9,1.0,6.1,1.3,2.1,4.2,2.3,3.0,3.2,30.0,47.0,40.0,38.0,22.0,6.0,10.2,6.2,14.4,10.2,103.535011,51.733393,155.268404
2022-04-02,1020.1,1021.1,1020.2,1020.7,1020.3,7.0,5.0,6.0,6.0,1013.0,1853.0,1354.0,1448.0,1372.0,63.0,65.0,64.0,56.0,58.0,13.0,14.0,12.0,17.0,15.0,6.0,8.0,7.0,12.0,9.0,1.0,2.0,1.0,3.0,3.0,0.0,0.3,0.0,0.0,0.0,5.3,9.9,7.4,8.8,7.7,2.4,4.1,1.8,4.4,4.5,21.0,31.0,21.0,32.0,17.0,3.5,5.3,3.9,9.1,6.4,50.243343,31.194779,81.438122
2022-04-03,1022.3,1021.4,1020.4,1022.9,1023.3,6.0,6.0,7.0,5.0,1290.0,1496.0,1248.0,1692.0,1482.0,77.0,76.0,77.0,74.0,73.0,11.0,12.0,11.0,13.0,11.0,5.0,8.0,6.0,9.0,9.0,1.0,1.0,1.0,1.0,1.0,0.0,1.0,0.2,1.3,0.2,7.0,7.7,7.0,9.7,7.9,3.0,4.3,2.9,5.0,4.9,275.0,283.0,271.0,288.0,260.0,2.7,4.2,3.6,4.4,4.1,16.656319,8.611048,25.267367
2022-04-04,1007.7,1005.2,1004.0,1008.4,1010.0,8.0,8.0,8.0,8.0,257.0,276.0,352.0,243.0,244.0,89.0,90.0,89.0,86.0,89.0,17.0,21.0,18.0,24.0,21.0,9.0,15.0,12.0,15.0,17.0,4.0,3.0,4.0,9.0,8.0,20.7,10.5,14.6,6.5,5.6,0.0,0.0,0.0,0.0,0.0,7.1,7.5,6.6,8.1,7.4,238.0,254.0,244.0,246.0,231.0,6.3,8.9,7.8,11.8,12.9,94.71424,47.896094,142.610334
2022-04-05,1004.9,1003.3,1002.2,1005.6,1006.8,8.0,8.0,8.0,8.0,474.0,666.0,562.0,689.0,924.0,89.0,91.0,90.0,87.0,90.0,14.0,12.0,11.0,16.0,15.0,6.0,9.0,7.0,11.0,11.0,2.0,1.0,2.0,6.0,8.0,3.2,1.3,4.6,2.5,1.9,0.1,0.3,0.2,0.3,1.1,10.0,8.8,8.2,10.0,9.7,255.0,257.0,260.0,250.0,244.0,4.2,6.0,4.5,8.8,9.5,57.173401,37.092299,94.2657
2022-04-06,997.6,994.3,994.6,997.4,998.6,8.0,8.0,8.0,8.0,379.0,965.0,558.0,595.0,401.0,84.0,86.0,88.0,83.0,84.0,17.0,20.0,17.0,22.0,19.0,8.0,13.0,11.0,14.0,14.0,5.0,8.0,4.0,8.0,10.0,3.4,1.2,8.3,0.5,5.2,0.0,2.3,0.5,0.4,0.1,9.7,9.4,9.3,9.8,9.6,219.0,225.0,223.0,221.0,216.0,6.9,11.1,8.8,12.3,12.0,103.679988,49.789263,153.469251
2022-04-07,986.6,983.4,982.3,987.3,988.9,8.0,8.0,7.0,8.0,810.0,1058.0,1030.0,1346.0,1330.0,79.0,80.0,81.0,78.0,78.0,24.0,24.0,25.0,29.0,25.0,11.0,15.0,13.0,17.0,20.0,5.0,8.0,5.0,10.0,6.0,19.2,8.7,12.7,9.5,12.9,2.7,4.8,5.7,5.5,5.0,8.0,8.0,7.5,8.7,9.0,251.0,255.0,247.0,258.0,241.0,8.0,11.9,9.6,14.2,14.5,113.515342,52.244062,165.75940400000002
2022-04-08,998.8,997.8,996.3,999.6,1000.2,7.0,6.0,7.0,7.0,1060.0,1611.0,1568.0,1134.0,838.0,73.0,71.0,75.0,70.0,72.0,13.0,16.0,15.0,15.0,13.0,5.0,10.0,7.0,12.0,8.0,2.0,6.0,3.0,4.0,3.0,0.4,0.1,2.8,0.0,0.0,4.0,8.4,9.5,3.4,1.7,6.3,6.8,5.8,7.1,6.8,277.0,293.0,275.0,307.0,285.0,3.5,7.3,5.3,8.3,5.3,62.763204,31.517372,94.280576
2022-04-09,1012.2,1011.1,1009.1,1013.3,1014.2,5.0,5.0,5.0,4.0,1434.0,1478.0,1404.0,1995.0,2184.0,73.0,73.0,80.0,67.0,68.0,16.0,16.0,16.0,20.0,15.0,7.0,8.0,8.0,12.0,9.0,2.0,4.0,3.0,7.0,1.0,5.4,0.9,5.0,0.8,0.0,7.0,7.4,8.7,10.7,12.1,5.8,6.0,4.6,7.2,7.1,286.0,299.0,285.0,300.0,273.0,4.1,7.0,5.3,9.4,5.8,71.221674,39.58075,110.802424
2022-04-10,1020.0,1019.5,1018.9,1020.1,1020.0,6.0,7.0,6.0,5.0,1665.0,2162.0,1735.0,2093.0,2126.0,68.0,69.0,73.0,61.0,64.0,7.0,12.0,11.0,9.0,7.0,3.0,6.0,7.0,7.0,6.0,1.0,1.0,0.0,2.0,1.0,0.0,0.2,1.1,0.0,0.0,9.0,12.5,10.3,12.1,12.5,6.2,6.4,4.4,7.9,8.6,278.0,279.0,279.0,313.0,126.0,2.2,4.0,3.7,4.1,2.9,21.596708,11.609891,33.206599
2022-04-11,1015.5,1016.0,1017.5,1014.4,1013.4,8.0,8.0,8.0,6.0,1947.0,1908.0,1912.0,1814.0,1950.0,61.0,67.0,69.0,52.0,62.0,11.0,9.0,9.0,13.0,12.0,6.0,7.0,5.0,9.0,10.0,1.0,1.0,0.0,4.0,3.0,0.0,0.0,0.0,0.0,0.0,12.0,10.7,9.6,11.6,12.1,9.1,9.0,6.5,11.0,10.8,106.0,90.0,79.0,112.0,93.0,3.8,4.2,2.9,6.4,7.4,23.954316,17.661992,41.616308
2022-04-12,1009.7,1009.6,1011.1,1009.0,1008.8,8.0,7.0,8.0,6.0,1710.0,1591.0,1753.0,1725.0,1835.0,61.0,68.0,61.0,57.0,73.0,9.0,10.0,9.0,10.0,13.0,6.0,7.0,5.0,7.0,8.0,0.0,1.0,1.0,1.0,2.0,0.0,0.0,0.0,0.0,0.0,8.8,7.3,7.8,9.8,10.2,13.8,12.2,12.7,14.4,12.3,138.0,119.0,105.0,149.0,139.0,3.4,4.5,3.8,5.3,5.6,30.423477,22.137056,52.560533
2022-04-13,1016.8,1016.0,1016.0,1016.9,1017.2,8.0,8.0,8.0,8.0,971.0,1317.0,1288.0,1132.0,1045.0,81.0,85.0,79.0,77.0,84.0,6.0,9.0,8.0,8.0,6.0,3.0,6.0,6.0,5.0,4.0,1.0,4.0,1.0,3.0,1.0,0.1,0.0,0.0,0.0,0.0,2.6,4.1,4.1,2.9,1.6,13.1,11.5,12.7,12.6,12.0,229.0,228.0,234.0,221.0,241.0,2.2,4.9,3.0,3.8,2.8,9.460369,7.676355,17.136724
2022-04-14,1021.9,1022.0,1021.4,1022.4,1022.5,4.0,5.0,4.0,4.0,1847.0,2085.0,1802.0,2038.0,2037.0,77.0,86.0,81.0,87.0,86.0,9.0,8.0,10.0,6.0,7.0,5.0,5.0,6.0,4.0,5.0,1.0,2.0,2.0,1.0,2.0,0.0,0.0,0.0,0.0,0.0,11.3,11.5,9.9,11.1,11.3,12.1,10.2,10.7,10.7,11.6,302.0,293.0,289.0,285.0,270.0,2.3,2.9,3.5,3.0,3.5,11.500718,3.806336,15.307054
2022-04-15,1028.7,1029.2,1029.0,1028.5,1028.0,8.0,8.0,8.0,6.0,1336.0,1151.0,660.0,2016.0,2031.0,79.0,79.0,81.0,81.0,85.0,6.0,9.0,8.0,10.0,7.0,4.0,6.0,4.0,8.0,5.0,2.0,1.0,2.0,2.0,2.0,0.0,0.0,0.0,0.0,0.0,2.5,4.0,0.2,9.3,10.9,9.8,8.5,8.1,10.1,10.9,47.0,48.0,21.0,42.0,45.0,2.9,3.7,3.0,4.3,3.1,8.635277,3.844858,12.480135
2022-04-16,1031.9,1032.6,1033.6,1031.4,1030.5,4.0,4.0,5.0,3.0,2284.0,1952.0,2260.0,2262.0,2323.0,62.0,68.0,58.0,56.0,66.0,10.0,10.0,9.0,13.0,10.0,6.0,6.0,6.0,7.0,7.0,2.0,3.0,2.0,3.0,3.0,0.0,0.0,0.0,0.0,0.0,12.8,8.7,11.7,13.0,12.9,10.5,10.4,9.5,12.0,11.8,87.0,104.0,102.0,96.0,71.0,3.8,4.5,3.7,5.1,4.8,25.560111,8.542571,34.102682
2022-04-17,1025.5,1025.6,1027.1,1024.6,1024.0,2.0,2.0,0.0,2.0,2383.0,2359.0,2317.0,2375.0,2442.0,51.0,53.0,48.0,39.0,56.0,9.0,8.0,8.0,8.0,9.0,5.0,6.0,5.0,6.0,7.0,2.0,2.0,2.0,3.0,3.0,0.0,0.0,0.0,0.0,0.0,13.2,13.2,13.2,13.0,12.9,10.8,11.7,10.4,13.1,12.5,129.0,122.0,114.0,120.0,98.0,3.4,4.0,3.0,5.0,5.2,17.316277,11.956338,29.272615
2022-04-18,1017.8,1017.7,1018.7,1017.4,1017.2,5.0,5.0,1.0,6.0,2148.0,2238.0,2306.0,2147.0,2262.0,54.0,54.0,46.0,49.0,61.0,6.0,9.0,6.0,8.0,8.0,3.0,7.0,4.0,6.0,5.0,0.0,2.0,1.0,1.0,1.0,0.0,0.0,0.0,0.0,0.0,11.9,12.0,13.0,12.4,12.2,12.0,11.9,12.2,13.0,12.7,147.0,193.0,123.0,132.0,101.0,2.3,3.6,2.5,4.4,3.6,10.567189,11.422801,21.98999
2022-04-19,1015.2,1016.4,1017.0,1015.2,1014.7,8.0,8.0,1.0,8.0,2175.0,2250.0,2313.0,1978.0,1560.0,59.0,72.0,63.0,65.0,65.0,10.0,13.0,11.0,10.0,9.0,5.0,9.0,7.0,9.0,6.0,1.0,2.0,1.0,2.0,2.0,0.0,0.0,0.0,0.0,0.0,13.0,12.6,13.0,11.6,6.7,12.3,11.9,10.5,12.3,13.1,51.0,54.0,62.0,26.0,359.0,3.2,5.0,4.5,5.4,3.8,28.18108,11.706026,39.887106
2022-04-20,1016.2,1017.7,1018.2,1015.9,1014.9,0.0,0.0,2.0,4.0,2306.0,2352.0,2341.0,2441.0,2168.0,56.0,66.0,62.0,52.0,57.0,10.0,14.0,12.0,10.0,13.0,6.0,9.0,7.0,8.0,8.0,2.0,4.0,2.0,4.0,4.0,0.0,0.0,0.0,0.0,0.0,12.9,12.5,13.0,13.0,10.9,12.2,11.1,9.9,13.3,12.8,61.0,60.0,54.0,46.0,47.0,4.2,6.6,4.4,6.1,5.7,42.759348,15.814847,58.574195
2022-04-21,1012.7,1014.4,1014.7,1012.5,1011.4,7.0,5.0,7.0,2.0,2246.0,2300.0,2203.0,2347.0,2390.0,58.0,71.0,66.0,53.0,57.0,11.0,14.0,12.0,13.0,13.0,6.0,9.0,8.0,10.0,8.0,2.0,3.0,2.0,4.0,5.0,0.0,0.0,0.0,0.0,0.0,12.1,13.0,11.2,12.6,12.8,12.6,11.6,11.3,13.8,13.3,58.0,56.0,53.0,52.0,49.0,4.3,6.3,5.0,6.8,6.5,49.539195,18.198242,67.737437
2022-04-22,1007.5,1009.3,1009.9,1007.2,1006.0,4.0,2.0,2.0,5.0,1942.0,2365.0,2190.0,1329.0,1257.0,63.0,76.0,64.0,58.0,67.0,13.0,14.0,13.0,14.0,13.0,8.0,9.0,8.0,10.0,9.0,3.0,7.0,5.0,6.0,5.0,0.0,0.0,0.0,0.0,0.0,9.7,13.2,12.4,5.4,5.8,13.1,12.1,12.6,13.6,12.7,67.0,54.0,64.0,69.0,54.0,5.5,8.4,6.5,7.8,6.9,71.368133,29.378432,100.746565
2022-04-23,1004.7,1006.6,1007.9,1003.9,1002.3,2.0,0.0,0.0,5.0,1968.0,2305.0,2370.0,2017.0,2199.0,60.0,69.0,58.0,56.0,63.0,14.0,15.0,15.0,17.0,14.0,8.0,10.0,9.0,11.0,10.0,4.0,7.0,5.0,7.0,5.0,0.0,0.0,0.0,0.0,0.0,11.0,12.5,13.4,10.6,12.2,13.6,13.1,12.6,14.4,14.3,71.0,69.0,74.0,78.0,60.0,6.2,8.9,6.9,9.0,7.8,85.037447,37.775978,122.813425
2022-04-24,1006.3,1008.5,1008.1,1006.7,1005.7,1.0,1.0,3.0,1.0,2275.0,2433.0,2300.0,2432.0,2411.0,61.0,72.0,67.0,67.0,63.0,12.0,15.0,13.0,16.0,17.0,7.0,10.0,8.0,13.0,10.0,3.0,7.0,3.0,7.0,6.0,0.0,0.0,0.0,0.0,0.0,12.9,12.6,11.4,13.3,12.6,12.0,10.9,10.4,11.7,12.9,29.0,46.0,43.0,26.0,18.0,4.9,8.5,6.3,9.8,7.6,80.607399,38.486434,119.093833
2022-04-25,1013.0,1014.1,1013.8,1013.4,1012.9,8.0,6.0,8.0,7.0,482.0,660.0,595.0,623.0,1228.0,82.0,75.0,75.0,79.0,78.0,9.0,14.0,10.0,13.0,11.0,5.0,9.0,6.0,11.0,7.0,2.0,4.0,2.0,4.0,3.0,3.8,0.0,0.0,2.2,1.3,0.2,1.8,1.0,1.1,2.8,8.6,9.3,8.7,9.3,10.2,28.0,40.0,42.0,32.0,8.0,3.1,7.5,4.3,7.4,5.5,37.903021,26.076618,63.979639000000006
2022-04-26,1020.1,1020.9,1020.0,1021.0,1020.8,3.0,4.0,4.0,3.0,2157.0,2386.0,2054.0,2515.0,2421.0,69.0,73.0,73.0,72.0,71.0,11.0,10.0,9.0,15.0,11.0,6.0,6.0,5.0,11.0,8.0,1.0,3.0,1.0,6.0,2.0,0.0,0.0,0.0,0.1,0.8,9.7,12.0,10.9,13.3,11.7,9.2,9.2,8.2,9.3,9.6,360.0,352.0,350.0,12.0,355.0,3.9,4.5,3.3,8.5,5.8,40.245148,25.063445,65.308593
2022-04-27,1026.9,1027.3,1027.0,1027.4,1026.9,3.0,7.0,8.0,2.0,2029.0,1500.0,790.0,1455.0,1794.0,74.0,65.0,69.0,69.0,71.0,7.0,8.0,6.0,8.0,10.0,4.0,4.0,3.0,7.0,7.0,1.0,1.0,1.0,3.0,2.0,0.0,0.0,0.0,0.0,0.0,9.3,3.8,0.5,5.4,8.4,7.5,9.4,8.3,9.1,9.3,353.0,327.0,349.0,16.0,18.0,2.0,3.0,1.9,5.4,4.1,5.726552,5.296103,11.022655
2022-04-28,1030.7,1031.7,1031.5,1030.9,1030.2,5.0,8.0,7.0,4.0,2470.0,1250.0,1536.0,2358.0,2240.0,71.0,70.0,72.0,71.0,72.0,8.0,10.0,7.0,13.0,9.0,4.0,6.0,4.0,11.0,6.0,1.0,1.0,1.0,3.0,3.0,0.0,0.0,0.0,0.0,0.0,12.6,2.8,5.5,11.7,10.0,8.8,8.9,8.4,9.2,10.5,29.0,42.0,14.0,30.0,24.0,3.2,4.5,3.0,6.7,4.7,17.402979,10.425708,27.828687
2022-04-29,1029.8,1031.0,1030.5,1030.1,1029.3,8.0,8.0,8.0,6.0,1484.0,1130.0,998.0,1445.0,1886.0,72.0,73.0,77.0,72.0,75.0,10.0,10.0,8.0,13.0,12.0,5.0,7.0,5.0,11.0,8.0,2.0,3.0,1.0,5.0,3.0,0.0,0.0,0.0,0.0,0.0,5.6,3.2,2.0,4.4,6.5,8.8,8.6,7.1,9.0,10.0,29.0,39.0,9.0,30.0,10.0,4.0,5.0,2.9,8.1,5.5,29.889451,18.032254,47.921705
2022-04-30,1027.2,1027.4,1026.8,1028.0,1028.0,7.0,5.0,8.0,4.0,1022.0,1304.0,933.0,1964.0,1648.0,78.0,74.0,80.0,72.0,72.0,9.0,9.0,5.0,11.0,11.0,4.0,6.0,3.0,9.0,7.0,1.0,1.0,1.0,3.0,1.0,0.0,0.0,0.0,0.0,0.0,1.9,6.8,0.8,8.7,7.0,7.9,8.5,7.2,9.3,9.0,328.0,344.0,354.0,356.0,347.0,2.0,3.2,1.9,6.3,4.3,10.818383,10.241412,21.059795
2022-05-01,1023.6,1024.0,1024.1,1023.8,1023.7,6.0,5.0,5.0,6.0,1981.0,2023.0,1984.0,2023.0,1693.0,69.0,77.0,75.0,74.0,74.0,6.0,6.0,7.0,6.0,6.0,3.0,5.0,4.0,5.0,4.0,1.0,0.0,0.0,1.0,1.0,0.0,0.0,0.0,0.0,0.0,9.3,9.9,9.5,8.5,7.4,9.1,8.7,7.2,9.5,10.3,359.0,52.0,21.0,17.0,360.0,1.6,2.5,1.9,3.0,2.2,2.332692,0.61037,2.9430620000000003
2022-05-02,1020.3,1021.1,1020.7,1020.8,1020.4,1.0,2.0,2.0,3.0,2535.0,2462.0,2406.0,2551.0,2439.0,63.0,72.0,70.0,73.0,67.0,9.0,7.0,8.0,10.0,10.0,5.0,4.0,5.0,9.0,6.0,0.0,1.0,1.0,1.0,1.0,0.0,0.0,0.0,0.0,0.0,13.7,13.4,13.3,13.8,12.3,10.8,10.0,8.8,10.8,12.2,3.0,35.0,9.0,8.0,355.0,2.4,2.6,2.1,5.0,3.5,10.179194,4.976275,15.155469
2022-05-03,1019.9,1020.5,1020.0,1020.4,1020.3,8.0,8.0,8.0,7.0,1380.0,1170.0,1446.0,1377.0,1997.0,78.0,75.0,75.0,78.0,77.0,8.0,8.0,9.0,11.0,11.0,4.0,5.0,4.0,10.0,7.0,0.0,1.0,0.0,3.0,2.0,0.0,0.2,0.0,0.0,0.0,3.9,3.6,3.9,3.8,7.3,9.7,9.2,7.8,10.1,10.9,8.0,14.0,353.0,7.0,348.0,2.5,3.4,2.5,6.0,3.9,14.941873,9.808413,24.750286
2022-05-04,1019.4,1019.6,1019.6,1019.7,1019.7,8.0,8.0,8.0,6.0,2352.0,2216.0,2105.0,2329.0,1769.0,70.0,69.0,67.0,71.0,77.0,6.0,5.0,7.0,5.0,7.0,3.0,3.0,4.0,4.0,4.0,0.0,0.0,1.0,1.0,1.0,0.0,0.0,0.0,0.0,0.0,12.3,10.7,7.8,11.6,7.4,10.3,9.1,8.6,9.6,10.7,341.0,279.0,344.0,353.0,268.0,1.6,1.7,1.8,2.2,2.6,1.530691,0.626143,2.156834
2022-05-05,1022.6,1022.7,1022.7,1023.0,1023.1,6.0,7.0,8.0,6.0,1517.0,1902.0,1751.0,1961.0,2125.0,77.0,82.0,71.0,87.0,85.0,6.0,6.0,6.0,7.0,9.0,3.0,4.0,3.0,5.0,6.0,1.0,1.0,0.0,1.0,1.0,0.0,0.0,0.0,0.0,0.0,3.6,7.8,5.4,5.8,8.6,12.1,11.7,11.3,11.3,12.6,291.0,249.0,24.0,289.0,289.0,1.7,2.6,1.5,3.2,3.9,3.157889,2.064877,5.222766
2022-05-06,1024.8,1024.3,1024.2,1024.9,1025.2,7.0,7.0,6.0,4.0,1869.0,2337.0,1927.0,2502.0,2523.0,79.0,82.0,78.0,69.0,76.0,6.0,10.0,8.0,9.0,9.0,3.0,7.0,4.0,6.0,6.0,0.0,1.0,0.0,1.0,1.0,0.0,0.0,0.0,0.0,0.0,6.9,10.6,6.9,12.0,12.5,13.7,12.2,12.7,14.5,13.8,282.0,231.0,263.0,227.0,258.0,1.6,4.1,2.2,3.6,3.1,8.744886,3.682387,12.427273
2022-05-07,1024.2,1025.0,1024.6,1024.9,1024.8,6.0,6.0,8.0,7.0,2054.0,1701.0,1286.0,2271.0,1956.0,75.0,83.0,80.0,85.0,81.0,9.0,10.0,9.0,13.0,10.0,5.0,6.0,6.0,10.0,7.0,1.0,1.0,0.0,2.0,2.0,0.0,0.1,0.0,0.0,0.0,7.5,4.4,4.4,8.8,7.0,14.7,12.5,12.4,12.9,13.9,347.0,25.0,13.0,354.0,339.0,3.0,4.1,2.6,6.0,4.3,21.666044,10.604866,32.27091
2022-05-08,1028.2,1029.3,1029.0,1028.5,1027.8,3.0,4.0,5.0,1.0,2666.0,2530.0,2636.0,2698.0,2722.0,65.0,69.0,70.0,73.0,72.0,8.0,8.0,8.0,12.0,11.0,4.0,6.0,4.0,10.0,7.0,2.0,3.0,1.0,4.0,3.0,0.0,0.0,0.0,0.0,0.0,14.2,12.2,13.4,13.3,12.7,11.9,10.2,8.9,11.0,12.7,31.0,38.0,15.0,28.0,14.0,3.5,4.7,2.8,7.9,5.3,24.672492,17.85648,42.528972
2022-05-09,1024.3,1024.3,1024.6,1024.2,1024.0,4.0,5.0,5.0,3.0,2589.0,2548.0,2630.0,2510.0,2541.0,64.0,63.0,64.0,63.0,64.0,6.0,6.0,8.0,6.0,7.0,3.0,4.0,4.0,5.0,4.0,1.0,1.0,0.0,1.0,1.0,0.0,0.0,0.0,0.0,0.0,12.6,12.6,13.4,12.5,12.1,14.3,13.8,13.3,14.2,15.3,130.0,150.0,165.0,71.0,66.0,1.5,2.7,2.0,3.2,3.0,3.114401,2.0551,5.169501
2022-05-10,1015.8,1014.6,1015.0,1015.8,1016.1,8.0,8.0,7.0,8.0,1406.0,1186.0,1316.0,1335.0,1464.0,63.0,76.0,64.0,65.0,75.0,12.0,16.0,16.0,16.0,13.0,6.0,11.0,9.0,11.0,9.0,2.0,3.0,1.0,6.0,5.0,0.0,0.4,0.0,0.0,0.0,2.4,1.4,3.3,3.0,2.1,17.1,14.4,16.0,16.1,15.6,228.0,215.0,228.0,218.0,228.0,3.8,6.4,4.5,8.1,7.0,51.407934,30.58005,81.987984
2022-05-11,1010.8,1009.5,1009.3,1011.1,1011.6,6.0,7.0,8.0,6.0,2361.0,1517.0,1843.0,2035.0,2318.0,61.0,85.0,73.0,73.0,74.0,16.0,18.0,15.0,19.0,18.0,6.0,11.0,9.0,11.0,14.0,3.0,5.0,3.0,6.0,6.0,2.0,3.3,1.2,3.3,0.7,9.1,2.6,5.2,6.2,9.0,16.4,12.6,14.9,14.2,14.7,240.0,232.0,239.0,236.0,240.0,5.0,7.7,6.3,9.0,8.8,69.834391,36.162476,105.996867
2022-05-12,1017.6,1016.6,1016.3,1017.9,1018.4,2.0,3.0,3.0,3.0,2341.0,2725.0,2175.0,2728.0,2649.0,63.0,79.0,69.0,66.0,72.0,10.0,12.0,12.0,15.0,12.0,5.0,8.0,7.0,9.0,9.0,2.0,4.0,2.0,5.0,3.0,0.0,0.0,0.0,0.0,0.0,12.4,14.2,11.9,14.0,13.5,14.2,12.8,12.9,14.1,14.0,240.0,244.0,249.0,245.0,253.0,3.6,6.0,4.4,7.1,6.2,48.377126,21.843251,70.220377
2022-05-13,1019.2,1017.7,1017.4,1019.5,1020.2,6.0,7.0,8.0,4.0,1948.0,2376.0,1558.0,2675.0,2550.0,64.0,79.0,71.0,70.0,76.0,12.0,14.0,13.0,16.0,14.0,7.0,10.0,8.0,10.0,10.0,3.0,5.0,3.0,7.0,5.0,0.0,0.0,0.0,0.0,0.0,7.5,10.9,5.2,12.6,12.5,14.5,13.0,13.3,14.1,13.5,243.0,241.0,241.0,241.0,240.0,4.4,7.8,5.5,8.5,8.5,71.175824,37.775969,108.951793
2022-05-14,1021.2,1021.2,1021.0,1021.5,1021.4,3.0,2.0,6.0,1.0,2452.0,2727.0,2020.0,2738.0,2796.0,66.0,78.0,73.0,78.0,75.0,7.0,8.0,8.0,10.0,8.0,3.0,4.0,5.0,7.0,6.0,1.0,1.0,1.0,2.0,3.0,0.0,0.0,0.0,0.0,0.0,12.1,14.3,7.8,12.9,14.3,15.6,13.7,13.9,13.8,14.5,325.0,278.0,292.0,314.0,291.0,2.2,2.6,3.2,3.8,4.1,11.651709,6.083997,17.735706
2022-05-15,1018.0,1019.1,1020.2,1017.3,1016.3,4.0,5.0,4.0,6.0,2730.0,2600.0,2698.0,2678.0,2667.0,53.0,75.0,70.0,49.0,56.0,8.0,12.0,10.0,11.0,11.0,4.0,8.0,6.0,8.0,8.0,1.0,3.0,1.0,2.0,3.0,0.0,0.0,0.0,0.0,0.0,14.4,12.9,14.3,14.0,13.6,18.3,16.1,14.5,19.6,19.2,88.0,66.0,60.0,99.0,79.0,3.2,5.7,3.5,5.5,5.1,24.805277,12.154765,36.960042
2022-05-16,1015.8,1015.2,1015.8,1015.7,1016.0,5.0,6.0,8.0,5.0,1499.0,1883.0,1561.0,1696.0,2053.0,70.0,78.0,69.0,70.0,78.0,13.0,14.0,11.0,18.0,15.0,6.0,10.0,7.0,12.0,12.0,2.0,4.0,3.0,5.0,2.0,1.1,0.0,0.2,0.4,0.8,5.5,6.9,4.6,6.8,8.4,17.8,16.0,17.3,17.4,17.1,213.0,201.0,172.0,209.0,232.0,3.5,6.0,4.4,7.7,6.9,43.089866,25.642501,68.732367
2022-05-17,1019.3,1019.2,1019.7,1019.1,1018.8,7.0,7.0,7.0,6.0,1889.0,2171.0,2434.0,1907.0,2431.0,73.0,76.0,68.0,78.0,71.0,8.0,8.0,6.0,9.0,7.0,4.0,5.0,4.0,7.0,6.0,1.0,2.0,1.0,1.0,2.0,0.0,0.0,0.0,0.3,0.0,5.8,7.4,10.2,6.4,9.9,18.5,17.5,18.6,16.9,19.2,123.0,111.0,243.0,318.0,50.0,2.3,3.6,2.6,3.7,3.5,8.90672,5.729808,14.636528
2022-05-18,1019.9,1019.9,1020.0,1020.1,1020.0,8.0,7.0,7.0,7.0,2257.0,2480.0,2206.0,2508.0,2439.0,75.0,75.0,73.0,74.0,74.0,6.0,8.0,8.0,10.0,14.0,3.0,5.0,5.0,7.0,7.0,1.0,1.0,1.0,3.0,2.0,0.0,0.0,0.0,0.0,0.0,9.6,13.0,10.9,11.5,10.5,19.2,17.3,19.1,17.1,18.3,287.0,344.0,271.0,273.0,248.0,2.2,3.2,2.8,4.4,4.6,9.340508,8.311919,17.652427
2022-05-19,1018.7,1018.1,1018.2,1018.8,1018.8,6.0,7.0,8.0,7.0,1206.0,939.0,1335.0,1357.0,1715.0,87.0,90.0,85.0,81.0,85.0,16.0,12.0,12.0,18.0,14.0,5.0,6.0,6.0,8.0,8.0,0.0,2.0,1.0,1.0,1.0,22.6,9.7,10.1,1.5,6.1,4.9,2.9,5.4,4.9,7.4,16.9,15.6,17.1,16.7,17.0,264.0,231.0,275.0,236.0,257.0,2.2,3.5,3.3,4.0,4.3,18.488233,9.802059,28.290292
2022-05-20,1018.0,1017.6,1017.5,1018.3,1018.5,7.0,7.0,7.0,6.0,1131.0,1037.0,1408.0,880.0,847.0,87.0,87.0,85.0,85.0,87.0,14.0,12.0,11.0,16.0,17.0,5.0,8.0,5.0,10.0,11.0,0.0,0.0,1.0,2.0,1.0,19.0,14.9,15.7,11.9,13.6,4.3,4.1,4.3,3.2,3.5,13.3,13.0,13.0,13.6,14.1,233.0,214.0,258.0,235.0,236.0,2.8,3.5,3.0,6.3,5.8,21.786275,11.513299,33.299574
2022-05-21,1020.2,1019.3,1018.6,1020.6,1021.0,6.0,5.0,7.0,6.0,1767.0,2285.0,1813.0,2402.0,2337.0,76.0,84.0,77.0,79.0,76.0,9.0,14.0,12.0,15.0,15.0,5.0,9.0,7.0,10.0,11.0,0.0,1.0,1.0,1.0,1.0,0.0,0.0,0.4,0.0,0.0,7.5,10.3,7.1,11.3,9.4,14.0,12.9,13.2,13.6,14.4,264.0,261.0,260.0,264.0,256.0,3.0,6.1,4.9,6.1,5.9,55.376747,27.283621,82.660368
2022-05-22,1014.5,1014.3,1015.3,1014.1,1013.8,6.0,6.0,7.0,5.0,2649.0,2540.0,2179.0,2662.0,2686.0,67.0,72.0,70.0,70.0,64.0,7.0,7.0,8.0,7.0,5.0,3.0,4.0,4.0,6.0,4.0,0.0,2.0,0.0,1.0,1.0,0.0,0.0,0.0,0.0,0.0,13.5,13.2,9.5,13.4,11.8,15.6,15.4,14.1,15.3,17.4,133.0,167.0,123.0,59.0,101.0,2.2,3.0,2.0,3.6,2.5,3.902694,2.736332,6.639025999999999
2022-05-23,1001.2,1001.1,1001.1,1001.6,1001.6,8.0,8.0,8.0,8.0,962.0,1061.0,1612.0,668.0,597.0,83.0,82.0,72.0,83.0,85.0,10.0,11.0,11.0,13.0,15.0,5.0,6.0,5.0,9.0,11.0,1.0,1.0,2.0,1.0,1.0,20.0,7.1,5.7,6.9,6.6,0.9,1.7,4.1,0.2,0.2,15.8,14.9,17.1,14.9,15.4,210.0,260.0,136.0,302.0,278.0,2.5,3.8,3.6,4.8,4.7,20.383396,14.097671,34.481067
2022-05-24,1005.8,1004.5,1004.5,1006.0,1006.6,6.0,5.0,5.0,4.0,1598.0,2262.0,1371.0,2230.0,1938.0,78.0,83.0,84.0,76.0,80.0,12.0,14.0,13.0,14.0,15.0,6.0,10.0,7.0,9.0,12.0,2.0,2.0,2.0,5.0,5.0,1.4,0.5,2.6,1.8,4.8,6.2,9.3,4.9,9.2,8.3,13.3,12.8,12.4,13.7,13.4,231.0,243.0,226.0,242.0,231.0,4.0,6.1,4.8,7.4,8.4,62.017935,29.880869,91.898804
2022-05-25,1014.2,1012.4,1012.7,1014.1,1014.9,6.0,6.0,6.0,7.0,1666.0,1792.0,1822.0,1966.0,1465.0,78.0,83.0,79.0,76.0,80.0,14.0,19.0,17.0,20.0,18.0,7.0,12.0,10.0,13.0,13.0,2.0,3.0,2.0,5.0,6.0,0.3,1.2,2.1,0.0,0.0,6.4,5.5,7.1,6.5,5.7,13.7,13.4,13.2,14.4,14.0,224.0,227.0,223.0,229.0,223.0,4.8,7.8,6.1,9.9,9.8,67.459878,35.441931,102.901809
2022-05-26,1019.4,1017.9,1017.1,1020.0,1020.9,7.0,6.0,7.0,6.0,2013.0,2067.0,1699.0,2236.0,2513.0,73.0,84.0,78.0,78.0,80.0,14.0,16.0,13.0,19.0,16.0,7.0,10.0,8.0,13.0,13.0,3.0,4.0,3.0,7.0,8.0,0.3,5.1,2.7,0.0,0.0,6.4,6.8,6.1,9.4,10.7,16.1,14.3,15.1,15.3,15.4,240.0,246.0,250.0,241.0,241.0,5.2,7.6,5.8,9.3,9.9,78.0358,41.048685,119.084485
2022-05-27,1021.5,1020.4,1018.7,1022.4,1023.1,5.0,5.0,6.0,3.0,2319.0,2627.0,1948.0,2645.0,2820.0,67.0,70.0,70.0,68.0,68.0,13.0,15.0,15.0,14.0,15.0,6.0,9.0,8.0,10.0,12.0,2.0,4.0,3.0,5.0,2.0,0.3,0.0,0.2,0.0,0.0,10.0,13.1,9.6,11.4,12.8,13.8,13.1,12.6,14.2,14.8,285.0,288.0,277.0,290.0,270.0,4.2,7.4,5.6,8.2,6.3,78.997677,35.89948,114.897157
2022-05-28,1021.2,1021.1,1019.1,1022.3,1022.8,3.0,5.0,7.0,3.0,2257.0,2490.0,1902.0,2643.0,2746.0,70.0,67.0,74.0,65.0,65.0,12.0,12.0,14.0,14.0,12.0,5.0,7.0,8.0,11.0,7.0,1.0,4.0,3.0,8.0,3.0,0.2,0.0,1.6,0.0,0.0,10.6,11.8,7.2,13.2,13.8,11.9,12.0,11.3,12.9,13.0,315.0,322.0,304.0,337.0,335.0,3.5,6.3,5.7,9.0,5.4,65.979961,33.251487,99.231448
2022-05-29,1015.6,1015.7,1014.3,1016.4,1016.8,7.0,7.0,8.0,7.0,1416.0,1354.0,882.0,2004.0,1647.0,79.0,72.0,78.0,70.0,71.0,10.0,11.0,12.0,15.0,11.0,5.0,6.0,6.0,10.0,7.0,0.0,1.0,1.0,5.0,3.0,0.5,1.5,0.6,1.9,2.4,3.6,2.6,0.4,7.0,6.6,10.4,10.8,9.8,11.5,11.6,341.0,342.0,318.0,349.0,345.0,2.8,4.3,4.0,8.3,4.6,34.714684,27.10022,61.814904
2022-05-30,1014.0,1013.8,1013.9,1014.1,1014.0,6.0,5.0,7.0,7.0,1529.0,2678.0,1211.0,2812.0,2265.0,75.0,68.0,86.0,61.0,62.0,6.0,9.0,7.0,8.0,7.0,3.0,4.0,3.0,5.0,4.0,0.0,1.0,1.0,2.0,1.0,0.0,0.0,2.3,0.0,0.0,4.7,13.3,3.8,13.4,9.2,10.4,11.3,8.9,11.9,12.3,10.0,282.0,279.0,338.0,339.0,1.4,2.4,1.6,3.5,2.5,2.223429,2.082544,4.305973
2022-05-31,1013.2,1013.0,1013.6,1013.0,1013.0,8.0,8.0,8.0,7.0,1568.0,1566.0,1372.0,1840.0,1970.0,78.0,68.0,76.0,68.0,64.0,7.0,8.0,7.0,9.0,12.0,4.0,5.0,3.0,5.0,8.0,1.0,1.0,1.0,1.0,1.0,3.6,0.0,0.0,3.3,1.2,5.0,4.3,2.8,6.5,6.2,11.9,12.9,11.5,13.1,14.1,123.0,138.0,95.0,166.0,236.0,2.0,2.8,1.8,3.2,4.3,3.734522,3.144933,6.879455
2022-06-01,1015.7,1015.3,1014.9,1016.3,1016.8,4.0,3.0,6.0,4.0,2286.0,2607.0,1480.0,2404.0,2560.0,75.0,75.0,86.0,74.0,73.0,11.0,10.0,8.0,11.0,10.0,6.0,6.0,4.0,9.0,7.0,2.0,1.0,1.0,3.0,2.0,1.0,1.8,2.8,0.6,0.1,11.0,12.0,3.4,13.0,10.1,12.6,12.5,10.7,12.9,13.3,275.0,297.0,269.0,289.0,266.0,3.4,3.3,2.1,6.3,4.8,19.255305,9.201617,28.456922
2022-06-02,1021.1,1021.6,1021.4,1021.2,1020.6,3.0,3.0,3.0,3.0,2699.0,2933.0,2648.0,2897.0,2977.0,68.0,72.0,73.0,70.0,67.0,7.0,8.0,8.0,11.0,10.0,4.0,6.0,4.0,10.0,7.0,0.0,1.0,2.0,2.0,1.0,0.0,0.0,0.0,0.0,0.0,13.5,14.7,13.5,14.8,14.0,13.7,13.3,12.3,13.9,15.0,22.0,11.0,317.0,21.0,33.0,2.1,3.3,2.8,5.5,3.9,7.126948,7.627687,14.754635
2022-06-03,1018.7,1020.6,1021.0,1018.4,1017.4,6.0,4.0,3.0,5.0,2862.0,3009.0,2955.0,2732.0,2486.0,59.0,71.0,72.0,55.0,56.0,11.0,14.0,12.0,12.0,12.0,6.0,9.0,7.0,9.0,8.0,2.0,4.0,2.0,4.0,4.0,0.0,0.0,0.0,0.0,0.0,12.5,15.1,15.2,13.9,10.2,17.3,15.3,14.2,18.2,18.6,52.0,57.0,48.0,57.0,52.0,4.1,6.9,4.5,6.5,5.7,44.461683,16.246437,60.70812
2022-06-04,1020.2,1022.4,1022.6,1020.0,1018.8,6.0,6.0,4.0,6.0,2144.0,2516.0,2973.0,1723.0,2489.0,68.0,78.0,77.0,64.0,66.0,10.0,13.0,10.0,12.0,13.0,6.0,10.0,6.0,10.0,9.0,4.0,7.0,4.0,7.0,5.0,0.0,0.0,0.0,0.0,6.5,8.6,10.5,14.7,7.3,8.9,16.8,13.8,13.7,17.0,17.9,38.0,48.0,38.0,43.0,39.0,4.8,8.2,4.9,8.2,7.6,65.019875,29.909575,94.92945
2022-06-05,1013.5,1014.4,1014.4,1014.1,1013.9,8.0,8.0,8.0,8.0,766.0,707.0,1503.0,698.0,590.0,85.0,89.0,79.0,91.0,89.0,10.0,13.0,10.0,12.0,14.0,5.0,10.0,6.0,9.0,10.0,1.0,1.0,2.0,3.0,1.0,25.9,19.6,7.5,17.6,20.9,0.3,0.0,3.2,0.3,0.0,16.4,15.3,17.0,14.4,15.9,7.0,50.0,67.0,354.0,292.0,3.2,5.7,4.5,6.5,5.4,41.538593,20.809414,62.348007
2022-06-06,1013.0,1010.8,1010.4,1013.3,1014.2,8.0,8.0,7.0,7.0,1099.0,518.0,1127.0,1129.0,882.0,88.0,88.0,87.0,85.0,88.0,15.0,15.0,17.0,17.0,19.0,7.0,10.0,10.0,11.0,12.0,3.0,5.0,3.0,6.0,4.0,11.4,18.9,19.2,2.9,10.9,3.5,0.0,2.4,3.5,4.1,13.9,12.8,13.8,13.8,14.1,228.0,251.0,224.0,250.0,230.0,4.5,8.3,6.7,8.7,8.8,80.270078,38.34019,118.610268
2022-06-07,1011.9,1010.8,1010.4,1012.2,1012.5,7.0,6.0,7.0,6.0,1768.0,1495.0,1038.0,2312.0,2333.0,76.0,84.0,83.0,77.0,83.0,9.0,16.0,14.0,11.0,9.0,5.0,11.0,7.0,8.0,7.0,1.0,2.0,1.0,2.0,3.0,0.0,0.1,0.4,0.0,0.9,6.0,5.1,1.1,8.5,6.9,15.5,12.7,12.7,15.4,15.7,252.0,257.0,236.0,258.0,237.0,3.2,6.2,5.3,5.3,5.5,52.660757,20.821513,73.48227
2022-06-08,1006.7,1005.7,1006.4,1006.5,1006.8,8.0,8.0,7.0,7.0,951.0,916.0,1175.0,833.0,1050.0,87.0,88.0,89.0,85.0,87.0,10.0,10.0,9.0,13.0,17.0,6.0,6.0,5.0,9.0,13.0,2.0,2.0,1.0,4.0,4.0,9.6,3.3,17.3,8.9,9.2,2.0,1.5,2.9,2.6,3.9,15.6,14.8,14.8,15.7,15.9,203.0,218.0,201.0,209.0,213.0,3.1,4.3,2.8,6.9,7.9,23.143681,18.486049,41.62973
2022-06-09,1015.1,1014.2,1013.8,1015.5,1016.0,3.0,0.0,4.0,5.0,2497.0,3059.0,2547.0,2793.0,2709.0,68.0,80.0,76.0,74.0,75.0,10.0,11.0,12.0,13.0,13.0,5.0,7.0,7.0,9.0,10.0,2.0,4.0,1.0,4.0,4.0,1.1,0.0,0.0,3.2,0.0,12.7,15.3,12.0,12.1,10.4,16.4,15.1,15.7,16.3,16.5,265.0,259.0,258.0,248.0,247.0,3.2,5.5,4.0,6.3,6.5,33.945173,18.150576,52.095749
2022-06-10,1020.3,1019.2,1020.0,1020.2,1020.5,6.0,4.0,6.0,6.0,1565.0,2068.0,1403.0,2378.0,1291.0,75.0,84.0,79.0,74.0,81.0,10.0,14.0,11.0,14.0,11.0,5.0,9.0,6.0,9.0,7.0,2.0,4.0,1.0,5.0,4.0,0.0,0.1,0.0,0.3,0.0,3.8,7.6,4.9,9.0,3.9,17.7,16.1,16.4,17.8,17.2,213.0,221.0,216.0,219.0,223.0,3.4,6.5,3.8,7.1,5.8,36.800744,22.242192,59.042936
2022-06-11,1022.1,1021.1,1021.2,1022.3,1022.6,2.0,1.0,3.0,4.0,2887.0,3073.0,2652.0,2961.0,2994.0,61.0,78.0,71.0,67.0,73.0,10.0,11.0,10.0,13.0,11.0,5.0,8.0,6.0,9.0,8.0,2.0,3.0,1.0,5.0,5.0,0.0,0.0,0.0,0.0,0.0,14.3,14.4,14.3,15.2,13.4,17.9,16.0,16.5,17.3,17.0,236.0,233.0,241.0,240.0,246.0,3.3,6.3,4.0,7.1,6.6,37.769355,25.529138,63.29849299999999
2022-06-12,1022.0,1021.4,1020.9,1022.4,1022.8,4.0,5.0,4.0,5.0,2751.0,2929.0,2558.0,2925.0,3065.0,69.0,78.0,71.0,72.0,73.0,10.0,10.0,12.0,10.0,11.0,5.0,7.0,7.0,7.0,8.0,1.0,2.0,2.0,4.0,3.0,0.0,0.0,0.0,0.0,0.0,13.4,13.0,13.3,14.4,15.2,16.0,15.4,15.4,16.4,16.7,261.0,256.0,251.0,266.0,255.0,2.8,4.5,3.7,5.8,5.7,28.500739,15.682926,44.183665
2022-06-13,1023.0,1022.7,1021.7,1023.8,1024.1,5.0,5.0,7.0,4.0,2371.0,2835.0,1966.0,2946.0,2800.0,68.0,71.0,75.0,66.0,62.0,13.0,11.0,11.0,12.0,10.0,5.0,7.0,7.0,10.0,7.0,1.0,1.0,1.0,3.0,2.0,0.0,0.0,2.1,0.0,0.0,10.7,13.3,8.5,14.2,14.6,14.4,13.9,13.3,14.7,15.6,300.0,290.0,288.0,309.0,317.0,2.8,5.0,4.1,6.0,4.1,38.036949,16.144413,54.181362
2022-06-14,1022.3,1022.5,1022.6,1022.4,1022.0,3.0,5.0,8.0,1.0,2605.0,2656.0,1830.0,2744.0,3089.0,65.0,68.0,72.0,64.0,63.0,7.0,8.0,6.0,9.0,9.0,4.0,6.0,4.0,7.0,6.0,0.0,2.0,1.0,2.0,1.0,0.0,0.0,0.0,0.0,0.0,12.3,11.8,5.9,12.0,15.3,15.2,15.2,13.8,15.7,16.7,35.0,266.0,350.0,12.0,64.0,1.9,3.4,1.9,4.1,3.3,4.15968,3.493131,7.652811
2022-06-15,1019.3,1020.3,1020.5,1019.4,1018.9,4.0,6.0,6.0,3.0,3006.0,2940.0,2459.0,3005.0,2988.0,61.0,65.0,66.0,68.0,62.0,8.0,9.0,8.0,11.0,8.0,4.0,5.0,5.0,9.0,5.0,1.0,2.0,1.0,2.0,3.0,0.0,0.0,0.0,0.0,0.0,15.0,14.2,9.6,14.9,14.1,17.8,17.3,15.6,17.7,19.1,35.0,60.0,42.0,33.0,31.0,2.7,3.8,2.6,5.9,3.8,11.642401,5.68749,17.329891
2022-06-16,1022.8,1023.0,1023.0,1022.9,1022.6,4.0,4.0,5.0,4.0,2881.0,2863.0,2853.0,2774.0,2793.0,62.0,64.0,66.0,62.0,63.0,7.0,6.0,7.0,5.0,6.0,3.0,4.0,4.0,4.0,5.0,1.0,1.0,0.0,1.0,1.0,0.0,0.0,0.0,0.0,0.0,14.3,13.5,13.0,12.3,13.3,17.8,18.0,16.7,18.3,19.8,41.0,115.0,342.0,42.0,83.0,1.8,2.2,1.8,2.8,2.8,2.913407,0.999874,3.913281
2022-06-17,1021.1,1020.2,1021.1,1020.8,1020.9,5.0,6.0,7.0,3.0,2710.0,2638.0,1913.0,2715.0,2775.0,58.0,55.0,60.0,49.0,61.0,10.0,14.0,9.0,13.0,10.0,5.0,9.0,5.0,10.0,7.0,1.0,2.0,1.0,3.0,3.0,0.0,0.0,0.0,0.0,0.0,12.0,10.6,5.4,12.8,12.6,22.1,22.0,20.4,23.7,22.6,193.0,208.0,189.0,196.0,210.0,3.0,6.1,3.0,5.8,4.4,22.046415,16.264005,38.31042
2022-06-18,1015.5,1016.8,1016.2,1016.1,1015.3,3.0,5.0,4.0,3.0,2629.0,2237.0,2332.0,2472.0,2596.0,65.0,73.0,71.0,76.0,72.0,11.0,11.0,8.0,18.0,18.0,6.0,8.0,5.0,15.0,12.0,1.0,2.0,2.0,2.0,1.0,0.0,0.0,0.0,0.0,0.0,12.5,9.1,9.9,11.0,12.0,21.2,16.9,18.1,17.9,20.3,5.0,9.0,337.0,11.0,338.0,3.5,4.3,3.5,8.7,6.1,25.954013,18.886611,44.840624
2022-06-19,1013.1,1013.7,1013.1,1013.8,1013.3,8.0,8.0,8.0,8.0,976.0,1712.0,983.0,1333.0,808.0,73.0,75.0,76.0,74.0,77.0,13.0,11.0,9.0,19.0,20.0,7.0,6.0,5.0,15.0,11.0,2.0,3.0,2.0,6.0,4.0,1.8,5.8,3.7,1.4,4.9,2.3,3.6,0.9,3.3,0.7,14.8,14.0,13.8,14.5,14.6,2.0,345.0,345.0,8.0,3.0,3.7,4.0,3.5,8.7,6.4,37.727515,22.666303,60.393818
2022-06-20,1016.7,1016.9,1015.8,1017.6,1017.5,5.0,3.0,4.0,5.0,2321.0,2901.0,2525.0,2837.0,2582.0,69.0,72.0,74.0,69.0,69.0,8.0,11.0,12.0,13.0,11.0,4.0,7.0,8.0,10.0,7.0,1.0,1.0,1.0,3.0,3.0,0.0,0.0,0.0,0.0,0.0,10.7,14.8,12.6,12.9,11.6,15.0,14.5,14.0,15.2,15.5,336.0,329.0,305.0,354.0,357.0,2.8,4.2,4.4,6.7,4.9,36.522148,19.296076,55.818224
2022-06-21,1015.2,1015.6,1015.5,1015.4,1015.0,6.0,5.0,6.0,7.0,2468.0,2953.0,2757.0,2682.0,2345.0,68.0,77.0,75.0,75.0,72.0,6.0,6.0,7.0,9.0,7.0,3.0,4.0,4.0,8.0,5.0,1.0,1.0,0.0,2.0,3.0,0.0,0.0,0.0,0.0,0.0,10.7,14.1,12.3,12.2,9.2,15.7,14.3,14.4,15.4,16.7,49.0,290.0,330.0,36.0,59.0,1.7,2.0,1.9,4.7,3.8,3.435266,1.507135,4.942401
2022-06-22,1013.3,1014.3,1014.3,1013.6,1012.9,0.0,0.0,2.0,0.0,3094.0,3106.0,3011.0,3089.0,3113.0,63.0,76.0,74.0,75.0,67.0,8.0,9.0,9.0,12.0,10.0,5.0,6.0,5.0,10.0,7.0,1.0,1.0,1.0,2.0,3.0,0.0,0.0,0.0,0.0,0.0,15.5,15.7,15.5,15.5,15.3,18.6,16.4,15.6,17.2,19.0,36.0,47.0,32.0,21.0,13.0,2.8,3.6,2.5,6.2,5.0,13.887245,6.71139,20.598635
2022-06-23,1010.0,1010.5,1011.1,1010.0,1009.6,4.0,3.0,1.0,5.0,2760.0,2816.0,2917.0,2464.0,2696.0,65.0,73.0,57.0,68.0,70.0,9.0,8.0,9.0,9.0,11.0,5.0,5.0,4.0,6.0,7.0,2.0,1.0,2.0,2.0,3.0,0.0,0.0,0.0,0.0,0.0,14.2,14.8,15.0,12.8,13.0,22.8,21.3,22.3,21.8,21.6,124.0,62.0,95.0,89.0,149.0,2.9,3.6,3.0,3.3,4.9,13.854917,7.730417,21.585334
2022-06-24,1006.7,1006.2,1006.3,1006.7,1006.8,7.0,7.0,7.0,7.0,1444.0,1704.0,989.0,2193.0,1594.0,87.0,83.0,84.0,77.0,84.0,14.0,10.0,8.0,11.0,9.0,5.0,7.0,4.0,7.0,7.0,1.0,1.0,1.0,1.0,1.0,20.1,17.5,10.9,5.8,6.0,3.5,5.7,3.1,7.9,5.7,19.0,18.6,19.0,19.7,19.2,220.0,223.0,204.0,218.0,201.0,2.1,3.9,1.8,4.4,3.8,9.084767,5.494761,14.579528
2022-06-25,1010.9,1010.6,1011.0,1010.8,1010.8,7.0,7.0,6.0,8.0,1548.0,1886.0,2029.0,1450.0,1224.0,82.0,80.0,80.0,80.0,79.0,13.0,10.0,8.0,11.0,10.0,4.0,6.0,5.0,7.0,7.0,1.0,1.0,2.0,2.0,1.0,5.2,9.9,0.0,5.6,1.6,4.7,6.2,10.2,2.6,2.2,18.4,17.7,19.7,17.5,17.5,203.0,214.0,173.0,215.0,187.0,2.3,3.8,3.2,4.4,5.0,14.354742,8.361021,22.715763
2022-06-26,1015.0,1014.5,1014.9,1014.7,1014.6,7.0,7.0,8.0,7.0,1736.0,2521.0,1359.0,1962.0,2187.0,78.0,76.0,78.0,72.0,73.0,7.0,9.0,10.0,9.0,9.0,4.0,6.0,5.0,6.0,7.0,0.0,1.0,1.0,2.0,2.0,0.0,2.1,1.9,0.0,0.0,4.7,10.3,1.8,7.5,9.1,17.5,17.5,18.5,17.6,17.7,174.0,246.0,219.0,197.0,192.0,2.5,3.1,2.7,4.5,4.4,10.80151,5.09934,15.90085
2022-06-27,1017.2,1016.6,1016.9,1017.2,1017.3,6.0,6.0,7.0,6.0,946.0,890.0,710.0,1308.0,1610.0,84.0,81.0,89.0,77.0,75.0,8.0,9.0,12.0,13.0,13.0,3.0,5.0,4.0,8.0,9.0,0.0,1.0,1.0,1.0,1.0,6.3,5.5,6.4,4.4,7.8,3.8,3.4,0.1,5.8,6.9,16.2,16.8,16.0,16.9,17.5,220.0,212.0,192.0,238.0,240.0,1.6,2.6,1.7,4.0,5.1,5.128434,5.720888,10.849322
2022-06-28,1019.6,1019.4,1020.1,1019.2,1019.0,1.0,1.0,1.0,1.0,2815.0,3006.0,2587.0,2766.0,2813.0,67.0,66.0,68.0,66.0,67.0,8.0,10.0,7.0,10.0,9.0,4.0,6.0,4.0,7.0,7.0,1.0,2.0,2.0,3.0,1.0,0.0,0.4,0.0,0.0,0.0,14.4,15.3,13.4,14.9,14.4,17.6,18.1,17.1,18.5,18.8,179.0,218.0,201.0,176.0,181.0,2.4,4.2,2.8,4.8,4.5,10.810836,7.344287,18.155123
2022-06-29,1013.4,1013.6,1014.4,1013.3,1013.2,4.0,4.0,5.0,4.0,2330.0,2649.0,2785.0,2860.0,2874.0,65.0,70.0,61.0,66.0,69.0,8.0,10.0,8.0,9.0,10.0,4.0,6.0,4.0,7.0,7.0,1.0,1.0,1.0,4.0,1.0,0.0,0.0,0.0,0.0,0.0,11.1,13.2,11.5,14.6,12.8,20.6,20.0,21.5,19.8,20.1,109.0,118.0,119.0,18.0,322.0,2.5,3.5,2.8,5.1,3.2,13.963351,7.742798,21.706149
2022-06-30,1012.2,1012.0,1011.2,1012.9,1013.2,6.0,6.0,5.0,6.0,2071.0,2213.0,2346.0,1475.0,705.0,79.0,82.0,72.0,82.0,85.0,12.0,11.0,14.0,12.0,10.0,5.0,7.0,7.0,9.0,7.0,1.0,1.0,1.0,3.0,2.0,9.5,7.7,9.3,9.6,13.5,7.6,8.3,11.1,5.5,2.7,17.8,17.4,20.6,16.3,15.8,280.0,278.0,314.0,270.0,222.0,2.9,3.9,4.0,5.0,4.5,20.995281,9.770788,30.766069
2022-07-01,1017.9,1016.6,1016.8,1017.7,1018.2,4.0,3.0,5.0,2.0,2569.0,2685.0,2059.0,2282.0,1761.0,73.0,73.0,76.0,71.0,77.0,12.0,14.0,12.0,14.0,14.0,7.0,9.0,7.0,9.0,9.0,1.0,3.0,1.0,6.0,3.0,0.0,0.0,0.0,1.7,0.5,10.7,12.7,7.5,10.2,10.2,16.2,16.7,16.4,16.5,16.1,219.0,231.0,227.0,228.0,218.0,3.9,6.6,4.7,7.1,6.8,45.74185,23.380555,69.122405
2022-07-02,1020.0,1019.3,1020.0,1019.8,1019.9,4.0,7.0,5.0,5.0,2399.0,2663.0,2297.0,2354.0,2738.0,64.0,67.0,67.0,62.0,64.0,8.0,11.0,12.0,11.0,9.0,4.0,8.0,7.0,7.0,7.0,1.0,2.0,1.0,2.0,3.0,0.0,0.0,0.0,0.0,0.0,10.6,11.5,8.8,10.9,12.7,18.1,17.8,17.8,18.5,18.5,199.0,215.0,211.0,211.0,216.0,2.8,4.9,3.5,5.1,5.2,23.543925,14.667154,38.211079
2022-07-03,1018.7,1018.2,1017.7,1019.0,1019.4,5.0,4.0,4.0,3.0,2021.0,2492.0,1884.0,2196.0,2870.0,76.0,78.0,78.0,74.0,73.0,10.0,10.0,14.0,11.0,12.0,4.0,6.0,5.0,8.0,9.0,0.0,2.0,1.0,3.0,4.0,0.6,0.0,3.8,0.0,0.0,10.1,10.5,7.4,9.7,13.5,16.7,16.6,16.4,17.5,17.4,267.0,258.0,268.0,258.0,247.0,2.5,3.8,2.6,5.4,6.3,17.983506,10.422732,28.406238
2022-07-04,1020.3,1019.8,1019.4,1020.6,1020.8,3.0,4.0,3.0,2.0,2376.0,2897.0,2232.0,2809.0,2983.0,72.0,71.0,75.0,70.0,72.0,9.0,11.0,11.0,8.0,9.0,4.0,7.0,7.0,5.0,6.0,0.0,2.0,2.0,2.0,2.0,0.0,0.0,0.0,0.0,0.0,12.1,13.7,11.8,12.4,14.5,16.5,16.8,15.4,18.1,18.0,266.0,259.0,249.0,285.0,250.0,2.4,4.7,3.9,4.3,4.5,26.163387,8.315301,34.478688
2022-07-05,1023.4,1023.0,1022.3,1024.0,1024.2,5.0,5.0,5.0,3.0,2100.0,2400.0,2235.0,2827.0,2893.0,68.0,68.0,71.0,66.0,67.0,11.0,10.0,12.0,10.0,11.0,5.0,6.0,7.0,8.0,6.0,0.0,3.0,2.0,1.0,2.0,0.0,0.0,0.0,0.0,0.0,7.8,11.8,10.5,12.5,13.0,15.7,16.1,15.1,16.6,17.5,289.0,286.0,271.0,318.0,291.0,2.5,4.7,4.1,4.8,3.7,28.087615,9.571826,37.659441
2022-07-06,1024.3,1023.4,1022.7,1024.7,1025.2,7.0,7.0,8.0,6.0,2039.0,1818.0,1586.0,2058.0,2417.0,68.0,72.0,79.0,64.0,72.0,8.0,13.0,11.0,12.0,13.0,4.0,9.0,6.0,8.0,9.0,1.0,3.0,2.0,2.0,1.0,0.0,0.3,1.8,0.0,0.0,6.0,7.5,4.5,5.9,8.0,16.8,16.6,15.5,18.0,18.3,262.0,258.0,251.0,269.0,241.0,2.7,6.0,4.1,5.6,4.6,26.744772,15.663575,42.408347
2022-07-07,1024.9,1024.8,1022.7,1026.3,1027.0,8.0,8.0,8.0,7.0,1422.0,1451.0,1218.0,1373.0,1422.0,74.0,73.0,78.0,72.0,71.0,11.0,14.0,15.0,20.0,17.0,6.0,8.0,8.0,13.0,10.0,2.0,3.0,3.0,6.0,2.0,0.6,0.3,2.6,0.6,0.1,2.9,2.4,2.2,2.0,2.3,16.4,15.8,15.6,16.4,16.8,324.0,324.0,312.0,334.0,318.0,4.1,6.2,5.7,10.5,6.8,75.797442,41.644538,117.44198
2022-07-08,1030.5,1030.1,1029.2,1031.1,1031.3,5.0,6.0,8.0,2.0,2708.0,2621.0,1863.0,2850.0,2975.0,72.0,81.0,79.0,76.0,70.0,9.0,9.0,9.0,9.0,8.0,4.0,7.0,5.0,7.0,5.0,1.0,3.0,2.0,2.0,1.0,0.0,0.0,0.0,0.0,0.0,12.0,11.6,7.1,14.0,14.7,17.9,17.2,17.2,17.8,18.4,285.0,273.0,285.0,295.0,279.0,2.3,4.4,3.5,4.3,3.1,17.951718,6.80866,24.760378
2022-07-09,1027.7,1027.9,1026.6,1028.6,1028.9,7.0,7.0,7.0,5.0,2047.0,2228.0,1799.0,2377.0,2218.0,73.0,72.0,78.0,72.0,74.0,12.0,12.0,11.0,13.0,13.0,6.0,7.0,6.0,11.0,8.0,0.0,2.0,2.0,2.0,2.0,0.0,0.0,0.3,0.0,0.0,7.5,7.5,3.6,9.2,9.9,17.1,17.0,16.2,17.7,18.1,334.0,330.0,312.0,346.0,328.0,3.2,4.6,4.2,6.9,5.4,39.435063,23.426218,62.861281
2022-07-10,1025.9,1025.7,1024.5,1026.6,1026.9,7.0,8.0,8.0,3.0,1587.0,1629.0,859.0,2187.0,2668.0,72.0,78.0,84.0,72.0,68.0,9.0,9.0,10.0,8.0,8.0,4.0,6.0,5.0,6.0,5.0,1.0,2.0,2.0,3.0,1.0,0.0,0.0,2.4,0.0,0.0,3.5,3.1,0.8,7.3,12.1,17.3,16.9,15.4,17.5,18.1,301.0,303.0,307.0,312.0,288.0,2.8,4.6,3.4,5.2,3.2,28.04633,15.06222,43.10855
2022-07-11,1024.4,1024.5,1024.2,1024.5,1024.3,8.0,7.0,8.0,4.0,1760.0,2136.0,1021.0,2480.0,2884.0,79.0,84.0,87.0,80.0,74.0,6.0,6.0,7.0,8.0,8.0,3.0,3.0,4.0,7.0,5.0,1.0,2.0,1.0,3.0,1.0,0.0,0.0,0.2,0.0,0.0,5.7,7.5,0.7,9.5,13.9,18.1,17.0,16.5,18.2,20.2,360.0,20.0,317.0,19.0,36.0,2.0,2.5,2.7,4.3,2.8,4.706297,3.584516,8.290813
2022-07-12,1023.7,1023.2,1023.6,1023.4,1023.4,7.0,7.0,8.0,8.0,2189.0,2010.0,2067.0,1966.0,2289.0,69.0,73.0,74.0,64.0,64.0,6.0,10.0,6.0,7.0,8.0,3.0,7.0,4.0,5.0,6.0,1.0,1.0,1.0,1.0,1.0,0.5,0.0,0.0,0.2,0.1,7.2,5.5,5.1,5.6,7.7,20.8,20.1,20.1,22.2,23.0,177.0,213.0,217.0,186.0,128.0,1.9,3.8,1.9,3.6,2.8,5.937876,7.073026,13.010902
2022-07-13,1020.3,1020.5,1019.8,1021.1,1021.1,8.0,6.0,6.0,8.0,2576.0,2751.0,2568.0,2507.0,1417.0,67.0,72.0,72.0,72.0,75.0,10.0,10.0,10.0,10.0,9.0,5.0,6.0,6.0,8.0,6.0,1.0,1.0,1.0,4.0,2.0,0.0,0.0,0.0,0.0,0.3,10.4,13.6,11.1,9.8,2.4,21.5,19.0,19.4,20.1,20.7,297.0,317.0,306.0,332.0,320.0,3.1,3.8,3.3,5.6,4.3,23.419218,11.124769,34.543987
2022-07-14,1021.3,1021.5,1020.7,1022.0,1021.9,4.0,5.0,5.0,4.0,2613.0,2356.0,1755.0,2742.0,2413.0,67.0,72.0,75.0,69.0,69.0,9.0,11.0,11.0,11.0,12.0,5.0,7.0,7.0,8.0,7.0,0.0,1.0,1.0,1.0,2.0,0.0,0.0,0.0,0.0,0.0,12.7,10.8,7.2,12.8,9.8,17.2,16.1,14.7,17.2,18.3,324.0,313.0,303.0,356.0,351.0,2.4,3.5,3.0,5.1,3.9,19.008528,9.515049,28.523577
2022-07-15,1022.5,1022.1,1021.3,1023.0,1023.4,5.0,6.0,7.0,1.0,2248.0,2159.0,1302.0,2471.0,2941.0,62.0,69.0,73.0,61.0,64.0,9.0,10.0,10.0,10.0,10.0,4.0,7.0,5.0,7.0,6.0,1.0,1.0,2.0,2.0,1.0,0.0,0.0,0.0,0.0,0.0,10.8,7.5,2.2,9.7,15.3,17.0,16.9,15.6,18.2,18.5,280.0,259.0,263.0,287.0,263.0,2.4,4.7,3.5,4.6,3.5,18.196622,11.712488,29.90911
2022-07-16,1024.9,1025.2,1024.3,1025.6,1025.5,4.0,3.0,5.0,4.0,2827.0,2805.0,2581.0,2840.0,2896.0,64.0,67.0,69.0,66.0,62.0,9.0,9.0,11.0,10.0,12.0,5.0,5.0,6.0,8.0,5.0,1.0,1.0,1.0,2.0,3.0,0.0,0.0,0.0,0.0,0.0,14.6,14.3,12.5,13.6,14.2,17.2,16.1,15.1,17.5,18.9,336.0,326.0,324.0,3.0,9.0,3.1,3.8,3.8,5.7,4.5,29.901725,14.860004,44.761729
2022-07-17,1026.6,1026.6,1026.9,1026.5,1026.3,6.0,5.0,6.0,4.0,2679.0,2653.0,2529.0,2691.0,2725.0,65.0,70.0,71.0,62.0,60.0,5.0,7.0,4.0,6.0,6.0,2.0,4.0,2.0,4.0,5.0,0.0,1.0,0.0,1.0,2.0,0.0,0.0,0.0,0.0,0.0,13.8,12.5,11.0,14.5,14.0,17.8,18.0,16.5,19.1,20.5,75.0,226.0,216.0,84.0,94.0,1.1,2.1,1.2,2.7,3.2,1.246424,1.375874,2.622298
2022-07-18,1021.3,1021.1,1021.7,1021.1,1020.7,4.0,5.0,6.0,1.0,2678.0,2590.0,2564.0,2700.0,2734.0,58.0,51.0,58.0,44.0,49.0,6.0,7.0,6.0,5.0,6.0,3.0,5.0,4.0,4.0,5.0,1.0,1.0,0.0,2.0,1.0,0.0,0.0,0.0,0.0,0.0,13.1,11.2,10.7,14.3,15.0,22.3,22.7,21.5,24.2,25.9,156.0,210.0,207.0,102.0,100.0,1.5,2.9,2.1,3.0,2.6,2.453655,6.443444,8.897099
2022-07-19,1015.3,1015.3,1016.5,1014.5,1014.0,0.0,0.0,4.0,0.0,2694.0,2679.0,2605.0,2646.0,2748.0,49.0,46.0,48.0,34.0,51.0,8.0,9.0,7.0,15.0,15.0,4.0,6.0,4.0,7.0,10.0,1.0,1.0,1.0,4.0,3.0,0.0,0.0,0.0,0.0,0.0,14.7,15.1,14.3,14.4,14.4,26.9,28.3,26.5,30.3,27.2,134.0,130.0,125.0,126.0,118.0,2.6,3.1,2.4,5.5,5.5,8.558622,10.380578,18.9392
2022-07-20,1016.3,1015.4,1015.6,1016.4,1016.7,5.0,5.0,4.0,7.0,2225.0,2304.0,2532.0,1653.0,1073.0,61.0,70.0,56.0,71.0,79.0,10.0,14.0,12.0,15.0,16.0,5.0,10.0,7.0,10.0,12.0,1.0,3.0,1.0,4.0,2.0,0.3,0.0,0.0,0.0,1.1,10.7,12.4,13.1,5.2,2.0,23.7,22.0,24.3,22.2,21.3,226.0,220.0,243.0,223.0,227.0,3.2,6.1,3.6,6.3,6.6,35.804893,28.070257,63.875150000000005
2022-07-21,1018.7,1018.3,1017.5,1019.6,1020.4,8.0,8.0,8.0,7.0,493.0,437.0,1117.0,445.0,602.0,88.0,87.0,89.0,85.0,84.0,10.0,12.0,10.0,14.0,12.0,5.0,6.0,6.0,12.0,7.0,2.0,2.0,2.0,4.0,2.0,8.0,8.2,7.2,4.9,14.1,0.3,0.1,0.7,1.0,1.4,17.7,17.4,18.6,17.6,17.8,268.0,309.0,277.0,322.0,301.0,2.8,3.7,3.6,8.0,5.1,25.560758,20.191546,45.752304
2022-07-22,1020.3,1020.5,1020.0,1020.6,1020.3,8.0,8.0,8.0,6.0,1855.0,1079.0,1014.0,1915.0,1531.0,69.0,71.0,76.0,66.0,72.0,6.0,6.0,6.0,9.0,9.0,3.0,3.0,4.0,7.0,6.0,1.0,1.0,1.0,2.0,2.0,0.0,0.0,0.0,0.0,0.1,4.6,1.7,0.1,5.3,4.5,17.5,16.2,15.8,17.5,17.8,337.0,327.0,293.0,11.0,23.0,1.8,2.3,2.3,4.8,3.5,6.023155,7.511048,13.534203
2022-07-23,1019.4,1019.3,1019.5,1019.5,1019.5,4.0,4.0,4.0,4.0,2528.0,2555.0,1877.0,2543.0,2457.0,70.0,71.0,74.0,68.0,70.0,6.0,8.0,6.0,7.0,9.0,2.0,4.0,4.0,5.0,7.0,0.0,1.0,2.0,1.0,1.0,0.0,0.0,0.0,0.0,0.0,13.4,13.0,7.0,11.9,11.2,18.3,17.5,16.4,19.0,20.1,282.0,240.0,291.0,3.0,259.0,1.3,2.1,2.5,2.8,2.9,1.62921,1.552095,3.181305
2022-07-24,1015.6,1014.6,1015.5,1015.3,1015.4,5.0,6.0,6.0,5.0,2629.0,2601.0,2511.0,2686.0,2689.0,63.0,65.0,64.0,58.0,62.0,9.0,17.0,13.0,10.0,10.0,5.0,10.0,8.0,7.0,7.0,1.0,2.0,1.0,2.0,1.0,0.0,0.0,0.0,0.0,0.0,13.4,12.5,11.4,14.0,13.8,22.8,21.8,22.1,23.3,22.9,190.0,212.0,200.0,214.0,217.0,2.9,6.0,4.0,5.0,4.5,30.310468,20.53389,50.844358
2022-07-25,1010.0,1008.9,1008.7,1010.4,1010.9,7.0,7.0,7.0,6.0,1599.0,1746.0,1431.0,1810.0,1761.0,69.0,77.0,71.0,73.0,75.0,14.0,16.0,14.0,18.0,17.0,7.0,11.0,8.0,12.0,14.0,1.0,2.0,1.0,2.0,1.0,0.0,0.1,0.1,0.0,0.0,4.2,5.2,4.0,5.2,6.0,21.0,20.0,21.1,20.6,20.5,237.0,239.0,238.0,242.0,245.0,3.9,6.9,4.6,8.1,9.9,54.440289,30.700897,85.141186
2022-07-26,1017.4,1017.5,1016.4,1018.2,1018.3,7.0,8.0,8.0,7.0,1502.0,1970.0,1564.0,2066.0,1636.0,73.0,67.0,74.0,67.0,70.0,9.0,11.0,11.0,12.0,10.0,4.0,6.0,6.0,10.0,6.0,1.0,2.0,2.0,5.0,2.0,3.9,1.4,1.7,0.0,1.2,3.9,5.4,3.2,6.4,5.9,17.1,16.8,16.2,17.8,18.0,335.0,331.0,309.0,347.0,339.0,2.9,4.3,3.8,7.7,4.8,34.35905,24.804653,59.163703
2022-07-27,1020.6,1020.9,1020.5,1020.9,1020.7,5.0,6.0,7.0,5.0,2005.0,2102.0,1882.0,2551.0,2053.0,66.0,63.0,72.0,59.0,64.0,9.0,8.0,9.0,11.0,10.0,4.0,5.0,5.0,9.0,6.0,1.0,2.0,1.0,5.0,1.0,0.0,0.0,0.0,0.0,0.0,9.6,8.9,7.1,10.9,8.2,15.8,16.4,14.3,17.6,17.5,10.0,9.0,333.0,12.0,12.0,2.7,3.5,3.0,6.4,4.1,17.176439,10.65115,27.827589
2022-07-28,1018.8,1019.9,1020.3,1018.6,1017.7,8.0,8.0,8.0,8.0,2353.0,2204.0,1775.0,2092.0,1944.0,58.0,65.0,71.0,55.0,60.0,10.0,12.0,10.0,11.0,11.0,5.0,8.0,5.0,7.0,7.0,2.0,2.0,1.0,5.0,4.0,0.0,0.0,0.0,0.0,0.0,8.8,8.9,5.5,7.0,6.8,17.2,17.0,14.5,18.0,18.5,54.0,67.0,42.0,70.0,45.0,3.5,5.4,3.0,6.3,5.8,28.337144,10.217481,38.554625
2022-07-29,1017.5,1018.3,1017.8,1018.1,1018.0,4.0,5.0,6.0,2.0,2490.0,2589.0,1770.0,2595.0,2656.0,65.0,74.0,69.0,69.0,65.0,9.0,11.0,8.0,9.0,8.0,4.0,8.0,5.0,8.0,5.0,2.0,1.0,1.0,3.0,2.0,0.0,0.0,0.0,0.0,0.0,11.0,12.3,5.7,12.3,13.4,18.9,18.0,17.8,18.5,19.4,341.0,40.0,65.0,14.0,351.0,2.6,5.4,3.2,5.4,3.6,19.115466,10.819534,29.935
2022-07-30,1018.6,1018.3,1018.0,1018.8,1019.0,5.0,5.0,5.0,7.0,2051.0,1979.0,2265.0,1833.0,2010.0,68.0,71.0,72.0,66.0,70.0,7.0,8.0,8.0,7.0,9.0,3.0,5.0,4.0,5.0,6.0,1.0,1.0,1.0,1.0,1.0,0.0,0.0,0.0,0.0,0.0,7.7,7.2,10.5,6.8,7.8,19.2,18.7,18.2,20.1,20.2,310.0,242.0,268.0,281.0,250.0,2.0,3.1,2.4,3.4,3.0,6.661177,2.431448,9.092625
2022-07-31,1015.6,1014.5,1014.5,1015.8,1016.3,8.0,8.0,8.0,8.0,667.0,631.0,695.0,558.0,792.0,88.0,91.0,86.0,86.0,86.0,12.0,13.0,9.0,16.0,15.0,5.0,8.0,5.0,10.0,12.0,1.0,3.0,2.0,5.0,4.0,1.9,8.7,11.1,0.6,0.2,0.2,0.2,0.9,0.0,0.7,19.1,18.7,18.6,19.8,19.9,236.0,248.0,224.0,237.0,241.0,3.1,5.1,3.4,7.6,7.7,35.976032,24.379875,60.355907
2022-08-01,1018.4,1018.7,1018.3,1018.6,1018.5,7.0,7.0,6.0,6.0,2002.0,2579.0,2157.0,2324.0,2268.0,75.0,70.0,74.0,67.0,67.0,7.0,7.0,7.0,10.0,9.0,3.0,4.0,4.0,8.0,7.0,1.0,2.0,0.0,3.0,2.0,1.9,0.0,0.2,0.2,0.0,7.2,12.8,9.0,9.8,9.2,18.1,17.6,16.4,19.4,20.9,2.0,50.0,349.0,16.0,18.0,2.2,3.3,2.6,5.9,3.5,10.253127,7.531188,17.784315
2022-08-02,1016.2,1015.0,1015.9,1016.1,1016.4,5.0,5.0,5.0,5.0,2371.0,1815.0,2025.0,2324.0,2384.0,66.0,80.0,70.0,71.0,79.0,11.0,14.0,13.0,15.0,12.0,5.0,10.0,7.0,10.0,9.0,2.0,4.0,1.0,5.0,4.0,0.0,0.0,0.0,0.0,0.0,11.9,8.4,10.3,11.0,11.7,21.0,19.3,19.4,20.9,20.8,214.0,204.0,202.0,213.0,235.0,3.4,6.7,4.2,7.6,6.5,42.836684,28.074596,70.91128
2022-08-03,1014.3,1013.5,1013.9,1014.3,1014.4,6.0,6.0,4.0,5.0,2530.0,1364.0,2426.0,2241.0,2613.0,70.0,85.0,73.0,71.0,74.0,10.0,11.0,9.0,12.0,10.0,5.0,7.0,6.0,8.0,7.0,1.0,2.0,1.0,1.0,1.0,0.0,0.0,0.0,0.0,0.0,12.6,5.6,12.7,9.4,13.9,23.0,19.8,22.3,22.4,22.5,231.0,215.0,217.0,221.0,246.0,3.0,5.0,3.7,5.2,4.3,28.870914,16.967819,45.838733
2022-08-04,1013.8,1014.0,1013.5,1014.4,1014.3,8.0,6.0,8.0,7.0,1856.0,2155.0,1851.0,1923.0,2049.0,71.0,78.0,74.0,74.0,73.0,8.0,8.0,9.0,9.0,8.0,4.0,5.0,5.0,7.0,6.0,0.0,2.0,1.0,2.0,3.0,0.0,0.0,0.0,0.0,0.0,6.8,9.4,8.6,5.4,6.6,21.4,19.5,21.5,20.7,21.5,320.0,292.0,306.0,332.0,302.0,2.4,3.1,2.8,5.0,4.5,12.959491,6.893527,19.853018
2022-08-05,1020.2,1020.3,1019.2,1020.9,1021.1,4.0,4.0,4.0,3.0,1889.0,2307.0,2164.0,1742.0,2257.0,67.0,66.0,71.0,62.0,61.0,10.0,11.0,12.0,12.0,12.0,5.0,7.0,7.0,9.0,7.0,1.0,1.0,1.0,4.0,1.0,0.0,0.0,0.0,0.0,0.0,8.6,11.1,10.4,8.3,11.0,17.4,17.2,16.6,17.9,18.6,322.0,312.0,296.0,344.0,335.0,3.0,4.2,3.7,6.5,4.4,31.500018,13.534875,45.034893
2022-08-06,1027.7,1027.7,1027.3,1028.1,1028.0,5.0,6.0,4.0,4.0,2545.0,2514.0,1845.0,2539.0,2344.0,68.0,65.0,71.0,58.0,56.0,7.0,8.0,10.0,7.0,9.0,4.0,4.0,4.0,5.0,5.0,0.0,1.0,0.0,2.0,1.0,0.0,0.0,0.0,0.0,0.0,13.6,13.5,9.2,13.4,12.7,15.7,16.7,14.2,17.6,18.3,332.0,294.0,312.0,344.0,7.0,1.9,2.9,2.1,4.0,2.7,7.274972,3.764291,11.039263
2022-08-07,1025.6,1025.8,1025.5,1026.0,1025.9,4.0,3.0,2.0,2.0,2478.0,2492.0,2349.0,2476.0,2608.0,68.0,75.0,72.0,65.0,62.0,8.0,9.0,7.0,7.0,8.0,4.0,5.0,4.0,5.0,5.0,0.0,0.0,1.0,3.0,2.0,0.0,0.0,0.0,0.0,0.0,13.5,13.6,12.4,13.2,14.0,16.6,16.3,15.4,17.3,18.7,329.0,273.0,303.0,358.0,2.0,1.8,2.4,2.1,3.7,3.3,6.140744,2.325883,8.466626999999999
2022-08-08,1026.6,1027.1,1026.7,1027.0,1026.6,4.0,5.0,5.0,4.0,1676.0,2101.0,1112.0,2501.0,2385.0,73.0,76.0,78.0,72.0,68.0,7.0,9.0,6.0,10.0,11.0,4.0,5.0,4.0,9.0,7.0,0.0,1.0,0.0,2.0,3.0,0.0,0.0,0.0,0.0,0.0,9.1,9.8,4.0,13.6,13.3,17.3,18.3,16.1,18.5,19.5,5.0,348.0,2.0,26.0,13.0,2.1,2.8,1.7,5.1,4.5,10.09928,5.923857,16.023137
2022-08-09,1028.1,1029.2,1029.2,1028.4,1027.7,2.0,2.0,3.0,1.0,2498.0,2560.0,2340.0,2518.0,2552.0,67.0,72.0,73.0,73.0,70.0,10.0,9.0,9.0,14.0,11.0,5.0,6.0,5.0,12.0,7.0,1.0,0.0,0.0,3.0,4.0,0.0,0.0,0.0,0.0,0.0,13.7,14.0,13.4,13.9,13.9,19.4,19.3,17.2,19.4,20.7,29.0,55.0,38.0,26.0,18.0,3.4,3.8,2.7,7.0,5.3,20.413633,10.50758,30.921213
2022-08-10,1025.3,1026.7,1026.8,1025.3,1024.5,2.0,1.0,2.0,1.0,2506.0,2519.0,2443.0,2486.0,2514.0,57.0,78.0,71.0,70.0,61.0,11.0,10.0,8.0,11.0,10.0,5.0,6.0,5.0,9.0,7.0,2.0,4.0,2.0,2.0,3.0,0.0,0.0,0.0,0.0,0.0,14.0,13.9,14.0,13.4,13.9,22.3,20.7,20.0,21.4,22.9,47.0,54.0,46.0,32.0,30.0,3.0,5.1,3.1,5.8,4.9,19.325891,9.427049,28.75294
2022-08-11,1021.5,1022.7,1023.0,1021.5,1020.7,0.0,0.0,0.0,0.0,2474.0,2477.0,2443.0,2469.0,2497.0,50.0,73.0,63.0,56.0,54.0,9.0,9.0,9.0,10.0,10.0,5.0,6.0,5.0,8.0,6.0,1.0,3.0,2.0,2.0,3.0,0.0,0.0,0.0,0.0,0.0,13.9,13.9,13.8,13.9,13.9,24.0,22.3,21.9,24.1,24.7,58.0,49.0,47.0,44.0,36.0,2.9,4.4,2.9,5.3,4.4,17.115524,7.734624,24.850148
2022-08-12,1018.3,1019.5,1019.8,1018.2,1017.4,0.0,0.0,0.0,0.0,2411.0,2452.0,2401.0,2408.0,2446.0,52.0,74.0,60.0,53.0,52.0,8.0,10.0,9.0,10.0,11.0,4.0,6.0,5.0,8.0,8.0,1.0,3.0,2.0,1.0,3.0,0.0,0.0,0.0,0.0,0.0,13.7,13.9,13.8,13.9,13.7,23.8,23.1,22.8,24.9,25.2,80.0,47.0,57.0,41.0,47.0,2.3,4.4,3.1,4.2,4.5,16.56107,11.268801,27.829871
2022-08-13,1015.4,1016.0,1016.9,1015.1,1014.4,0.0,1.0,2.0,1.0,2458.0,2412.0,2289.0,2427.0,2462.0,55.0,62.0,53.0,47.0,46.0,8.0,8.0,10.0,8.0,9.0,4.0,5.0,4.0,7.0,6.0,1.0,3.0,2.0,3.0,1.0,0.0,0.0,0.0,0.0,0.0,13.7,13.9,12.9,13.9,13.7,22.4,24.4,23.5,24.4,25.4,120.0,72.0,88.0,74.0,60.0,2.1,3.8,3.0,4.8,4.0,11.373356,11.722655,23.096011
2022-08-14,1007.4,1008.0,1008.7,1007.1,1006.7,4.0,4.0,3.0,5.0,2333.0,2211.0,2150.0,2178.0,2042.0,58.0,69.0,62.0,54.0,51.0,8.0,8.0,10.0,9.0,11.0,4.0,5.0,5.0,7.0,8.0,1.0,2.0,1.0,2.0,2.0,0.0,0.0,0.0,0.0,0.0,11.6,11.9,11.7,9.6,9.4,24.0,24.6,24.0,24.7,25.2,106.0,80.0,92.0,57.0,79.0,2.1,3.8,2.7,4.4,4.1,11.29886,11.401057,22.699917
2022-08-15,1004.0,1003.6,1003.8,1004.0,1004.2,7.0,8.0,8.0,7.0,1185.0,1476.0,1232.0,1209.0,2117.0,70.0,79.0,73.0,72.0,69.0,7.0,9.0,8.0,13.0,13.0,4.0,6.0,5.0,9.0,7.0,1.0,1.0,1.0,2.0,2.0,0.0,0.0,0.4,2.2,1.2,2.9,3.9,3.3,4.8,8.9,22.4,21.7,22.3,22.0,22.9,224.0,226.0,273.0,218.0,225.0,1.9,3.3,2.4,4.3,4.7,9.709882,4.658885,14.368767
2022-08-16,1008.2,1007.9,1008.0,1008.2,1008.2,6.0,7.0,5.0,8.0,1673.0,1922.0,2033.0,1414.0,1247.0,77.0,82.0,72.0,80.0,73.0,6.0,9.0,9.0,9.0,10.0,3.0,6.0,6.0,6.0,7.0,1.0,1.0,1.0,2.0,1.0,0.0,0.0,0.1,0.0,4.0,6.8,8.3,10.6,3.9,3.7,21.1,20.9,22.3,21.4,21.7,236.0,246.0,247.0,229.0,226.0,2.0,3.6,3.0,4.0,3.9,12.937489,5.494655,18.432144
2022-08-17,1011.2,1012.1,1011.6,1011.8,1011.5,8.0,8.0,8.0,6.0,706.0,331.0,786.0,528.0,436.0,90.0,87.0,90.0,89.0,91.0,8.0,10.0,10.0,13.0,9.0,4.0,6.0,6.0,10.0,6.0,1.0,1.0,1.0,3.0,1.0,42.8,37.0,14.6,33.5,15.0,1.3,0.0,0.3,0.4,0.5,19.4,19.5,19.2,19.4,19.5,356.0,34.0,17.0,10.0,18.0,2.3,3.7,3.3,5.7,3.5,16.185871,8.177838,24.363709
2022-08-18,1013.4,1013.7,1013.4,1013.9,1013.9,3.0,3.0,5.0,2.0,1638.0,2165.0,1441.0,2257.0,2131.0,83.0,81.0,84.0,81.0,77.0,6.0,6.0,8.0,6.0,9.0,3.0,4.0,4.0,5.0,6.0,0.0,2.0,1.0,1.0,1.0,0.0,2.0,0.2,1.2,0.0,8.0,11.2,5.9,12.1,11.2,19.9,19.8,18.5,20.3,21.2,352.0,48.0,355.0,357.0,269.0,1.5,3.0,2.5,3.5,3.0,5.500881,4.901627,10.402508
2022-08-19,1014.1,1013.6,1013.6,1014.3,1014.5,6.0,6.0,5.0,7.0,1054.0,1720.0,1628.0,1178.0,1157.0,86.0,81.0,82.0,85.0,87.0,7.0,8.0,7.0,10.0,12.0,3.0,6.0,4.0,7.0,9.0,0.0,2.0,1.0,3.0,5.0,0.0,0.0,10.1,1.7,1.4,2.1,7.7,6.9,3.0,3.4,19.3,19.8,19.3,20.3,19.9,233.0,254.0,248.0,253.0,234.0,1.8,3.6,2.2,4.7,6.3,11.006143,9.318105,20.324248
2022-08-20,1016.9,1016.5,1016.4,1017.2,1017.5,3.0,1.0,5.0,1.0,1796.0,2206.0,1813.0,1832.0,2176.0,71.0,72.0,72.0,66.0,72.0,9.0,10.0,7.0,10.0,12.0,4.0,6.0,3.0,7.0,9.0,1.0,1.0,1.0,1.0,1.0,0.0,0.0,0.0,0.0,0.0,9.5,12.2,9.6,10.6,11.7,18.8,18.4,18.2,19.4,19.5,282.0,237.0,271.0,251.0,246.0,2.0,3.5,1.9,4.5,5.2,12.252815,9.833579,22.086394
2022-08-21,1016.3,1015.8,1015.9,1016.3,1016.5,5.0,5.0,5.0,6.0,1653.0,2142.0,1652.0,1684.0,1882.0,79.0,78.0,76.0,75.0,72.0,9.0,10.0,11.0,10.0,10.0,4.0,6.0,6.0,7.0,8.0,0.0,0.0,0.0,1.0,1.0,0.0,0.0,0.0,0.1,0.0,7.7,12.4,8.9,8.0,8.4,17.7,18.2,17.5,19.0,19.2,245.0,247.0,258.0,240.0,234.0,2.0,3.3,2.8,4.4,5.1,18.417386,14.235913,32.653299000000004
2022-08-22,1015.3,1015.6,1016.2,1015.0,1014.5,5.0,4.0,6.0,5.0,1927.0,2045.0,1736.0,2017.0,1869.0,70.0,73.0,77.0,63.0,69.0,5.0,10.0,6.0,8.0,11.0,2.0,5.0,4.0,6.0,8.0,1.0,1.0,0.0,2.0,1.0,0.0,0.0,0.0,0.0,0.0,9.2,12.2,6.8,11.5,7.8,19.9,19.9,18.2,21.3,21.3,96.0,87.0,68.0,92.0,90.0,1.5,3.2,1.8,3.9,4.1,6.190064,5.541574,11.731638
2022-08-23,1015.6,1015.5,1015.7,1015.7,1015.7,4.0,7.0,5.0,5.0,1742.0,1650.0,1791.0,1870.0,1863.0,73.0,81.0,72.0,75.0,78.0,7.0,7.0,6.0,8.0,8.0,3.0,4.0,4.0,5.0,5.0,0.0,1.0,1.0,2.0,2.0,0.0,0.0,0.0,0.0,0.0,8.6,6.5,8.3,8.6,7.8,21.7,20.9,20.9,21.8,21.9,227.0,217.0,199.0,240.0,251.0,1.6,2.6,2.0,3.3,3.4,4.011219,2.648669,6.659888
2022-08-24,1017.8,1018.1,1018.3,1017.9,1017.4,4.0,6.0,5.0,4.0,1954.0,1862.0,1977.0,1963.0,1755.0,74.0,83.0,72.0,79.0,76.0,6.0,8.0,6.0,9.0,7.0,3.0,6.0,4.0,7.0,5.0,0.0,1.0,0.0,2.0,1.0,0.0,0.0,0.0,0.0,0.0,10.5,9.9,11.6,9.9,9.3,23.1,22.1,22.5,22.8,23.9,7.0,223.0,36.0,37.0,53.0,1.8,3.5,1.8,4.7,3.0,4.650609,3.429146,8.079755
2022-08-25,1015.0,1015.2,1015.8,1015.4,1015.3,6.0,5.0,2.0,5.0,1906.0,1949.0,2104.0,1633.0,1825.0,64.0,72.0,59.0,76.0,78.0,8.0,12.0,9.0,13.0,13.0,4.0,7.0,5.0,11.0,9.0,1.0,2.0,1.0,1.0,2.0,0.0,0.0,0.0,0.0,0.0,8.9,9.7,12.8,6.3,8.1,24.2,23.5,23.8,22.5,22.7,107.0,33.0,106.0,330.0,334.0,2.6,4.4,2.9,6.3,5.2,19.231171,16.843636,36.074807
2022-08-26,1017.0,1017.4,1016.1,1017.9,1018.0,7.0,5.0,7.0,5.0,671.0,1113.0,517.0,1302.0,1735.0,76.0,74.0,84.0,71.0,70.0,8.0,9.0,9.0,12.0,12.0,4.0,5.0,5.0,10.0,7.0,1.0,1.0,2.0,4.0,1.0,0.0,0.6,0.0,0.0,0.0,0.2,4.0,0.4,4.6,7.5,19.2,18.7,18.8,19.2,19.7,338.0,345.0,322.0,351.0,341.0,3.0,3.6,4.3,7.8,4.7,39.207454,27.642469,66.84992299999999
2022-08-27,1018.3,1018.9,1018.1,1018.7,1018.5,5.0,4.0,6.0,5.0,1116.0,1835.0,1353.0,1024.0,1464.0,74.0,66.0,76.0,67.0,68.0,8.0,10.0,9.0,13.0,11.0,5.0,6.0,5.0,11.0,7.0,1.0,1.0,1.0,2.0,1.0,0.0,0.0,0.0,0.0,0.0,1.8,9.2,4.7,1.8,5.5,16.8,18.3,15.7,18.0,19.0,8.0,21.0,346.0,31.0,9.0,2.5,4.2,2.8,6.6,4.2,22.393136,17.773318,40.166454
2022-08-28,1021.5,1021.9,1021.0,1021.8,1021.4,4.0,5.0,5.0,5.0,1982.0,1611.0,1549.0,2092.0,2001.0,71.0,65.0,70.0,66.0,70.0,11.0,9.0,12.0,12.0,14.0,5.0,5.0,6.0,10.0,8.0,0.0,2.0,1.0,4.0,3.0,0.0,0.0,0.0,0.0,0.0,11.8,7.6,8.7,10.6,12.1,15.6,17.9,15.4,18.1,18.4,19.0,5.0,330.0,34.0,26.0,2.8,3.8,3.5,7.1,5.5,31.975564,24.546176,56.52174
2022-08-29,1022.0,1022.7,1022.2,1022.2,1021.8,6.0,8.0,8.0,4.0,1379.0,1570.0,1136.0,1273.0,1894.0,74.0,71.0,78.0,70.0,69.0,8.0,10.0,8.0,10.0,11.0,3.0,6.0,5.0,8.0,6.0,0.0,2.0,1.0,1.0,3.0,0.0,0.0,0.0,0.0,0.0,5.4,5.9,2.8,5.1,9.2,16.9,18.2,17.4,17.5,18.5,23.0,36.0,12.0,37.0,30.0,2.0,4.4,2.9,5.0,4.3,12.620926,10.424362,23.045288
2022-08-30,1021.7,1023.2,1023.2,1021.7,1020.8,5.0,5.0,5.0,7.0,1864.0,2139.0,1868.0,1833.0,1616.0,65.0,67.0,68.0,67.0,70.0,10.0,14.0,10.0,14.0,13.0,6.0,10.0,6.0,12.0,9.0,2.0,4.0,1.0,4.0,4.0,0.0,0.0,0.0,0.0,0.0,11.5,12.8,11.5,10.5,7.1,18.5,19.0,17.2,19.1,19.8,38.0,54.0,44.0,40.0,22.0,3.8,6.6,3.8,8.1,6.4,41.006988,24.610956,65.617944
2022-08-31,1022.3,1024.2,1024.3,1022.3,1021.2,3.0,1.0,1.0,1.0,2017.0,2138.0,2095.0,2073.0,2051.0,57.0,65.0,64.0,54.0,61.0,10.0,14.0,11.0,13.0,15.0,6.0,10.0,7.0,9.0,10.0,3.0,7.0,2.0,6.0,5.0,0.0,0.0,0.0,0.0,0.0,11.8,12.7,12.6,12.3,12.5,18.4,18.5,17.0,19.5,19.9,43.0,58.0,52.0,51.0,30.0,4.5,8.1,4.8,8.0,7.0,59.913812,34.787186,94.700998
2022-09-01,1020.1,1021.4,1022.2,1019.7,1018.8,2.0,0.0,2.0,5.0,2078.0,2069.0,1540.0,1995.0,1998.0,53.0,69.0,64.0,51.0,56.0,9.0,13.0,9.0,11.0,10.0,5.0,9.0,5.0,7.0,7.0,2.0,4.0,2.0,4.0,4.0,0.0,0.0,0.0,0.0,0.0,12.5,12.3,9.4,11.6,11.6,18.7,18.5,16.9,19.8,20.1,74.0,67.0,66.0,81.0,53.0,3.7,6.2,3.8,5.8,5.2,35.928823,21.50765,57.43647300000001
2022-09-02,1014.2,1015.0,1016.7,1013.3,1012.4,7.0,7.0,4.0,6.0,1894.0,1822.0,1954.0,1893.0,1823.0,47.0,61.0,53.0,45.0,58.0,10.0,9.0,10.0,11.0,8.0,5.0,6.0,6.0,7.0,6.0,2.0,4.0,3.0,5.0,3.0,0.0,0.0,0.0,0.0,0.0,11.3,11.5,12.5,10.5,9.3,19.7,19.5,18.4,20.8,21.0,97.0,95.0,89.0,101.0,77.0,3.4,4.5,4.0,6.5,4.2,34.53948,19.612874,54.152354
2022-09-03,1011.6,1012.2,1013.8,1011.0,1010.7,3.0,2.0,3.0,7.0,1953.0,1967.0,1958.0,1797.0,1312.0,56.0,60.0,47.0,59.0,70.0,8.0,10.0,11.0,9.0,10.0,4.0,6.0,6.0,7.0,5.0,1.0,4.0,3.0,1.0,1.0,0.0,0.0,0.0,0.0,0.0,11.8,12.2,12.2,10.1,3.5,19.5,20.0,19.3,20.8,21.1,114.0,93.0,89.0,90.0,105.0,2.5,4.7,4.3,4.0,2.9,32.167158,18.714703,50.881861
2022-09-04,1017.2,1017.2,1018.5,1017.0,1016.7,7.0,8.0,7.0,7.0,1617.0,1410.0,1739.0,1530.0,1743.0,74.0,76.0,54.0,79.0,74.0,7.0,6.0,10.0,8.0,8.0,3.0,4.0,4.0,6.0,6.0,1.0,2.0,2.0,1.0,1.0,0.0,0.0,0.0,0.0,0.0,9.1,6.6,10.1,7.5,10.2,18.9,20.4,19.9,20.3,21.6,150.0,96.0,98.0,76.0,119.0,1.8,2.8,3.1,3.3,3.0,8.689797,12.715065,21.404862
2022-09-05,1018.1,1018.1,1019.1,1017.7,1017.1,7.0,8.0,7.0,8.0,1517.0,1557.0,1595.0,1241.0,1013.0,65.0,66.0,57.0,67.0,67.0,9.0,11.0,7.0,13.0,15.0,4.0,6.0,4.0,8.0,10.0,1.0,1.0,2.0,2.0,1.0,0.2,0.0,0.0,11.0,2.9,7.1,7.9,8.3,5.2,2.4,21.1,22.2,22.0,21.2,22.2,135.0,155.0,95.0,131.0,96.0,2.3,3.5,2.9,5.1,4.5,10.257603,15.790828,26.048431
2022-09-06,1014.3,1014.4,1014.8,1014.2,1013.9,6.0,7.0,7.0,6.0,1746.0,1512.0,1582.0,1667.0,1558.0,74.0,78.0,63.0,78.0,79.0,18.0,10.0,8.0,14.0,16.0,6.0,6.0,5.0,9.0,8.0,1.0,1.0,1.0,2.0,1.0,10.0,9.7,0.0,26.6,10.9,9.6,7.4,8.8,8.5,7.4,20.9,20.7,21.6,20.1,20.6,296.0,189.0,105.0,160.0,144.0,2.7,3.0,2.9,4.7,4.2,12.2417,10.299383,22.541083
2022-09-07,1011.5,1011.3,1011.9,1011.3,1011.1,7.0,6.0,8.0,6.0,1707.0,1605.0,1253.0,1416.0,1540.0,80.0,80.0,82.0,80.0,78.0,8.0,8.0,8.0,13.0,13.0,4.0,5.0,4.0,7.0,8.0,1.0,0.0,1.0,2.0,3.0,5.9,5.7,7.7,2.1,1.5,9.5,9.7,5.2,8.5,7.2,18.7,19.3,18.6,18.9,20.0,204.0,187.0,168.0,168.0,170.0,2.4,3.3,2.4,5.0,6.2,12.063905,9.143885,21.20779
2022-09-08,1007.5,1006.7,1007.6,1007.1,1007.2,7.0,6.0,7.0,7.0,1152.0,996.0,422.0,1207.0,1140.0,81.0,84.0,92.0,80.0,83.0,10.0,10.0,7.0,13.0,15.0,5.0,7.0,4.0,8.0,9.0,1.0,2.0,1.0,5.0,3.0,13.4,11.5,9.5,1.3,11.0,4.5,5.1,0.4,5.7,4.8,17.4,17.5,16.1,17.8,17.8,195.0,192.0,151.0,194.0,184.0,3.0,4.0,2.2,6.1,6.6,16.530299,13.787931,30.31823
2022-09-09,1006.7,1005.4,1007.2,1005.7,1006.0,8.0,7.0,7.0,8.0,683.0,923.0,1106.0,535.0,716.0,88.0,88.0,87.0,86.0,87.0,12.0,10.0,10.0,14.0,16.0,6.0,7.0,6.0,10.0,12.0,2.0,3.0,2.0,5.0,7.0,1.6,4.0,1.2,9.4,16.2,2.0,5.2,3.6,0.9,3.8,15.8,16.2,16.1,16.5,17.0,180.0,167.0,169.0,195.0,202.0,3.5,4.6,3.3,7.3,9.5,40.012377,30.138707,70.151084
2022-09-10,1011.7,1012.2,1012.3,1012.2,1013.0,4.0,4.0,6.0,6.0,1265.0,1546.0,846.0,1648.0,643.0,85.0,84.0,88.0,80.0,83.0,9.0,7.0,7.0,11.0,15.0,4.0,5.0,3.0,8.0,9.0,1.0,1.0,0.0,2.0,2.0,4.2,0.3,0.0,6.9,45.3,6.8,9.0,2.1,10.3,3.6,16.9,17.2,15.6,18.6,18.1,320.0,46.0,62.0,335.0,288.0,2.5,2.8,1.9,6.4,5.3,15.989602,12.557086,28.546688
2022-09-11,1018.5,1018.3,1018.3,1018.5,1018.4,5.0,4.0,5.0,4.0,1374.0,1252.0,1211.0,1654.0,1971.0,85.0,81.0,85.0,78.0,76.0,5.0,5.0,4.0,6.0,6.0,2.0,3.0,2.0,4.0,5.0,0.0,0.0,0.0,1.0,0.0,0.0,0.0,0.4,0.0,0.0,6.9,7.9,7.0,10.8,11.4,15.7,17.2,15.4,18.2,19.6,128.0,246.0,43.0,73.0,161.0,0.8,1.5,1.3,2.1,2.1,0.114728,0.71605,0.830778
2022-09-12,1013.4,1012.8,1013.5,1013.2,1013.1,8.0,8.0,8.0,7.0,1629.0,1456.0,1373.0,1668.0,1703.0,80.0,79.0,79.0,73.0,74.0,7.0,10.0,9.0,9.0,7.0,4.0,7.0,5.0,6.0,5.0,0.0,1.0,1.0,1.0,1.0,0.0,5.3,1.4,0.0,0.0,9.4,7.2,7.1,9.8,10.9,17.4,18.5,17.3,19.7,20.4,172.0,213.0,195.0,180.0,171.0,2.0,4.0,2.6,4.0,3.4,12.96812,11.071808,24.039928000000003
2022-09-13,1009.9,1010.0,1009.5,1010.2,1009.8,8.0,7.0,7.0,8.0,1305.0,1471.0,1435.0,1410.0,959.0,79.0,77.0,80.0,76.0,82.0,6.0,9.0,9.0,8.0,8.0,3.0,4.0,5.0,7.0,5.0,0.0,1.0,1.0,2.0,1.0,0.0,1.3,0.8,0.4,1.2,4.9,7.9,7.9,5.9,2.2,18.1,17.1,16.2,18.8,19.4,356.0,318.0,290.0,14.0,10.0,1.8,2.7,2.8,4.8,3.5,10.596896,11.757705,22.354601
2022-09-14,1006.4,1006.5,1006.0,1006.7,1006.7,8.0,7.0,6.0,8.0,860.0,1196.0,1161.0,1109.0,380.0,80.0,72.0,79.0,73.0,87.0,5.0,10.0,6.0,11.0,8.0,2.0,4.0,4.0,8.0,5.0,0.0,1.0,1.0,2.0,1.0,0.0,0.2,0.0,0.3,14.9,3.3,4.9,4.7,5.3,0.7,15.5,16.7,14.6,16.9,15.2,50.0,343.0,285.0,13.0,42.0,1.2,2.3,1.9,4.0,3.3,3.383607,5.623559,9.007166
2022-09-15,1009.1,1008.5,1007.0,1009.8,1010.6,8.0,7.0,7.0,7.0,966.0,996.0,960.0,754.0,965.0,74.0,69.0,80.0,63.0,67.0,11.0,14.0,12.0,18.0,11.0,5.0,7.0,7.0,12.0,7.0,1.0,3.0,2.0,6.0,2.0,2.6,3.3,2.3,0.5,0.3,3.2,3.4,3.0,0.6,2.8,14.9,15.2,13.5,16.6,16.3,304.0,319.0,279.0,326.0,317.0,2.5,5.3,3.6,9.2,4.6,36.993813,32.642147,69.63596000000001
2022-09-16,1011.5,1010.5,1008.3,1012.5,1014.0,6.0,5.0,7.0,8.0,1101.0,1446.0,1294.0,988.0,825.0,80.0,64.0,79.0,70.0,77.0,12.0,17.0,17.0,24.0,18.0,5.0,9.0,9.0,16.0,9.0,1.0,4.0,3.0,8.0,3.0,7.9,3.1,17.0,7.5,22.5,6.5,8.8,6.9,5.5,2.6,12.5,14.2,12.3,13.8,13.0,296.0,324.0,288.0,333.0,312.0,2.5,6.6,5.0,12.3,6.3,57.343415,46.910185,104.2536
2022-09-17,1015.0,1014.1,1011.5,1016.2,1017.7,6.0,6.0,6.0,7.0,1409.0,1139.0,1161.0,1158.0,859.0,77.0,66.0,77.0,70.0,72.0,13.0,16.0,16.0,21.0,17.0,6.0,8.0,9.0,14.0,9.0,2.0,6.0,3.0,11.0,6.0,5.3,4.3,5.2,10.7,12.3,8.4,7.2,8.3,6.7,4.1,12.4,13.4,11.3,13.9,13.5,302.0,326.0,294.0,328.0,311.0,3.2,6.9,4.9,13.2,7.3,69.620049,52.696337,122.316386
2022-09-18,1015.4,1014.6,1012.2,1016.4,1017.7,7.0,7.0,8.0,7.0,375.0,406.0,513.0,321.0,969.0,88.0,68.0,87.0,71.0,65.0,8.0,14.0,17.0,20.0,20.0,3.0,7.0,6.0,15.0,10.0,1.0,5.0,2.0,12.0,4.0,14.7,7.8,27.2,11.3,2.0,0.0,1.3,1.0,0.0,2.3,11.1,13.4,11.0,14.1,14.5,289.0,325.0,290.0,324.0,296.0,2.3,6.0,4.4,13.0,7.3,52.463573,53.00301,105.466583
2022-09-19,1020.7,1020.3,1018.3,1021.5,1022.3,7.0,7.0,6.0,6.0,1017.0,1175.0,1287.0,1369.0,1363.0,80.0,67.0,78.0,67.0,67.0,11.0,12.0,14.0,16.0,12.0,4.0,6.0,7.0,11.0,7.0,1.0,2.0,2.0,5.0,2.0,1.8,5.2,10.7,2.4,0.9,5.3,5.8,8.4,7.6,5.8,12.5,14.3,12.3,14.5,14.2,300.0,333.0,310.0,335.0,316.0,2.5,4.5,4.3,8.5,4.4,43.751599,34.651399,78.402998
2022-09-20,1024.3,1024.1,1023.3,1024.5,1024.9,7.0,6.0,5.0,6.0,926.0,1064.0,1252.0,1324.0,922.0,82.0,71.0,79.0,65.0,73.0,8.0,10.0,8.0,11.0,8.0,3.0,4.0,5.0,8.0,4.0,0.0,1.0,1.0,3.0,1.0,0.0,1.4,0.0,1.3,1.4,3.3,5.0,6.2,6.9,4.2,12.2,13.4,10.4,14.4,13.9,327.0,347.0,331.0,357.0,341.0,1.8,2.5,2.3,5.8,2.5,9.21157,13.257139,22.468709
2022-09-21,1026.3,1026.1,1026.3,1026.2,1026.1,4.0,4.0,1.0,5.0,1417.0,1156.0,1633.0,1227.0,1530.0,80.0,76.0,78.0,73.0,68.0,5.0,6.0,4.0,4.0,4.0,2.0,2.0,2.0,3.0,2.0,0.0,0.0,0.0,1.0,1.0,0.0,0.0,0.0,0.0,0.0,8.0,7.4,11.0,6.2,8.7,10.3,12.5,10.0,13.4,14.4,108.0,165.0,210.0,135.0,104.0,0.8,1.4,1.1,2.0,1.8,0.011129,0.136194,0.147323
2022-09-22,1021.6,1021.1,1021.9,1021.2,1021.1,5.0,5.0,5.0,5.0,1522.0,1419.0,1381.0,1475.0,1507.0,78.0,73.0,77.0,67.0,66.0,7.0,8.0,6.0,9.0,8.0,4.0,4.0,3.0,5.0,5.0,1.0,1.0,0.0,2.0,1.0,0.0,0.0,0.0,0.0,0.0,10.4,10.0,10.0,10.2,10.9,10.9,12.8,10.6,13.7,15.6,157.0,190.0,166.0,167.0,154.0,1.7,2.6,1.5,3.4,3.2,3.091914,5.078908,8.170822000000001
2022-09-23,1014.9,1014.0,1014.8,1014.6,1015.0,8.0,8.0,8.0,8.0,732.0,402.0,582.0,666.0,616.0,81.0,90.0,84.0,82.0,82.0,7.0,6.0,5.0,12.0,11.0,3.0,4.0,3.0,7.0,8.0,1.0,1.0,1.0,2.0,4.0,0.8,8.3,0.1,6.3,12.1,0.8,0.0,1.0,0.6,0.1,13.4,13.6,12.0,15.0,15.0,189.0,182.0,180.0,202.0,200.0,2.2,2.8,2.0,5.1,5.2,6.439896,11.312527,17.752423
2022-09-24,1013.4,1014.2,1013.3,1013.8,1013.5,6.0,5.0,6.0,6.0,325.0,1309.0,345.0,1041.0,1046.0,91.0,75.0,90.0,79.0,79.0,7.0,11.0,9.0,15.0,15.0,3.0,6.0,5.0,13.0,9.0,1.0,2.0,1.0,3.0,3.0,7.4,5.0,6.5,3.9,0.6,0.5,7.0,0.3,4.7,4.5,12.7,14.7,12.1,14.4,14.9,4.0,25.0,345.0,39.0,7.0,2.1,4.8,2.9,8.4,6.0,30.756271,34.655452,65.411723
2022-09-25,1014.2,1013.6,1013.0,1014.6,1015.1,5.0,6.0,5.0,6.0,1234.0,1209.0,1026.0,1213.0,1100.0,81.0,73.0,83.0,77.0,77.0,7.0,12.0,8.0,12.0,10.0,3.0,8.0,4.0,8.0,8.0,1.0,1.0,0.0,1.0,1.0,0.0,4.2,1.5,2.5,3.5,7.8,7.5,5.7,5.4,5.1,11.3,13.5,10.1,13.3,13.8,296.0,298.0,287.0,322.0,270.0,1.9,3.3,2.0,4.2,3.6,5.839755,8.670986,14.510741
2022-09-26,998.9,997.0,997.1,999.0,1000.3,8.0,8.0,8.0,8.0,306.0,665.0,331.0,494.0,543.0,88.0,76.0,92.0,78.0,83.0,11.0,16.0,12.0,20.0,15.0,6.0,11.0,7.0,15.0,12.0,2.0,2.0,2.0,6.0,5.0,17.4,10.3,10.6,23.9,17.5,0.8,1.7,0.3,2.4,1.6,11.5,13.4,11.0,13.1,12.5,218.0,265.0,206.0,282.0,233.0,3.8,6.8,5.1,10.8,8.5,68.731553,44.748823,113.480376
2022-09-27,997.1,996.0,995.2,997.3,998.4,8.0,7.0,8.0,8.0,432.0,454.0,689.0,639.0,1007.0,91.0,82.0,90.0,75.0,71.0,9.0,14.0,10.0,19.0,15.0,4.0,6.0,5.0,13.0,11.0,1.0,1.0,1.0,4.0,2.0,9.2,15.5,8.7,24.1,11.4,0.6,0.5,3.0,1.1,3.9,9.1,9.9,9.0,11.1,11.8,228.0,300.0,251.0,313.0,282.0,2.3,3.3,3.1,8.8,6.4,28.307644,35.066635,63.374279
2022-09-28,997.2,996.5,996.6,997.5,998.2,5.0,6.0,6.0,6.0,967.0,1375.0,850.0,685.0,830.0,85.0,83.0,90.0,79.0,81.0,8.0,8.0,5.0,15.0,11.0,3.0,4.0,2.0,10.0,7.0,1.0,1.0,0.0,2.0,1.0,0.0,1.3,0.2,7.2,10.9,7.1,8.1,3.3,3.2,4.6,9.5,10.7,7.4,11.1,11.1,247.0,259.0,204.0,267.0,241.0,1.7,1.9,1.3,5.3,4.0,4.437222,4.713717,9.150939
2022-09-29,1003.3,1003.1,1003.0,1003.2,1003.4,4.0,6.0,7.0,5.0,1299.0,922.0,1008.0,1110.0,1184.0,86.0,85.0,85.0,80.0,78.0,4.0,6.0,7.0,7.0,8.0,2.0,2.0,3.0,4.0,5.0,0.0,1.0,1.0,1.0,0.0,0.0,2.2,0.0,0.9,0.5,8.8,7.3,6.5,8.9,7.5,7.9,10.9,8.1,11.4,12.5,114.0,181.0,241.0,96.0,281.0,0.9,1.3,1.6,2.6,2.5,0.605,1.215744,1.820744
2022-09-30,1007.4,1005.5,1006.8,1006.7,1007.2,6.0,5.0,6.0,4.0,1347.0,1210.0,1097.0,1261.0,1321.0,76.0,81.0,80.0,76.0,76.0,12.0,17.0,10.0,20.0,27.0,6.0,11.0,6.0,14.0,17.0,1.0,1.0,1.0,2.0,2.0,5.6,10.2,2.4,13.2,4.8,9.1,8.6,7.0,8.3,8.4,11.3,12.6,10.5,13.6,14.0,188.0,193.0,191.0,199.0,195.0,3.5,5.9,3.8,7.9,8.2,39.887869,24.439909,64.327778
2022-10-01,1005.8,1003.7,1003.5,1006.0,1007.1,5.0,5.0,6.0,4.0,1056.0,1034.0,829.0,1156.0,1380.0,82.0,76.0,87.0,76.0,80.0,13.0,17.0,15.0,20.0,23.0,7.0,11.0,8.0,14.0,16.0,3.0,5.0,4.0,8.0,6.0,12.4,6.8,23.5,2.6,6.4,7.8,7.8,5.4,7.6,9.2,14.2,15.2,12.8,15.8,15.6,236.0,264.0,227.0,258.0,238.0,4.6,7.9,5.4,10.2,9.2,82.537368,46.632194,129.16956199999998
2022-10-02,1018.9,1018.0,1017.0,1019.5,1020.2,4.0,4.0,4.0,5.0,1096.0,1310.0,1187.0,1130.0,828.0,82.0,71.0,84.0,71.0,79.0,9.0,13.0,12.0,13.0,12.0,4.0,8.0,7.0,10.0,9.0,1.0,3.0,2.0,6.0,2.0,1.1,0.0,2.3,0.0,0.8,6.8,10.0,8.2,7.0,4.2,13.2,15.0,12.4,15.7,14.9,274.0,291.0,267.0,304.0,276.0,2.4,5.5,4.0,7.8,5.0,37.998445,32.952084,70.95052899999999
2022-10-03,1026.0,1025.2,1025.1,1025.9,1026.2,6.0,7.0,7.0,6.0,733.0,1070.0,1050.0,467.0,1174.0,86.0,77.0,84.0,77.0,78.0,7.0,6.0,6.0,8.0,7.0,3.0,4.0,3.0,5.0,5.0,0.0,1.0,1.0,2.0,2.0,0.0,0.0,0.0,0.0,0.0,2.8,8.8,8.1,1.6,7.9,11.1,14.3,12.5,14.3,14.5,218.0,239.0,255.0,225.0,205.0,1.3,2.4,2.2,3.4,3.3,3.183808,6.253264,9.437072
2022-10-04,1019.2,1017.5,1018.5,1018.8,1019.3,8.0,8.0,8.0,6.0,1212.0,888.0,1177.0,1125.0,1140.0,79.0,83.0,78.0,78.0,81.0,9.0,14.0,10.0,14.0,13.0,5.0,8.0,7.0,9.0,10.0,1.0,3.0,2.0,4.0,5.0,0.0,0.0,0.0,0.0,0.0,8.7,5.1,8.3,6.4,6.9,14.3,14.6,14.1,14.9,14.9,192.0,204.0,198.0,199.0,194.0,3.1,6.5,4.1,7.1,6.8,37.478564,32.629248,70.107812
2022-10-05,1014.8,1012.1,1012.8,1014.4,1015.4,7.0,7.0,8.0,7.0,449.0,661.0,481.0,464.0,424.0,76.0,78.0,78.0,74.0,74.0,14.0,21.0,18.0,21.0,19.0,7.0,13.0,11.0,15.0,13.0,3.0,8.0,5.0,9.0,8.0,1.7,1.7,0.2,1.4,0.0,0.5,2.8,0.7,0.6,0.2,15.7,16.0,15.5,16.0,16.3,210.0,226.0,216.0,221.0,214.0,5.2,10.8,7.8,11.0,10.7,98.263252,51.64748,149.910732
2022-10-06,1027.3,1025.3,1025.4,1027.3,1028.1,2.0,2.0,1.0,2.0,1280.0,1253.0,1235.0,1284.0,1369.0,72.0,70.0,75.0,67.0,72.0,11.0,17.0,15.0,17.0,16.0,6.0,11.0,9.0,13.0,11.0,1.0,4.0,3.0,6.0,4.0,0.0,0.0,0.0,0.0,0.0,10.2,10.2,10.1,10.1,10.4,12.3,14.3,12.4,14.5,14.2,223.0,241.0,231.0,242.0,235.0,3.5,8.0,5.5,8.3,7.7,63.93411,42.538147,106.472257
2022-10-07,1020.4,1018.1,1019.0,1020.1,1020.8,6.0,7.0,6.0,6.0,805.0,861.0,928.0,629.0,1038.0,75.0,80.0,78.0,79.0,77.0,10.0,16.0,16.0,15.0,12.0,5.0,11.0,9.0,10.0,9.0,2.0,4.0,4.0,6.0,5.0,0.0,1.8,0.0,1.5,4.7,4.5,6.4,6.3,3.3,6.8,13.4,15.5,13.0,14.2,14.4,205.0,223.0,206.0,213.0,204.0,3.8,8.3,5.9,7.8,7.9,61.901884,41.319764,103.221648
2022-10-08,1021.3,1020.1,1019.4,1021.7,1022.5,3.0,3.0,4.0,2.0,1063.0,1049.0,1035.0,1195.0,1199.0,80.0,70.0,83.0,71.0,71.0,10.0,12.0,13.0,13.0,12.0,5.0,8.0,7.0,10.0,7.0,1.0,1.0,2.0,2.0,2.0,0.2,0.0,0.6,0.2,1.3,8.9,8.5,7.7,9.7,9.3,11.3,13.0,10.8,13.4,13.4,255.0,280.0,255.0,282.0,267.0,2.8,5.3,3.9,7.0,5.0,43.669693,27.563425,71.233118
2022-10-09,1020.6,1019.9,1021.2,1019.8,1019.6,6.0,6.0,5.0,5.0,1219.0,1205.0,1173.0,1243.0,1298.0,78.0,75.0,79.0,71.0,74.0,8.0,10.0,8.0,10.0,9.0,4.0,6.0,5.0,7.0,6.0,1.0,1.0,1.0,4.0,3.0,0.0,0.0,0.0,0.0,0.0,10.2,10.3,10.0,10.0,10.0,9.7,11.0,9.4,12.7,13.5,149.0,163.0,159.0,152.0,138.0,2.5,3.8,2.6,5.4,4.6,13.607446,16.365446,29.972892
2022-10-10,1017.2,1016.1,1015.9,1017.3,1017.8,6.0,5.0,5.0,5.0,566.0,598.0,614.0,483.0,504.0,87.0,76.0,85.0,75.0,78.0,10.0,12.0,12.0,14.0,11.0,4.0,7.0,5.0,11.0,8.0,1.0,3.0,3.0,6.0,2.0,0.4,0.9,1.3,0.3,0.0,3.7,5.1,5.2,3.4,3.1,9.6,11.8,9.1,12.9,12.5,230.0,271.0,223.0,291.0,250.0,2.3,5.0,3.6,7.2,5.1,29.314503,31.657589,60.972092
2022-10-11,1026.1,1025.5,1025.4,1026.1,1026.2,6.0,5.0,6.0,3.0,999.0,1090.0,898.0,901.0,1208.0,83.0,74.0,85.0,72.0,74.0,5.0,7.0,7.0,8.0,5.0,2.0,4.0,4.0,6.0,3.0,0.0,1.0,0.0,2.0,1.0,0.0,0.0,0.0,0.0,0.0,7.0,9.2,6.8,6.9,9.5,8.4,11.4,8.3,11.7,12.7,240.0,265.0,249.0,283.0,212.0,1.0,2.6,2.0,3.2,1.9,4.497121,6.702388,11.199509
2022-10-12,1022.2,1021.5,1022.3,1021.9,1022.0,7.0,7.0,6.0,7.0,982.0,957.0,1001.0,910.0,1026.0,84.0,79.0,81.0,78.0,75.0,6.0,8.0,7.0,8.0,9.0,3.0,5.0,4.0,6.0,7.0,1.0,2.0,0.0,2.0,1.0,0.0,0.1,0.0,0.1,0.0,6.9,7.3,7.8,6.3,7.1,8.9,10.7,9.3,11.0,13.1,167.0,179.0,175.0,177.0,178.0,1.8,3.5,1.8,3.9,3.5,5.201239,12.30706,17.508299
2022-10-13,1016.1,1015.3,1015.7,1015.9,1016.3,7.0,6.0,8.0,8.0,338.0,459.0,266.0,292.0,387.0,89.0,92.0,94.0,93.0,91.0,6.0,7.0,6.0,11.0,10.0,3.0,4.0,4.0,7.0,8.0,1.0,0.0,1.0,1.0,1.0,0.1,6.1,2.0,12.7,2.1,0.1,1.4,0.5,1.8,0.1,12.0,12.3,11.7,12.8,13.8,199.0,220.0,203.0,201.0,192.0,2.3,2.3,2.3,4.2,4.6,9.868725,12.975968,22.844693
2022-10-14,1010.1,1009.2,1010.0,1009.7,1010.1,8.0,7.0,8.0,8.0,263.0,303.0,264.0,447.0,514.0,95.0,92.0,97.0,90.0,91.0,6.0,9.0,7.0,9.0,8.0,3.0,6.0,4.0,6.0,6.0,1.0,2.0,2.0,4.0,2.0,2.8,1.3,6.3,3.6,1.6,0.4,0.6,0.0,1.5,1.1,12.6,12.5,12.1,14.2,14.7,190.0,200.0,185.0,203.0,203.0,2.1,3.2,2.6,4.8,4.6,8.849346,9.145985,17.995331
2022-10-15,1006.1,1004.3,1005.4,1005.7,1006.3,7.0,7.0,8.0,7.0,360.0,545.0,384.0,523.0,577.0,87.0,88.0,92.0,85.0,87.0,9.0,15.0,9.0,18.0,13.0,4.0,9.0,6.0,10.0,9.0,1.0,2.0,3.0,5.0,5.0,3.2,1.9,1.3,1.7,3.4,1.9,4.1,0.9,3.6,4.0,13.6,14.3,13.1,14.5,14.6,196.0,209.0,198.0,205.0,201.0,3.2,5.7,4.2,7.4,7.3,38.439183,28.44245,66.881633
2022-10-16,1013.8,1012.5,1013.5,1013.3,1013.3,7.0,6.0,7.0,7.0,889.0,896.0,869.0,876.0,788.0,81.0,77.0,82.0,79.0,84.0,11.0,15.0,14.0,14.0,12.0,5.0,10.0,9.0,9.0,9.0,1.0,2.0,1.0,2.0,1.0,1.5,3.6,0.5,3.9,0.6,6.7,6.2,7.6,5.5,5.5,14.5,14.3,13.2,14.8,15.2,193.0,222.0,213.0,190.0,165.0,3.5,6.1,4.7,6.1,6.0,56.402619,29.680671,86.08329
2022-10-17,1019.9,1018.7,1019.5,1019.6,1019.8,8.0,8.0,8.0,8.0,213.0,307.0,230.0,292.0,351.0,93.0,91.0,94.0,89.0,92.0,9.0,14.0,12.0,13.0,12.0,4.0,8.0,7.0,8.0,8.0,1.0,3.0,2.0,3.0,2.0,8.1,1.5,2.8,4.4,3.4,0.9,1.4,0.5,0.8,0.6,15.5,15.5,14.2,16.0,16.1,192.0,205.0,199.0,205.0,198.0,2.6,5.3,3.4,6.1,5.1,30.966496,26.039873,57.006369
2022-10-18,1028.0,1027.8,1027.3,1028.1,1027.9,3.0,5.0,6.0,2.0,1014.0,1031.0,910.0,1046.0,1062.0,86.0,79.0,86.0,85.0,84.0,6.0,8.0,8.0,6.0,7.0,3.0,5.0,5.0,5.0,4.0,0.0,0.0,1.0,1.0,1.0,0.0,0.0,0.0,0.0,0.0,8.5,9.1,7.2,8.9,9.3,11.2,13.1,12.3,13.2,14.3,321.0,306.0,267.0,8.0,14.0,1.3,2.5,2.7,2.8,2.8,10.192753,7.624213,17.816966
2022-10-19,1024.7,1025.3,1026.5,1023.6,1022.3,7.0,8.0,8.0,7.0,981.0,894.0,542.0,1019.0,945.0,83.0,73.0,81.0,80.0,79.0,10.0,11.0,8.0,14.0,13.0,6.0,7.0,4.0,10.0,10.0,1.0,2.0,1.0,3.0,5.0,0.0,0.0,0.0,0.0,0.0,8.9,7.0,3.0,9.2,7.7,8.8,11.8,10.2,10.8,12.8,86.0,92.0,90.0,93.0,72.0,3.5,5.3,2.8,6.7,7.5,33.6176,20.251234,53.86883400000001
2022-10-20,1011.0,1010.5,1012.8,1009.8,1009.4,8.0,7.0,8.0,6.0,252.0,323.0,444.0,429.0,622.0,91.0,91.0,89.0,87.0,89.0,9.0,11.0,9.0,12.0,10.0,4.0,7.0,5.0,8.0,8.0,3.0,4.0,3.0,4.0,4.0,3.3,1.4,2.7,0.6,1.0,1.0,0.8,2.1,3.0,4.8,12.2,11.7,9.9,14.2,15.2,129.0,134.0,122.0,145.0,136.0,3.5,5.1,3.8,6.5,6.5,37.731432,33.462333,71.193765
2022-10-21,1006.9,1005.9,1007.1,1006.1,1006.0,7.0,7.0,8.0,7.0,564.0,566.0,525.0,752.0,833.0,89.0,90.0,93.0,82.0,83.0,7.0,12.0,6.0,11.0,12.0,3.0,8.0,4.0,7.0,9.0,2.0,2.0,1.0,4.0,4.0,2.4,0.0,2.7,0.0,0.0,3.7,3.4,2.4,5.6,6.3,14.9,14.5,14.0,16.5,16.4,165.0,180.0,174.0,177.0,173.0,2.7,3.8,2.3,5.8,6.5,14.364398,18.682468,33.046866
2022-10-22,1012.0,1010.7,1011.7,1011.5,1011.7,7.0,8.0,7.0,7.0,665.0,574.0,505.0,825.0,738.0,87.0,88.0,93.0,83.0,84.0,11.0,12.0,12.0,13.0,12.0,6.0,7.0,6.0,9.0,9.0,1.0,2.0,1.0,3.0,4.0,0.0,0.5,0.3,0.0,0.0,4.8,4.7,4.0,6.7,6.2,13.7,14.3,12.4,15.2,15.7,194.0,203.0,206.0,197.0,188.0,3.0,4.7,3.2,6.3,6.1,30.955695,28.727518,59.683213
2022-10-23,1007.0,1006.1,1008.2,1005.6,1005.3,8.0,7.0,8.0,8.0,391.0,333.0,391.0,392.0,423.0,85.0,88.0,89.0,84.0,86.0,10.0,13.0,10.0,18.0,15.0,5.0,6.0,5.0,10.0,10.0,2.0,1.0,1.0,3.0,4.0,0.4,1.9,0.0,3.6,12.0,1.5,0.3,1.6,2.1,2.2,15.1,14.2,13.4,15.3,15.9,147.0,141.0,135.0,147.0,142.0,3.5,4.0,3.1,6.9,7.1,26.369023,26.843603,53.212626
2022-10-24,1005.5,1003.0,1004.3,1004.9,1005.8,7.0,5.0,6.0,8.0,422.0,625.0,421.0,454.0,530.0,79.0,81.0,80.0,82.0,84.0,16.0,22.0,18.0,20.0,18.0,8.0,13.0,12.0,14.0,13.0,2.0,6.0,4.0,7.0,6.0,0.4,1.1,0.0,2.0,4.5,2.7,5.5,2.8,3.5,2.9,15.2,15.3,14.8,15.2,15.2,208.0,218.0,210.0,208.0,204.0,5.3,8.7,6.8,10.0,10.3,89.825636,49.029548,138.855184
2022-10-25,1014.0,1012.6,1013.2,1013.6,1013.8,7.0,6.0,7.0,6.0,528.0,702.0,559.0,579.0,808.0,85.0,85.0,90.0,85.0,86.0,10.0,12.0,11.0,11.0,11.0,5.0,8.0,6.0,7.0,8.0,2.0,3.0,1.0,4.0,5.0,0.0,0.1,0.6,0.7,0.0,4.6,6.9,6.5,4.2,7.4,13.7,14.1,13.1,14.5,14.5,202.0,227.0,214.0,198.0,183.0,3.5,5.7,4.3,5.9,6.4,41.041525,24.74407,65.785595
2022-10-26,1015.7,1014.3,1015.7,1015.0,1015.2,8.0,7.0,8.0,7.0,639.0,773.0,602.0,726.0,785.0,82.0,85.0,87.0,80.0,83.0,10.0,15.0,9.0,13.0,12.0,5.0,10.0,6.0,9.0,9.0,2.0,3.0,2.0,4.0,4.0,0.3,0.0,0.0,0.0,0.3,6.8,8.6,4.2,7.5,7.4,15.0,14.8,13.4,16.0,16.2,186.0,199.0,185.0,188.0,183.0,3.2,6.1,3.5,6.6,6.4,32.5026,30.168234,62.670834
2022-10-27,1019.0,1017.8,1019.4,1017.9,1017.8,8.0,8.0,8.0,8.0,450.0,492.0,572.0,523.0,586.0,84.0,83.0,83.0,76.0,84.0,8.0,12.0,8.0,13.0,12.0,4.0,7.0,5.0,10.0,9.0,2.0,2.0,2.0,3.0,3.0,0.0,0.3,0.0,0.2,0.0,2.8,4.1,5.5,4.1,5.1,15.7,16.0,16.0,17.5,16.5,150.0,167.0,172.0,167.0,155.0,3.0,4.5,3.5,6.8,6.3,23.887907,33.234519,57.122426
2022-10-28,1017.7,1016.5,1017.1,1017.3,1017.6,8.0,8.0,8.0,8.0,513.0,467.0,487.0,524.0,540.0,84.0,89.0,87.0,82.0,86.0,9.0,15.0,10.0,16.0,12.0,5.0,9.0,6.0,10.0,8.0,1.0,1.0,1.0,4.0,2.0,0.0,0.0,0.0,0.0,0.0,3.5,2.4,3.6,3.9,2.8,16.0,15.4,15.6,16.7,16.2,199.0,207.0,212.0,208.0,210.0,2.9,4.5,3.5,6.6,4.9,25.623782,25.833375,51.457157
2022-10-29,1017.4,1016.7,1017.8,1016.7,1016.7,8.0,8.0,8.0,8.0,518.0,476.0,449.0,530.0,575.0,86.0,88.0,93.0,80.0,86.0,6.0,10.0,6.0,10.0,9.0,3.0,6.0,3.0,8.0,7.0,1.0,1.0,1.0,3.0,2.0,0.0,0.0,0.0,0.0,0.0,3.3,3.0,3.4,3.3,4.0,15.8,15.2,14.3,17.0,16.4,152.0,170.0,157.0,162.0,143.0,2.2,3.0,1.9,5.0,4.3,6.106421,10.358457,16.464878
2022-10-30,1017.4,1016.5,1016.8,1017.3,1017.5,8.0,7.0,7.0,7.0,604.0,551.0,588.0,492.0,498.0,87.0,88.0,90.0,84.0,86.0,8.0,7.0,5.0,9.0,9.0,3.0,5.0,3.0,6.0,6.0,1.0,2.0,1.0,3.0,3.0,0.0,0.0,0.0,0.0,0.0,6.0,5.2,6.3,4.1,2.9,14.4,15.2,14.5,15.3,15.1,198.0,212.0,206.0,205.0,201.0,1.8,3.6,2.3,4.3,4.3,6.877853,13.98336,20.861213
2022-10-31,1015.6,1015.1,1016.7,1014.5,1014.2,8.0,7.0,8.0,8.0,326.0,782.0,469.0,528.0,405.0,89.0,86.0,90.0,86.0,89.0,7.0,9.0,6.0,16.0,15.0,4.0,6.0,4.0,10.0,11.0,1.0,2.0,1.0,3.0,3.0,0.1,0.0,0.0,0.5,0.2,0.7,8.1,3.7,3.9,1.9,12.8,13.4,11.9,14.3,14.5,131.0,147.0,130.0,144.0,133.0,2.5,4.3,2.7,6.0,5.6,15.949968,19.838782,35.78875
2022-11-01,1011.7,1008.7,1010.6,1010.6,1011.5,5.0,7.0,6.0,6.0,704.0,482.0,534.0,628.0,689.0,70.0,79.0,71.0,74.0,77.0,18.0,24.0,18.0,22.0,22.0,8.0,15.0,12.0,14.0,15.0,4.0,6.0,4.0,10.0,9.0,2.5,17.0,0.0,3.9,5.9,7.5,4.4,5.5,6.5,6.9,14.7,13.9,14.4,14.2,14.1,198.0,205.0,197.0,200.0,196.0,6.5,11.0,7.3,12.5,12.8,106.530303,56.46056,162.990863
2022-11-02,1016.4,1013.6,1014.8,1015.7,1016.6,5.0,6.0,7.0,5.0,700.0,610.0,668.0,687.0,746.0,72.0,70.0,76.0,71.0,76.0,18.0,19.0,16.0,21.0,20.0,8.0,12.0,9.0,14.0,15.0,4.0,8.0,4.0,8.0,8.0,1.7,0.2,3.3,3.8,1.1,6.7,5.9,6.4,7.2,7.5,12.3,12.5,11.7,12.8,13.1,204.0,224.0,213.0,211.0,197.0,5.4,9.5,6.9,10.9,10.9,100.283015,53.941392,154.224407
2022-11-03,1003.8,1001.9,1004.1,1002.8,1003.3,8.0,8.0,8.0,8.0,320.0,286.0,407.0,366.0,372.0,80.0,82.0,79.0,79.0,83.0,11.0,14.0,12.0,17.0,18.0,6.0,9.0,7.0,12.0,12.0,3.0,3.0,4.0,7.0,6.0,7.0,10.4,4.0,5.2,14.3,0.8,0.4,2.5,1.2,1.2,12.6,12.3,12.3,13.1,12.9,178.0,181.0,170.0,191.0,181.0,4.5,6.7,5.2,10.2,9.5,82.741255,51.870793,134.612048
2022-11-04,1007.9,1007.0,1006.2,1008.2,1008.8,6.0,6.0,6.0,6.0,458.0,472.0,602.0,352.0,485.0,89.0,76.0,89.0,80.0,80.0,8.0,12.0,9.0,14.0,9.0,4.0,5.0,6.0,9.0,7.0,1.0,1.0,2.0,1.0,2.0,2.3,8.3,2.4,8.3,0.5,4.3,4.8,6.6,2.1,4.4,8.9,10.8,8.7,10.8,10.7,241.0,300.0,238.0,305.0,271.0,2.0,3.3,3.8,5.6,3.6,18.793214,23.216937,42.010151
2022-11-05,1015.4,1013.1,1014.0,1014.9,1015.7,6.0,6.0,5.0,6.0,463.0,376.0,509.0,310.0,326.0,83.0,79.0,86.0,81.0,84.0,11.0,16.0,12.0,16.0,14.0,6.0,11.0,7.0,11.0,11.0,1.0,3.0,3.0,4.0,3.0,0.0,2.9,0.0,1.3,0.2,4.2,3.9,4.7,1.3,1.1,9.0,11.0,8.1,10.6,10.3,198.0,219.0,205.0,205.0,192.0,3.8,6.8,4.8,7.8,8.0,48.490755,31.827778,80.318533
2022-11-06,1007.9,1005.1,1007.1,1006.7,1007.3,8.0,7.0,8.0,7.0,230.0,87.0,280.0,93.0,130.0,84.0,90.0,88.0,92.0,91.0,13.0,17.0,15.0,19.0,19.0,7.0,12.0,9.0,13.0,13.0,4.0,7.0,6.0,9.0,10.0,7.2,16.4,4.7,18.6,11.1,0.8,0.0,1.1,0.0,0.0,10.4,11.1,9.8,10.5,11.2,183.0,198.0,191.0,189.0,182.0,5.7,9.1,6.8,10.8,11.3,106.382297,55.918873,162.30116999999998
2022-11-07,1008.3,1005.6,1006.9,1007.5,1008.2,8.0,7.0,8.0,8.0,216.0,251.0,237.0,241.0,363.0,83.0,85.0,89.0,86.0,86.0,13.0,17.0,14.0,16.0,17.0,6.0,11.0,9.0,12.0,12.0,4.0,7.0,5.0,8.0,8.0,0.3,16.3,6.9,2.5,4.7,0.2,0.7,0.3,0.3,1.6,13.0,13.4,12.2,12.9,13.2,199.0,214.0,206.0,195.0,188.0,5.2,9.2,6.8,10.3,10.3,104.837182,54.897757,159.734939
2022-11-08,1004.4,1002.1,1004.2,1003.1,1003.4,7.0,8.0,8.0,7.0,343.0,382.0,352.0,371.0,436.0,77.0,81.0,78.0,78.0,79.0,12.0,18.0,14.0,18.0,15.0,6.0,11.0,7.0,12.0,11.0,4.0,6.0,4.0,6.0,9.0,0.0,1.6,5.6,3.8,0.0,2.1,3.6,2.2,2.4,3.1,13.1,12.7,12.9,13.3,13.8,176.0,188.0,189.0,185.0,177.0,4.9,8.3,5.7,9.8,10.3,89.954676,54.919879,144.87455500000002
2022-11-09,1008.5,1006.0,1006.8,1008.1,1009.1,5.0,6.0,6.0,5.0,377.0,261.0,376.0,408.0,510.0,80.0,80.0,85.0,80.0,85.0,15.0,17.0,16.0,18.0,18.0,8.0,10.0,10.0,12.0,13.0,4.0,6.0,4.0,7.0,7.0,0.6,3.8,0.3,1.5,4.3,3.4,1.7,5.2,3.6,5.6,12.3,12.7,11.6,12.7,12.3,211.0,227.0,210.0,221.0,205.0,5.3,8.7,6.3,9.1,9.6,86.712672,48.089346,134.802018
2022-11-10,1022.5,1019.9,1020.4,1022.2,1023.1,7.0,8.0,8.0,6.0,500.0,207.0,293.0,389.0,637.0,84.0,81.0,87.0,83.0,87.0,11.0,15.0,13.0,15.0,13.0,5.0,10.0,8.0,10.0,10.0,4.0,6.0,4.0,6.0,7.0,0.0,0.0,0.0,0.0,0.0,5.5,0.9,2.0,3.3,7.8,11.5,13.6,11.5,12.5,12.0,207.0,228.0,212.0,210.0,198.0,4.3,8.3,6.5,8.2,8.4,76.164461,42.347495,118.511956
2022-11-11,1029.2,1027.2,1027.9,1028.8,1029.2,7.0,8.0,7.0,8.0,364.0,147.0,158.0,470.0,494.0,89.0,90.0,89.0,88.0,90.0,9.0,16.0,12.0,14.0,14.0,5.0,10.0,8.0,10.0,11.0,1.0,3.0,2.0,4.0,3.0,0.0,0.0,0.0,0.0,0.0,3.1,0.2,0.0,4.6,4.8,9.1,11.7,9.9,10.6,10.5,190.0,211.0,215.0,197.0,178.0,3.3,7.2,5.2,7.0,7.3,62.25781,39.514545,101.772355
2022-11-12,1029.8,1029.5,1030.4,1029.3,1029.1,6.0,5.0,5.0,4.0,596.0,352.0,313.0,612.0,642.0,88.0,93.0,97.0,86.0,90.0,4.0,5.0,4.0,7.0,6.0,2.0,3.0,2.0,5.0,5.0,1.0,1.0,1.0,2.0,2.0,0.0,0.0,0.0,0.0,0.0,7.9,3.4,2.2,7.8,7.8,7.5,9.2,5.4,10.3,11.1,140.0,141.0,117.0,152.0,128.0,1.6,2.4,1.3,3.5,3.3,1.763726,4.510162,6.273888
2022-11-13,1021.7,1022.1,1023.5,1021.1,1020.7,5.0,6.0,7.0,3.0,617.0,537.0,582.0,631.0,530.0,84.0,86.0,87.0,81.0,88.0,5.0,8.0,9.0,8.0,6.0,3.0,5.0,6.0,6.0,4.0,1.0,1.0,1.0,1.0,1.0,0.0,0.0,0.0,0.0,0.0,8.0,5.4,7.7,8.0,5.7,6.9,9.6,7.4,9.4,10.2,84.0,84.0,83.0,108.0,79.0,1.6,3.4,3.3,3.5,2.8,8.257903,6.914248,15.172151
2022-11-14,1011.3,1011.2,1012.7,1010.3,1010.2,2.0,4.0,6.0,4.0,523.0,544.0,404.0,510.0,578.0,87.0,87.0,87.0,87.0,94.0,9.0,10.0,9.0,11.0,10.0,5.0,6.0,5.0,8.0,8.0,2.0,3.0,2.0,3.0,1.0,0.0,0.0,0.0,0.0,0.0,6.6,7.5,4.2,6.8,5.6,5.5,6.8,7.0,6.8,7.4,127.0,124.0,110.0,146.0,166.0,2.9,4.5,3.5,5.3,4.9,27.744125,20.353632,48.097757
2022-11-15,1003.4,1002.2,1004.7,1001.9,1001.8,8.0,8.0,8.0,8.0,421.0,426.0,252.0,367.0,350.0,87.0,88.0,86.0,88.0,89.0,10.0,12.0,8.0,15.0,14.0,6.0,8.0,4.0,11.0,11.0,3.0,3.0,3.0,6.0,6.0,8.5,2.4,1.2,4.3,3.2,3.7,4.9,2.7,3.1,3.5,10.7,10.0,10.3,11.0,11.5,154.0,155.0,149.0,164.0,163.0,4.1,5.8,3.5,8.5,8.6,45.119671,45.202004,90.321675
2022-11-16,996.6,995.9,998.6,995.1,994.4,6.0,5.0,7.0,6.0,429.0,509.0,358.0,393.0,379.0,85.0,86.0,91.0,86.0,89.0,13.0,16.0,14.0,20.0,22.0,8.0,10.0,8.0,13.0,17.0,2.0,2.0,2.0,5.0,5.0,5.9,6.8,14.9,9.6,11.9,4.9,6.8,3.9,4.5,4.1,10.6,10.4,10.1,10.5,10.7,150.0,143.0,126.0,154.0,150.0,4.3,5.6,4.1,8.6,9.5,46.531609,47.365364,93.896973
2022-11-17,987.3,985.8,991.0,985.2,985.5,8.0,8.0,8.0,8.0,95.0,107.0,83.0,96.0,177.0,86.0,90.0,93.0,89.0,87.0,17.0,19.0,18.0,21.0,21.0,9.0,12.0,9.0,15.0,15.0,3.0,5.0,5.0,8.0,8.0,18.6,39.3,13.4,25.4,6.4,0.0,0.0,0.0,0.0,0.4,10.1,9.8,6.9,10.3,10.9,157.0,137.0,104.0,180.0,191.0,6.0,8.8,7.0,11.2,11.8,109.947524,58.425553,168.373077
2022-11-18,1001.8,1001.7,1004.4,1000.8,1001.1,8.0,7.0,8.0,7.0,267.0,187.0,105.0,167.0,181.0,92.0,91.0,91.0,93.0,91.0,9.0,13.0,12.0,11.0,10.0,5.0,8.0,7.0,8.0,8.0,2.0,4.0,5.0,1.0,1.0,1.8,0.8,3.1,11.0,8.4,1.0,0.4,0.0,0.0,0.0,7.6,7.1,3.9,9.1,9.7,134.0,115.0,95.0,180.0,197.0,3.1,5.8,5.5,5.9,5.7,53.216953,42.260656,95.477609
2022-11-19,1012.7,1013.7,1014.6,1012.1,1011.0,3.0,2.0,2.0,8.0,442.0,560.0,516.0,198.0,101.0,77.0,71.0,80.0,81.0,94.0,10.0,15.0,11.0,11.0,9.0,6.0,10.0,6.0,8.0,6.0,1.0,1.0,0.0,3.0,1.0,0.0,0.0,0.0,1.5,11.3,5.1,7.5,7.3,0.0,0.0,0.4,1.8,-1.3,2.2,5.0,70.0,91.0,78.0,89.0,45.0,3.7,6.5,3.4,5.7,4.0,53.825037,20.692536,74.517573
2022-11-20,1008.3,1008.1,1008.9,1007.6,1007.8,7.0,7.0,8.0,7.0,187.0,208.0,229.0,127.0,144.0,93.0,87.0,82.0,88.0,83.0,7.0,9.0,5.0,21.0,19.0,4.0,5.0,3.0,14.0,13.0,1.0,1.0,1.0,2.0,2.0,9.3,6.8,0.0,6.4,1.1,1.1,0.3,2.0,0.0,0.7,-0.9,0.6,0.7,3.2,7.3,100.0,135.0,140.0,127.0,226.0,1.9,3.4,1.9,6.9,6.3,14.627845,25.033895,39.66174
2022-11-21,998.8,998.2,1000.2,997.5,997.5,8.0,7.0,6.0,7.0,284.0,179.0,205.0,325.0,222.0,92.0,95.0,93.0,88.0,86.0,10.0,12.0,8.0,17.0,16.0,6.0,8.0,4.0,12.0,12.0,1.0,2.0,0.0,4.0,4.0,6.9,3.7,0.4,4.1,4.5,1.5,0.0,1.1,2.4,2.1,5.1,4.1,0.4,6.8,8.1,135.0,138.0,137.0,155.0,162.0,3.2,4.7,2.9,7.2,7.7,28.722117,35.02229,63.744407
2022-11-22,992.1,990.5,993.3,990.8,991.1,7.0,7.0,8.0,6.0,136.0,133.0,206.0,178.0,329.0,88.0,88.0,87.0,86.0,88.0,11.0,11.0,12.0,16.0,15.0,6.0,7.0,6.0,11.0,12.0,3.0,5.0,3.0,6.0,7.0,0.0,1.7,1.2,1.0,0.0,0.0,0.3,1.0,0.0,3.4,6.6,6.4,5.8,7.4,7.9,170.0,163.0,144.0,180.0,181.0,4.3,6.2,4.0,9.1,9.7,65.229679,51.947537,117.177216
2022-11-23,996.9,994.8,996.9,995.8,996.4,6.0,7.0,7.0,6.0,324.0,346.0,286.0,232.0,253.0,86.0,90.0,87.0,89.0,89.0,13.0,13.0,10.0,16.0,17.0,7.0,8.0,6.0,12.0,12.0,3.0,4.0,3.0,6.0,8.0,3.3,2.1,0.7,4.7,3.9,2.8,3.5,2.9,1.7,2.8,8.3,8.2,8.2,8.4,8.8,181.0,175.0,173.0,187.0,182.0,4.3,6.4,4.6,9.2,9.5,67.928621,52.740997,120.669618
2022-11-24,1007.5,1005.4,1007.1,1006.6,1007.2,7.0,6.0,5.0,6.0,422.0,401.0,408.0,414.0,456.0,83.0,83.0,88.0,84.0,87.0,11.0,17.0,9.0,16.0,18.0,6.0,9.0,6.0,12.0,12.0,3.0,5.0,3.0,6.0,7.0,2.6,7.2,0.2,3.6,12.9,5.4,5.9,6.4,5.4,7.0,8.9,9.7,7.8,9.6,9.6,190.0,199.0,190.0,191.0,182.0,4.2,6.8,4.3,8.8,9.0,59.237813,52.381526,111.619339
2022-11-25,1015.9,1014.3,1014.8,1015.8,1016.6,3.0,4.0,5.0,3.0,430.0,371.0,385.0,363.0,483.0,89.0,84.0,93.0,85.0,88.0,8.0,11.0,10.0,13.0,13.0,5.0,7.0,6.0,8.0,10.0,2.0,3.0,2.0,4.0,4.0,6.2,0.7,2.6,2.7,0.7,6.3,5.0,6.2,4.9,6.8,8.4,9.9,7.0,9.9,9.5,211.0,235.0,204.0,233.0,213.0,3.0,5.1,4.2,6.5,6.9,38.946555,40.270133,79.216688
2022-11-26,1026.7,1024.9,1026.1,1026.0,1026.4,7.0,7.0,6.0,8.0,305.0,334.0,252.0,347.0,402.0,90.0,92.0,95.0,89.0,90.0,8.0,12.0,8.0,16.0,14.0,4.0,7.0,4.0,12.0,11.0,1.0,3.0,2.0,3.0,4.0,0.0,0.0,0.0,0.0,0.0,2.0,2.7,2.7,3.2,4.9,6.6,8.6,5.8,8.6,8.4,172.0,190.0,189.0,185.0,177.0,2.9,4.8,3.4,7.1,7.4,25.139616,38.15506,63.294676
2022-11-27,1016.9,1015.6,1017.8,1015.6,1015.6,8.0,8.0,8.0,8.0,109.0,97.0,98.0,79.0,104.0,88.0,91.0,87.0,91.0,92.0,8.0,11.0,9.0,15.0,14.0,5.0,8.0,5.0,12.0,11.0,3.0,3.0,4.0,5.0,6.0,10.6,8.0,3.0,13.1,16.1,0.0,0.0,0.0,0.0,0.0,6.5,6.8,6.0,7.2,7.7,158.0,174.0,157.0,175.0,168.0,3.8,5.6,4.3,8.8,8.7,55.101592,50.078991,105.180583
2022-11-28,1010.5,1009.6,1010.2,1010.3,1010.7,8.0,8.0,8.0,7.0,103.0,232.0,82.0,237.0,288.0,96.0,94.0,97.0,96.0,96.0,8.0,7.0,8.0,8.0,9.0,4.0,5.0,5.0,6.0,7.0,0.0,1.0,2.0,2.0,2.0,1.8,2.1,3.3,1.6,2.5,0.2,1.9,0.0,2.0,2.1,8.6,8.5,7.8,9.0,9.0,202.0,212.0,190.0,203.0,195.0,2.2,2.1,3.3,4.1,4.3,16.181277,9.396125,25.577402
2022-11-29,1019.1,1018.9,1018.3,1019.3,1019.5,8.0,7.0,8.0,6.0,215.0,267.0,126.0,279.0,366.0,97.0,91.0,94.0,93.0,96.0,3.0,8.0,7.0,6.0,5.0,2.0,4.0,4.0,5.0,3.0,1.0,0.0,2.0,0.0,1.0,0.5,0.0,0.0,0.0,0.0,0.5,2.5,0.0,2.9,3.4,7.3,7.4,7.3,7.1,7.0,276.0,323.0,313.0,126.0,218.0,1.0,1.8,2.5,1.8,2.2,2.578494,4.805602,7.384096
2022-11-30,1025.2,1025.6,1025.3,1025.4,1025.3,6.0,6.0,8.0,6.0,256.0,199.0,116.0,289.0,229.0,94.0,93.0,92.0,89.0,96.0,4.0,4.0,6.0,6.0,5.0,2.0,2.0,4.0,5.0,3.0,0.0,1.0,1.0,0.0,1.0,0.5,0.0,0.0,0.0,0.0,2.5,0.0,0.0,2.1,0.7,5.6,6.5,5.8,6.6,6.8,357.0,57.0,27.0,76.0,236.0,1.5,1.5,2.4,2.3,2.0,1.359418,2.609696,3.969114
2022-12-01,1027.9,1028.4,1028.3,1028.1,1027.8,4.0,5.0,7.0,2.0,331.0,379.0,245.0,342.0,459.0,93.0,85.0,90.0,87.0,88.0,6.0,7.0,6.0,7.0,7.0,3.0,4.0,4.0,5.0,5.0,1.0,1.0,0.0,2.0,2.0,0.0,0.1,0.0,0.0,0.0,3.6,6.0,1.8,4.6,7.2,3.5,6.0,4.2,4.9,5.2,16.0,60.0,56.0,53.0,25.0,1.9,2.4,2.2,3.9,3.4,3.830504,6.657384,10.487888
2022-12-02,1025.1,1026.6,1026.8,1025.1,1024.1,8.0,7.0,8.0,8.0,124.0,307.0,108.0,198.0,161.0,82.0,79.0,84.0,82.0,85.0,12.0,13.0,11.0,14.0,13.0,6.0,9.0,6.0,10.0,8.0,2.0,4.0,2.0,3.0,3.0,0.0,0.0,0.0,0.0,0.0,0.0,3.3,0.2,1.0,0.7,2.6,3.6,2.2,3.3,3.9,50.0,66.0,62.0,58.0,38.0,3.8,7.1,4.7,7.5,5.8,55.854542,38.656379,94.510921
2022-12-03,1021.4,1022.4,1023.0,1021.1,1020.1,8.0,8.0,8.0,8.0,61.0,159.0,155.0,66.0,77.0,79.0,78.0,80.0,79.0,83.0,9.0,14.0,12.0,13.0,12.0,5.0,9.0,6.0,9.0,8.0,3.0,7.0,5.0,5.0,5.0,0.0,0.0,0.0,0.0,0.0,0.0,0.0,0.0,0.0,0.0,1.2,3.2,2.0,1.7,2.3,65.0,77.0,70.0,74.0,50.0,4.0,8.1,5.5,6.9,6.0,63.079376,46.04008,109.119456
2022-12-04,1018.4,1019.7,1020.3,1018.2,1017.2,8.0,8.0,8.0,8.0,56.0,51.0,69.0,66.0,121.0,83.0,82.0,84.0,82.0,86.0,10.0,14.0,10.0,11.0,11.0,5.0,10.0,6.0,7.0,7.0,3.0,7.0,4.0,5.0,4.0,0.0,0.0,0.0,0.0,0.0,0.0,0.0,0.0,0.0,0.0,1.1,2.2,1.8,1.1,1.8,65.0,77.0,66.0,74.0,49.0,3.9,7.8,5.3,6.5,5.7,60.943055,37.579312,98.522367
2022-12-05,1019.7,1020.9,1020.0,1020.4,1020.2,8.0,8.0,8.0,8.0,55.0,148.0,42.0,90.0,94.0,92.0,89.0,94.0,86.0,91.0,6.0,12.0,9.0,11.0,7.0,4.0,8.0,6.0,9.0,4.0,2.0,3.0,2.0,4.0,3.0,0.0,0.1,1.8,0.0,0.0,0.0,0.2,0.0,0.0,0.0,4.9,5.9,5.2,5.5,5.0,18.0,43.0,31.0,48.0,20.0,2.8,5.4,4.0,7.0,3.4,32.989116,42.567138,75.556254
2022-12-06,1019.4,1019.0,1017.7,1020.1,1020.7,7.0,7.0,7.0,7.0,278.0,224.0,331.0,267.0,373.0,91.0,83.0,93.0,82.0,86.0,6.0,9.0,8.0,13.0,9.0,3.0,4.0,4.0,9.0,6.0,1.0,1.0,1.0,1.0,1.0,1.2,2.8,0.5,0.8,3.8,2.7,2.1,5.2,3.1,4.5,5.0,6.0,3.9,6.5,6.0,283.0,337.0,270.0,350.0,310.0,1.9,2.6,2.5,5.3,2.9,6.985359,27.043393,34.028752
2022-12-07,1015.3,1014.4,1012.9,1016.0,1016.9,7.0,6.0,8.0,7.0,254.0,263.0,228.0,278.0,214.0,87.0,75.0,90.0,78.0,83.0,7.0,14.0,10.0,15.0,10.0,3.0,5.0,4.0,9.0,6.0,1.0,2.0,2.0,4.0,2.0,0.1,1.8,3.5,5.7,8.8,3.3,4.0,2.7,3.1,2.0,3.9,5.7,3.1,6.4,5.7,260.0,317.0,263.0,325.0,304.0,2.1,3.9,3.2,7.4,3.4,16.040314,44.567344,60.607658
2022-12-08,1007.4,1006.6,1006.4,1007.6,1008.5,8.0,5.0,5.0,6.0,167.0,236.0,277.0,148.0,194.0,92.0,85.0,95.0,86.0,79.0,9.0,11.0,7.0,17.0,11.0,3.0,5.0,4.0,12.0,7.0,1.0,0.0,0.0,2.0,2.0,7.2,2.0,2.1,11.4,4.5,1.8,2.1,3.4,0.5,1.4,2.4,2.3,-0.4,3.9,4.7,223.0,311.0,247.0,316.0,273.0,2.3,2.4,2.2,7.0,4.8,13.328867,28.567423,41.89629
2022-12-09,1006.8,1005.9,1006.4,1006.7,1006.8,6.0,4.0,4.0,7.0,240.0,403.0,175.0,266.0,188.0,91.0,95.0,96.0,94.0,96.0,7.0,6.0,6.0,9.0,6.0,3.0,4.0,3.0,6.0,5.0,1.0,1.0,1.0,2.0,2.0,0.0,0.0,0.0,0.0,0.0,2.1,5.8,1.7,3.2,0.5,0.3,-0.2,-2.6,0.9,1.6,178.0,187.0,196.0,175.0,162.0,1.7,3.1,2.0,4.1,3.1,5.955643,9.296213,15.251856
2022-12-10,1010.0,1008.8,1009.6,1009.5,1010.0,8.0,8.0,7.0,8.0,89.0,147.0,84.0,146.0,275.0,98.0,98.0,97.0,95.0,96.0,7.0,7.0,7.0,9.0,12.0,3.0,5.0,4.0,7.0,7.0,2.0,0.0,2.0,5.0,3.0,0.0,2.0,0.0,0.5,3.6,0.0,1.0,0.0,0.7,2.2,-0.5,0.8,-2.1,1.6,1.5,191.0,176.0,200.0,187.0,192.0,2.8,3.0,3.0,6.1,5.1,13.844617,7.33712,21.181737
2022-12-11,1010.0,1009.2,1010.3,1009.6,1009.6,8.0,7.0,8.0,8.0,107.0,291.0,68.0,100.0,127.0,86.0,89.0,94.0,84.0,89.0,6.0,7.0,6.0,9.0,10.0,3.0,5.0,3.0,6.0,8.0,1.0,2.0,2.0,4.0,4.0,0.0,0.0,0.0,0.0,0.0,0.0,4.2,0.0,0.0,0.0,1.3,1.0,-0.1,1.7,1.5,182.0,168.0,171.0,176.0,174.0,2.3,3.6,2.1,5.2,5.5,10.343829,12.956766,23.300595
2022-12-12,1012.2,1011.7,1012.3,1011.8,1011.4,1.0,1.0,6.0,2.0,473.0,358.0,193.0,332.0,425.0,89.0,88.0,87.0,86.0,82.0,4.0,5.0,4.0,7.0,8.0,3.0,3.0,2.0,5.0,6.0,1.0,2.0,1.0,3.0,4.0,0.0,0.0,0.0,0.0,0.0,6.6,6.3,0.7,4.5,6.2,-2.3,-1.4,-1.8,-1.1,0.6,152.0,162.0,162.0,156.0,143.0,1.7,2.8,1.5,4.0,5.0,3.105865,10.366532,13.472397
2022-12-13,1010.0,1009.8,1010.3,1009.3,1008.5,5.0,4.0,4.0,6.0,233.0,413.0,443.0,247.0,273.0,87.0,83.0,92.0,85.0,83.0,5.0,6.0,5.0,8.0,8.0,3.0,3.0,3.0,6.0,6.0,1.0,2.0,1.0,2.0,3.0,0.0,0.0,0.0,0.0,0.0,2.7,6.3,6.3,2.7,4.1,-4.2,-2.3,-4.8,-2.5,-0.4,108.0,161.0,191.0,107.0,67.0,1.9,2.4,1.7,3.8,4.1,4.335173,12.071297,16.40647
2022-12-14,1004.1,1003.9,1003.7,1004.1,1004.0,2.0,2.0,1.0,5.0,411.0,478.0,495.0,411.0,422.0,81.0,83.0,89.0,75.0,75.0,4.0,8.0,4.0,7.0,6.0,2.0,3.0,3.0,4.0,4.0,1.0,1.0,1.0,1.0,1.0,0.0,0.5,0.0,0.6,0.0,6.2,6.5,6.3,6.3,6.7,-4.4,-1.1,-6.4,-0.9,-0.8,29.0,228.0,195.0,87.0,28.0,1.5,1.8,1.5,3.0,2.8,2.347694,6.672003,9.019697
2022-12-15,1008.3,1007.0,1006.5,1008.3,1008.8,3.0,5.0,4.0,3.0,348.0,265.0,372.0,301.0,415.0,89.0,75.0,90.0,83.0,84.0,5.0,11.0,8.0,15.0,8.0,2.0,7.0,5.0,12.0,4.0,1.0,2.0,1.0,2.0,1.0,0.3,1.8,0.1,0.5,2.2,5.6,3.9,6.1,4.5,6.3,-2.7,3.8,-1.2,3.4,2.1,184.0,294.0,207.0,290.0,244.0,1.5,4.5,3.7,5.3,2.8,17.062171,25.222433,42.284604
2022-12-16,1016.4,1016.4,1015.9,1016.7,1016.8,4.0,3.0,8.0,2.0,375.0,337.0,76.0,338.0,390.0,92.0,80.0,95.0,72.0,75.0,5.0,8.0,7.0,16.0,9.0,3.0,5.0,5.0,13.0,5.0,0.0,0.0,1.0,1.0,1.0,0.0,0.0,0.0,0.0,0.0,6.6,5.4,0.0,5.4,6.3,-0.9,0.9,-0.2,2.0,2.6,348.0,39.0,16.0,58.0,9.0,1.6,2.2,2.3,4.5,2.5,5.871698,16.663932,22.53563
2022-12-17,1025.7,1023.7,1025.0,1024.8,1025.0,8.0,4.0,7.0,4.0,222.0,357.0,225.0,361.0,413.0,92.0,91.0,94.0,84.0,84.0,8.0,9.0,9.0,10.0,9.0,4.0,6.0,5.0,8.0,7.0,2.0,3.0,3.0,5.0,4.0,0.0,0.0,0.0,0.0,0.0,2.9,6.1,3.0,6.3,6.7,-1.8,-1.5,-2.1,-0.1,0.3,165.0,177.0,186.0,178.0,172.0,3.4,5.3,4.5,6.5,5.0,34.999917,45.63068,80.630597
2022-12-18,1023.6,1022.3,1024.6,1022.2,1021.9,8.0,8.0,7.0,8.0,150.0,131.0,191.0,102.0,129.0,83.0,85.0,81.0,84.0,83.0,10.0,12.0,10.0,16.0,14.0,6.0,8.0,6.0,11.0,11.0,2.0,3.0,2.0,4.0,5.0,2.2,0.8,0.0,4.7,3.9,0.9,0.7,2.2,0.3,0.3,-2.4,-2.0,-2.9,-1.6,0.4,146.0,157.0,148.0,152.0,138.0,3.7,5.2,3.6,7.8,7.8,33.913449,50.874826,84.788275
2022-12-19,1013.7,1010.9,1012.9,1012.3,1013.0,8.0,8.0,8.0,8.0,88.0,78.0,51.0,115.0,145.0,87.0,89.0,92.0,87.0,89.0,11.0,18.0,12.0,19.0,18.0,6.0,12.0,7.0,13.0,13.0,5.0,7.0,6.0,10.0,10.0,5.5,3.8,2.3,5.6,3.4,0.0,0.0,0.0,0.0,0.7,7.7,7.8,6.3,8.1,7.7,180.0,196.0,189.0,187.0,178.0,5.5,10.1,6.3,11.7,11.4,105.955463,60.019659,165.975122
2022-12-20,1010.0,1008.0,1009.0,1009.4,1009.9,8.0,8.0,8.0,8.0,55.0,76.0,79.0,52.0,56.0,91.0,90.0,92.0,91.0,94.0,12.0,19.0,13.0,16.0,15.0,6.0,13.0,8.0,12.0,12.0,2.0,2.0,2.0,3.0,3.0,7.5,1.4,1.3,2.3,5.6,0.0,0.2,0.0,0.0,0.0,10.0,9.5,9.7,9.5,8.8,197.0,205.0,204.0,192.0,187.0,4.6,7.5,5.7,7.9,7.6,78.199047,41.764759,119.963806
2022-12-21,1008.3,1006.6,1007.4,1007.8,1008.3,8.0,7.0,7.0,8.0,137.0,273.0,228.0,183.0,236.0,93.0,94.0,95.0,95.0,95.0,10.0,15.0,11.0,13.0,12.0,5.0,10.0,7.0,8.0,9.0,1.0,2.0,3.0,3.0,2.0,0.7,0.5,1.4,1.6,0.6,0.7,4.2,2.7,1.1,1.5,7.9,6.7,7.2,7.5,7.5,201.0,204.0,207.0,196.0,190.0,3.3,6.3,4.4,6.0,6.5,37.92189,35.260189,73.18207899999999
2022-12-22,1003.4,1002.4,1002.6,1003.4,1003.9,7.0,7.0,8.0,7.0,214.0,302.0,249.0,175.0,144.0,95.0,94.0,96.0,96.0,97.0,10.0,10.0,9.0,13.0,13.0,6.0,6.0,6.0,8.0,10.0,1.0,1.0,1.0,3.0,1.0,5.5,1.3,0.9,4.5,7.9,2.0,4.9,4.0,2.1,0.4,8.7,7.1,7.2,8.4,8.4,220.0,216.0,229.0,227.0,216.0,2.9,3.4,3.2,5.5,6.2,22.692356,20.547928,43.240284
2022-12-23,1002.7,1002.3,1002.8,1002.7,1003.4,8.0,8.0,8.0,7.0,43.0,46.0,86.0,48.0,64.0,94.0,97.0,98.0,94.0,94.0,14.0,7.0,7.0,17.0,20.0,7.0,5.0,4.0,12.0,16.0,1.0,1.0,0.0,3.0,4.0,11.8,12.0,11.9,8.2,14.6,0.5,0.0,0.0,0.0,0.7,9.5,6.5,6.5,9.3,8.8,229.0,90.0,88.0,229.0,229.0,3.1,2.4,2.2,6.1,9.6,22.296396,17.101807,39.398203
2022-12-24,1011.2,1009.4,1009.5,1011.0,1011.8,7.0,5.0,6.0,7.0,239.0,250.0,115.0,294.0,260.0,89.0,92.0,95.0,88.0,93.0,12.0,12.0,9.0,15.0,15.0,6.0,8.0,6.0,10.0,11.0,3.0,3.0,2.0,4.0,5.0,0.2,0.0,0.3,0.0,0.0,2.6,4.4,0.0,3.1,3.0,9.1,8.1,7.1,9.4,8.8,221.0,229.0,226.0,216.0,207.0,3.9,5.3,4.0,6.5,7.3,47.379004,35.327827,82.706831
2022-12-25,1010.7,1009.6,1010.6,1010.3,1010.5,8.0,8.0,8.0,8.0,55.0,76.0,69.0,54.0,71.0,96.0,95.0,97.0,95.0,97.0,7.0,12.0,8.0,11.0,9.0,3.0,7.0,5.0,7.0,7.0,1.0,2.0,1.0,3.0,2.0,8.8,1.5,2.3,6.4,9.0,0.0,0.0,0.0,0.0,0.0,8.6,8.9,8.2,9.0,8.0,173.0,193.0,186.0,188.0,175.0,2.1,4.6,2.9,5.0,4.6,15.025693,32.110782,47.136475
2022-12-26,1014.1,1011.9,1011.5,1014.5,1015.7,6.0,6.0,6.0,5.0,196.0,238.0,150.0,287.0,290.0,81.0,77.0,87.0,78.0,83.0,14.0,18.0,18.0,18.0,15.0,7.0,13.0,10.0,11.0,11.0,3.0,6.0,3.0,7.0,5.0,0.7,1.6,1.2,1.1,1.1,1.7,3.4,1.6,3.8,3.0,7.0,7.6,6.2,7.6,6.8,233.0,251.0,232.0,253.0,224.0,4.6,8.9,5.7,9.4,7.4,69.509614,53.973249,123.482863
2022-12-27,1021.1,1018.5,1018.9,1020.8,1021.7,6.0,6.0,7.0,7.0,264.0,254.0,275.0,265.0,249.0,85.0,79.0,87.0,81.0,88.0,11.0,18.0,14.0,18.0,15.0,6.0,12.0,9.0,13.0,11.0,3.0,6.0,4.0,5.0,6.0,1.0,0.8,2.4,0.9,1.7,4.1,4.0,4.4,4.1,2.8,5.7,7.1,4.9,6.9,6.0,206.0,229.0,214.0,217.0,195.0,4.7,8.8,5.9,9.0,8.4,74.460221,52.278962,126.739183
2022-12-28,1006.3,1002.8,1004.4,1005.4,1006.3,8.0,8.0,8.0,8.0,65.0,87.0,72.0,94.0,106.0,88.0,92.0,93.0,89.0,90.0,16.0,23.0,16.0,20.0,20.0,8.0,15.0,10.0,14.0,15.0,6.0,8.0,7.0,11.0,11.0,4.3,9.1,8.9,4.4,2.7,0.0,0.0,0.0,0.2,0.0,9.2,9.0,8.3,9.2,9.1,204.0,210.0,206.0,201.0,192.0,7.1,12.2,8.7,12.4,13.0,127.42278,59.942178,187.364958
2022-12-29,1002.2,999.1,999.4,1001.9,1003.2,7.0,7.0,7.0,7.0,128.0,267.0,167.0,202.0,195.0,81.0,81.0,85.0,83.0,86.0,17.0,20.0,19.0,20.0,21.0,8.0,13.0,12.0,14.0,15.0,5.0,8.0,7.0,8.0,9.0,3.5,1.6,4.5,1.5,2.4,0.4,3.9,1.5,1.6,0.9,9.2,9.1,8.7,8.8,8.4,221.0,230.0,223.0,219.0,212.0,6.9,10.1,8.9,10.6,11.9,125.079291,59.91992,184.999211
2022-12-30,1002.9,1000.0,1001.9,1001.8,1002.4,7.0,7.0,7.0,7.0,95.0,115.0,147.0,70.0,84.0,87.0,89.0,87.0,89.0,91.0,17.0,21.0,17.0,21.0,20.0,9.0,14.0,11.0,14.0,16.0,4.0,6.0,5.0,7.0,9.0,5.2,0.6,1.0,5.4,5.9,0.0,0.0,0.2,0.0,0.0,8.5,8.2,7.8,8.5,8.6,195.0,199.0,198.0,195.0,189.0,6.2,9.6,7.7,11.3,11.4,107.650223,58.590872,166.241095
2022-12-31,1004.0,1001.2,1002.0,1003.5,1004.3,8.0,8.0,8.0,8.0,73.0,89.0,91.0,47.0,78.0,80.0,90.0,87.0,85.0,84.0,17.0,21.0,21.0,22.0,24.0,9.0,14.0,13.0,13.0,15.0,3.0,7.0,5.0,6.0,7.0,21.2,14.3,14.2,18.3,13.7,0.0,0.0,0.0,0.0,0.0,14.0,11.3,12.7,12.7,12.4,216.0,216.0,225.0,211.0,202.0,6.6,10.5,8.5,10.5,12.0,110.400657,57.304689,167.705346
2023-01-01,1011.4,1009.2,1010.2,1010.7,1011.1,8.0,8.0,8.0,8.0,196.0,222.0,208.0,209.0,176.0,76.0,88.0,82.0,81.0,85.0,19.0,20.0,19.0,22.0,20.0,9.0,12.0,11.0,13.0,14.0,3.0,2.0,2.0,6.0,6.0,6.1,6.3,3.6,4.8,2.0,0.8,1.7,2.7,1.7,1.4,12.4,10.3,11.2,11.6,10.6,209.0,214.0,219.0,204.0,192.0,5.4,8.1,7.4,8.8,9.1,91.288016,49.680925,140.968941
2023-01-02,1016.2,1015.0,1014.4,1016.6,1017.3,6.0,6.0,7.0,7.0,149.0,169.0,126.0,146.0,164.0,89.0,85.0,93.0,90.0,93.0,12.0,10.0,10.0,11.0,14.0,6.0,7.0,6.0,7.0,10.0,2.0,2.0,3.0,2.0,4.0,3.8,2.9,4.9,3.3,2.0,0.3,1.1,0.4,0.6,1.2,8.8,7.7,7.8,8.1,8.3,235.0,264.0,237.0,248.0,224.0,3.6,5.0,4.4,5.3,6.3,41.10721,23.635206,64.742416
2023-01-03,1023.7,1021.6,1023.2,1022.8,1023.2,8.0,7.0,7.0,6.0,115.0,125.0,111.0,232.0,383.0,89.0,86.0,92.0,88.0,90.0,12.0,21.0,14.0,21.0,19.0,7.0,15.0,9.0,14.0,15.0,1.0,3.0,2.0,3.0,4.0,1.3,2.1,0.0,3.9,3.7,0.3,1.4,0.5,2.4,6.9,6.3,6.4,4.7,7.3,7.6,185.0,195.0,189.0,186.0,179.0,4.2,7.0,4.5,8.6,8.7,53.094888,40.726764,93.821652
2023-01-04,1013.5,1010.1,1009.5,1013.9,1015.4,8.0,8.0,8.0,8.0,108.0,163.0,86.0,128.0,127.0,86.0,90.0,90.0,90.0,91.0,18.0,22.0,19.0,21.0,21.0,9.0,15.0,13.0,14.0,16.0,7.0,10.0,8.0,10.0,12.0,12.5,18.1,22.6,7.0,1.8,0.0,0.5,0.3,0.3,0.0,11.6,10.6,10.7,11.0,10.8,232.0,229.0,235.0,225.0,223.0,7.6,11.8,10.1,12.8,14.4,132.159966,60.762805,192.922771
2023-01-05,1018.2,1016.3,1015.9,1018.5,1019.5,8.0,8.0,8.0,8.0,199.0,200.0,123.0,254.0,196.0,84.0,89.0,90.0,88.0,93.0,12.0,14.0,15.0,16.0,15.0,6.0,9.0,8.0,12.0,13.0,3.0,5.0,3.0,4.0,6.0,0.8,0.2,1.0,0.6,1.0,0.3,1.8,0.5,2.2,1.6,10.8,9.8,9.6,10.3,9.8,243.0,244.0,251.0,241.0,228.0,4.5,7.0,5.2,8.5,8.6,75.453161,46.123123,121.576284
2023-01-06,1015.7,1013.5,1014.1,1015.4,1016.2,7.0,7.0,7.0,7.0,354.0,257.0,280.0,377.0,409.0,83.0,89.0,88.0,85.0,89.0,14.0,19.0,14.0,19.0,17.0,7.0,14.0,9.0,12.0,13.0,2.0,5.0,3.0,5.0,5.0,1.7,1.2,1.1,1.4,0.4,4.8,3.4,4.3,6.0,5.9,10.6,9.2,8.7,10.2,10.1,220.0,220.0,219.0,215.0,207.0,4.8,8.4,5.9,8.0,8.8,79.448258,50.176528,129.624786
2023-01-07,1007.7,1005.4,1007.5,1006.3,1006.7,8.0,8.0,8.0,8.0,254.0,206.0,255.0,237.0,264.0,79.0,83.0,84.0,80.0,83.0,13.0,21.0,12.0,19.0,22.0,7.0,11.0,8.0,13.0,14.0,4.0,8.0,5.0,9.0,7.0,4.0,2.1,0.6,1.2,2.0,2.6,2.0,3.6,1.3,2.3,10.4,9.9,10.1,10.2,9.7,182.0,189.0,184.0,183.0,176.0,5.7,9.1,6.4,11.0,11.4,100.936128,60.365886,161.302014
2023-01-08,997.8,995.8,997.6,996.8,997.3,5.0,4.0,4.0,4.0,364.0,365.0,331.0,346.0,426.0,80.0,82.0,83.0,79.0,83.0,11.0,17.0,11.0,15.0,14.0,6.0,11.0,7.0,10.0,10.0,3.0,6.0,4.0,6.0,6.0,0.4,1.6,0.0,0.5,0.8,5.7,6.3,6.3,5.2,6.3,8.4,7.8,7.9,8.4,8.2,186.0,195.0,187.0,190.0,184.0,4.3,8.0,5.2,8.9,8.8,80.225569,60.239966,140.465535
2023-01-09,999.4,997.9,997.9,999.6,1000.7,6.0,7.0,7.0,7.0,174.0,243.0,117.0,260.0,245.0,84.0,83.0,92.0,82.0,81.0,12.0,15.0,10.0,15.0,19.0,5.0,8.0,6.0,12.0,12.0,3.0,3.0,3.0,7.0,7.0,3.6,2.0,1.2,2.8,6.4,1.1,2.6,0.5,2.4,1.2,7.0,7.2,5.6,7.6,7.9,234.0,249.0,215.0,261.0,246.0,4.0,5.8,4.0,9.0,9.4,58.375905,52.861398,111.237303
2023-01-10,1011.8,1008.7,1010.2,1010.8,1011.8,7.0,8.0,7.0,7.0,141.0,104.0,165.0,117.0,125.0,87.0,87.0,91.0,86.0,88.0,15.0,21.0,16.0,20.0,19.0,8.0,15.0,10.0,14.0,15.0,3.0,5.0,3.0,6.0,7.0,6.5,5.2,4.7,6.7,3.2,0.3,0.5,0.5,0.0,0.0,7.0,7.9,6.3,7.9,7.6,193.0,210.0,197.0,202.0,194.0,5.4,9.3,6.4,10.5,10.7,83.950412,53.935267,137.885679
2023-01-11,1008.1,1005.4,1005.6,1008.1,1009.4,7.0,6.0,7.0,6.0,355.0,356.0,312.0,392.0,410.0,82.0,83.0,87.0,84.0,87.0,20.0,19.0,17.0,21.0,20.0,9.0,13.0,11.0,13.0,14.0,4.0,7.0,4.0,8.0,8.0,6.1,0.4,5.1,1.9,3.1,4.9,5.9,4.5,6.3,6.2,10.0,9.4,9.1,9.7,9.4,228.0,235.0,224.0,232.0,223.0,6.2,9.1,7.5,10.0,11.7,110.107204,57.746471,167.853675
2023-01-12,1003.3,999.7,1000.1,1003.1,1004.7,7.0,7.0,8.0,7.0,52.0,133.0,165.0,71.0,68.0,90.0,89.0,90.0,90.0,92.0,17.0,22.0,19.0,25.0,24.0,10.0,15.0,11.0,16.0,17.0,6.0,9.0,7.0,11.0,11.0,40.0,6.9,11.6,25.5,24.2,0.0,0.0,0.5,0.0,0.0,10.3,10.0,10.1,10.2,10.1,226.0,228.0,230.0,226.0,218.0,7.5,11.1,9.5,12.8,14.5,129.576082,60.447304,190.023386
2023-01-13,1006.4,1003.2,1002.2,1007.0,1008.7,7.0,7.0,7.0,7.0,149.0,132.0,129.0,165.0,169.0,74.0,73.0,81.0,71.0,78.0,17.0,21.0,19.0,21.0,23.0,8.0,14.0,11.0,14.0,17.0,5.0,9.0,6.0,8.0,8.0,3.9,0.5,6.6,0.2,0.1,0.4,0.0,0.7,0.0,1.2,8.7,8.9,7.8,9.2,8.8,242.0,252.0,240.0,248.0,235.0,6.8,12.2,9.3,12.2,13.0,127.569413,61.232536,188.801949
2023-01-14,1001.8,999.0,999.9,1001.3,1002.3,8.0,8.0,8.0,8.0,53.0,65.0,65.0,47.0,69.0,86.0,85.0,90.0,86.0,87.0,17.0,22.0,16.0,22.0,21.0,9.0,15.0,10.0,15.0,16.0,3.0,5.0,5.0,6.0,7.0,15.5,9.6,14.0,17.3,10.6,0.0,0.0,0.0,0.0,0.0,8.4,7.9,7.1,8.6,8.8,210.0,222.0,214.0,219.0,209.0,5.9,9.5,7.0,11.5,12.2,104.87347,58.766905,163.640375
2023-01-15,997.4,994.5,994.3,997.4,998.7,7.0,7.0,7.0,6.0,255.0,159.0,228.0,218.0,344.0,76.0,75.0,82.0,71.0,80.0,18.0,23.0,22.0,24.0,24.0,10.0,16.0,13.0,15.0,17.0,4.0,5.0,5.0,7.0,8.0,2.0,4.5,2.5,0.2,3.2,2.0,0.6,2.3,1.3,3.6,6.2,6.5,5.5,6.8,6.4,223.0,246.0,229.0,236.0,217.0,6.3,10.7,8.6,12.0,12.8,112.13029,58.721278,170.851568
2023-01-16,982.5,982.4,982.7,982.3,982.5,8.0,8.0,8.0,8.0,91.0,65.0,82.0,63.0,213.0,89.0,90.0,93.0,89.0,85.0,15.0,16.0,10.0,23.0,21.0,7.0,8.0,5.0,17.0,14.0,2.0,1.0,1.0,5.0,5.0,11.0,10.8,8.8,21.5,14.2,0.0,0.0,0.0,0.0,1.5,4.1,3.6,3.5,4.5,5.1,165.0,129.0,156.0,310.0,191.0,4.0,5.0,3.3,10.0,9.1,52.717421,45.334251,98.051672
2023-01-17,987.6,986.1,985.1,987.9,988.6,3.0,3.0,2.0,6.0,382.0,440.0,396.0,421.0,485.0,80.0,63.0,79.0,62.0,71.0,13.0,14.0,14.0,17.0,12.0,4.0,8.0,7.0,10.0,7.0,2.0,4.0,3.0,4.0,1.0,1.1,1.0,2.8,0.2,0.0,4.3,5.8,5.9,5.1,6.4,1.4,3.6,1.5,3.6,2.9,233.0,276.0,247.0,276.0,253.0,2.4,6.0,4.8,5.5,3.3,40.806806,27.722916,68.529722
2023-01-18,995.1,992.3,992.5,995.2,996.6,5.0,6.0,4.0,6.0,456.0,230.0,453.0,282.0,530.0,83.0,76.0,86.0,69.0,75.0,12.0,19.0,15.0,18.0,13.0,6.0,12.0,10.0,14.0,11.0,1.0,6.0,3.0,7.0,3.0,4.9,4.5,6.1,0.2,0.2,5.9,1.6,6.4,1.7,6.4,1.7,4.4,1.0,4.8,4.0,218.0,250.0,207.0,263.0,233.0,4.2,8.5,6.0,9.0,7.3,66.393757,49.853529,116.247286
2023-01-19,1004.8,1003.4,1002.3,1005.3,1006.3,6.0,5.0,4.0,5.0,468.0,392.0,402.0,462.0,435.0,80.0,73.0,87.0,75.0,75.0,10.0,18.0,11.0,18.0,12.0,5.0,9.0,6.0,13.0,8.0,1.0,1.0,2.0,2.0,4.0,6.4,2.1,2.1,9.0,1.3,5.8,4.3,4.6,6.1,5.9,3.0,3.8,1.7,4.0,4.2,255.0,286.0,241.0,289.0,251.0,3.2,5.5,4.0,7.3,5.5,47.739146,39.097053,86.836199
2023-01-20,1016.0,1015.6,1016.8,1015.4,1015.6,5.0,8.0,8.0,6.0,110.0,184.0,111.0,117.0,370.0,93.0,89.0,90.0,86.0,85.0,7.0,9.0,7.0,19.0,15.0,4.0,6.0,5.0,11.0,9.0,3.0,4.0,2.0,3.0,5.0,8.0,0.9,0.0,5.1,2.5,0.0,0.7,0.0,0.5,3.4,0.4,1.6,0.1,3.1,3.8,132.0,128.0,162.0,323.0,286.0,3.1,4.8,3.4,6.8,7.0,32.159224,40.197993,72.35721699999999
2023-01-21,1032.5,1032.8,1032.4,1032.6,1032.1,6.0,3.0,3.0,1.0,239.0,424.0,482.0,541.0,566.0,95.0,89.0,87.0,88.0,87.0,5.0,7.0,7.0,8.0,7.0,3.0,4.0,3.0,6.0,5.0,1.0,0.0,0.0,1.0,2.0,0.0,0.0,0.0,0.0,0.0,0.6,4.6,6.0,7.2,7.3,-1.4,0.5,-0.2,0.0,0.8,12.0,22.0,18.0,61.0,28.0,2.0,1.6,1.9,3.5,3.9,4.46305,6.744982,11.208032
2023-01-22,1034.2,1034.9,1034.4,1034.5,1034.2,7.0,8.0,8.0,8.0,206.0,188.0,179.0,239.0,237.0,88.0,79.0,86.0,80.0,85.0,7.0,10.0,9.0,11.0,9.0,4.0,6.0,6.0,8.0,6.0,2.0,2.0,2.0,4.0,2.0,0.0,0.0,0.0,0.0,0.0,0.0,0.0,0.0,0.2,0.0,0.4,2.8,1.4,1.8,1.5,19.0,45.0,33.0,52.0,27.0,2.6,4.6,3.5,6.2,3.8,19.250047,17.951807,37.201854
2023-01-23,1037.6,1038.2,1038.4,1037.5,1037.0,8.0,8.0,8.0,8.0,300.0,154.0,161.0,368.0,259.0,86.0,83.0,87.0,81.0,87.0,7.0,6.0,5.0,9.0,9.0,3.0,4.0,3.0,6.0,6.0,2.0,2.0,1.0,3.0,2.0,0.0,0.1,0.0,0.0,0.0,1.6,0.0,0.0,3.9,0.7,2.6,3.2,2.6,3.4,3.0,51.0,78.0,59.0,70.0,36.0,2.4,3.0,2.1,4.3,3.8,6.500309,4.687813,11.188122
2023-01-24,1039.0,1039.3,1039.5,1038.8,1038.4,8.0,8.0,8.0,8.0,121.0,119.0,112.0,129.0,116.0,82.0,85.0,86.0,82.0,85.0,7.0,6.0,6.0,8.0,9.0,4.0,4.0,3.0,5.0,6.0,1.0,1.0,1.0,2.0,2.0,0.0,0.0,0.0,0.0,0.0,0.0,0.0,0.0,0.0,0.0,1.7,2.0,1.6,1.8,1.9,78.0,110.0,105.0,77.0,48.0,2.7,2.6,2.3,4.0,4.2,10.369627,2.605417,12.975044
2023-01-25,1031.9,1030.5,1031.0,1031.6,1031.9,8.0,8.0,8.0,8.0,95.0,155.0,93.0,124.0,127.0,90.0,92.0,93.0,88.0,91.0,6.0,8.0,8.0,9.0,7.0,3.0,6.0,5.0,7.0,6.0,1.0,2.0,2.0,2.0,1.0,0.0,3.2,0.5,1.9,2.4,0.0,0.0,0.0,0.0,0.0,-0.7,2.2,-0.7,0.7,0.5,199.0,193.0,208.0,180.0,173.0,2.1,3.9,3.5,4.2,3.5,17.136459,9.300922,26.437381
2023-01-26,1025.1,1025.8,1024.4,1025.9,1025.7,7.0,7.0,6.0,7.0,403.0,350.0,359.0,432.0,534.0,86.0,85.0,88.0,86.0,84.0,10.0,11.0,10.0,15.0,13.0,5.0,6.0,5.0,12.0,8.0,1.0,1.0,1.0,2.0,2.0,0.5,1.3,2.4,0.5,1.9,3.7,3.4,3.7,4.8,5.1,4.1,6.3,3.7,6.0,6.1,350.0,7.0,344.0,17.0,5.0,3.3,4.4,3.3,8.7,6.1,32.426316,51.83421,84.260526
2023-01-27,1028.2,1029.3,1028.9,1028.6,1028.1,7.0,7.0,8.0,8.0,238.0,263.0,163.0,373.0,267.0,76.0,80.0,78.0,75.0,78.0,10.0,11.0,10.0,14.0,12.0,6.0,7.0,6.0,11.0,8.0,2.0,1.0,1.0,3.0,4.0,0.0,0.0,0.0,0.0,0.0,1.8,0.7,0.3,2.5,1.3,4.0,3.8,3.2,4.3,4.6,37.0,49.0,41.0,43.0,26.0,3.9,4.2,3.7,7.7,5.6,38.805746,33.367619,72.17336499999999
2023-01-28,1030.6,1029.9,1029.5,1030.7,1030.9,7.0,7.0,8.0,7.0,530.0,425.0,454.0,513.0,498.0,73.0,76.0,81.0,75.0,76.0,5.0,7.0,6.0,8.0,6.0,2.0,5.0,4.0,5.0,4.0,1.0,1.0,1.0,1.0,1.0,0.0,0.0,0.0,0.0,0.0,5.0,3.6,4.2,5.8,4.9,3.2,4.2,2.7,3.8,3.7,319.0,237.0,242.0,190.0,110.0,1.6,2.2,2.7,2.4,2.2,3.030562,2.170475,5.201037
2023-01-29,1024.3,1022.0,1021.5,1024.5,1025.6,8.0,8.0,8.0,8.0,128.0,203.0,145.0,122.0,173.0,80.0,84.0,90.0,83.0,84.0,12.0,15.0,14.0,15.0,16.0,6.0,9.0,9.0,11.0,12.0,2.0,5.0,3.0,5.0,5.0,0.0,0.2,0.5,0.0,0.0,0.0,0.5,0.0,0.0,0.1,4.3,6.5,4.5,5.8,5.0,220.0,245.0,227.0,224.0,210.0,4.5,7.5,6.4,7.2,7.9,68.423944,39.255623,107.679567
2023-01-30,1019.5,1017.8,1015.0,1020.9,1022.3,5.0,4.0,5.0,3.0,305.0,551.0,379.0,574.0,681.0,77.0,75.0,79.0,77.0,78.0,16.0,20.0,22.0,19.0,16.0,7.0,12.0,11.0,15.0,11.0,2.0,4.0,5.0,4.0,2.0,2.3,0.6,2.2,0.0,0.0,2.5,6.6,3.2,6.9,8.0,6.7,7.2,6.1,7.3,7.1,279.0,293.0,281.0,294.0,271.0,4.9,9.0,7.8,10.8,7.7,108.211929,58.053453,166.265382
2023-01-31,1020.8,1018.5,1016.8,1021.8,1023.1,6.0,5.0,6.0,5.0,205.0,481.0,151.0,313.0,384.0,80.0,78.0,82.0,81.0,88.0,13.0,17.0,15.0,16.0,16.0,7.0,11.0,9.0,12.0,13.0,3.0,6.0,4.0,6.0,6.0,0.0,0.0,0.2,0.0,0.0,1.0,4.9,0.6,2.2,3.0,6.4,7.5,6.0,7.5,6.5,247.0,261.0,256.0,259.0,240.0,4.6,9.3,7.1,8.8,8.8,89.666796,55.146208,144.813004
2023-02-01,1018.7,1016.4,1014.0,1020.1,1022.0,8.0,6.0,6.0,8.0,229.0,256.0,181.0,293.0,436.0,73.0,78.0,76.0,77.0,80.0,19.0,21.0,19.0,20.0,18.0,8.0,14.0,10.0,15.0,14.0,5.0,6.0,4.0,10.0,8.0,1.0,0.6,0.9,0.3,0.0,1.0,2.7,1.1,0.9,2.9,7.8,7.5,6.4,7.8,7.5,269.0,277.0,270.0,268.0,255.0,6.5,11.0,8.1,12.7,10.5,121.616399,62.366368,183.982767
2023-02-02,1023.1,1021.3,1020.2,1024.1,1025.5,8.0,8.0,8.0,8.0,186.0,208.0,175.0,323.0,546.0,86.0,88.0,89.0,85.0,89.0,12.0,15.0,14.0,16.0,15.0,6.0,9.0,8.0,12.0,12.0,3.0,5.0,2.0,7.0,7.0,2.8,1.6,3.2,1.7,0.0,0.0,0.0,0.0,1.9,5.0,8.3,8.1,6.5,8.5,7.7,263.0,265.0,253.0,260.0,244.0,4.5,7.5,4.0,9.7,9.8,76.656364,50.227334,126.883698
2023-02-03,1027.0,1025.7,1023.3,1028.3,1029.4,8.0,8.0,8.0,8.0,201.0,203.0,313.0,373.0,399.0,79.0,82.0,79.0,87.0,91.0,15.0,17.0,16.0,19.0,18.0,7.0,11.0,10.0,13.0,13.0,2.0,4.0,3.0,2.0,4.0,0.1,0.0,0.3,0.8,0.0,0.2,0.2,1.8,1.9,3.3,9.2,8.5,8.2,8.7,8.2,277.0,276.0,286.0,269.0,249.0,4.9,7.5,7.7,9.0,9.6,103.683152,50.124839,153.80799100000002
2023-02-04,1036.2,1035.8,1035.9,1036.4,1036.8,8.0,8.0,8.0,8.0,384.0,373.0,567.0,198.0,332.0,89.0,91.0,81.0,96.0,95.0,6.0,6.0,7.0,7.0,6.0,2.0,3.0,4.0,4.0,4.0,0.0,1.0,1.0,1.0,2.0,0.1,0.7,0.0,1.0,1.1,1.8,1.2,5.7,0.1,0.6,7.3,7.3,5.3,7.7,8.0,284.0,246.0,111.0,254.0,273.0,1.2,2.1,2.3,2.2,2.9,3.027834,4.833691,7.861525
2023-02-05,1039.9,1040.3,1038.2,1041.1,1041.5,7.0,7.0,7.0,7.0,408.0,619.0,475.0,631.0,601.0,81.0,81.0,85.0,84.0,81.0,16.0,14.0,16.0,18.0,16.0,8.0,8.0,8.0,13.0,9.0,1.0,3.0,1.0,5.0,3.0,1.1,2.1,2.8,1.5,0.5,1.9,7.2,5.0,6.5,6.1,6.5,6.8,5.5,6.9,7.0,344.0,344.0,342.0,352.0,341.0,4.5,5.4,4.8,9.8,6.9,67.042473,35.713523,102.755996
2023-02-06,1041.7,1041.7,1041.4,1041.7,1041.6,5.0,4.0,4.0,3.0,601.0,602.0,534.0,703.0,753.0,88.0,89.0,91.0,89.0,89.0,6.0,5.0,6.0,8.0,5.0,3.0,3.0,4.0,7.0,3.0,1.0,0.0,1.0,1.0,1.0,0.0,0.0,0.0,0.0,0.0,5.3,5.8,4.9,7.2,7.5,3.1,4.5,2.0,4.9,5.0,11.0,347.0,342.0,33.0,11.0,1.5,1.6,1.6,3.2,2.2,1.491797,2.329126,3.820923
2023-02-07,1040.0,1039.7,1040.3,1039.6,1039.2,0.0,1.0,1.0,0.0,830.0,735.0,773.0,748.0,829.0,85.0,89.0,88.0,87.0,89.0,4.0,5.0,6.0,6.0,5.0,2.0,4.0,3.0,4.0,4.0,0.0,0.0,0.0,1.0,2.0,0.0,0.0,0.0,0.0,0.0,8.5,8.5,8.3,7.3,8.4,-0.3,1.6,-1.2,1.5,2.5,126.0,182.0,166.0,114.0,64.0,1.5,1.8,1.6,2.4,2.5,1.809582,3.348738,5.15832
2023-02-08,1036.0,1035.3,1036.2,1035.5,1035.3,5.0,4.0,7.0,4.0,801.0,794.0,789.0,833.0,850.0,69.0,75.0,69.0,70.0,71.0,5.0,7.0,8.0,6.0,5.0,3.0,5.0,5.0,5.0,4.0,1.0,1.0,1.0,2.0,1.0,0.0,0.0,0.0,0.0,0.0,8.5,8.5,8.1,8.7,8.7,0.1,0.9,-0.1,1.9,3.3,145.0,170.0,162.0,158.0,137.0,2.1,3.0,2.2,3.4,2.5,6.831819,11.613274,18.445093
2023-02-09,1032.3,1030.7,1030.6,1032.3,1032.8,8.0,8.0,8.0,7.0,463.0,246.0,348.0,312.0,474.0,76.0,82.0,76.0,79.0,81.0,6.0,9.0,8.0,9.0,10.0,4.0,6.0,5.0,7.0,8.0,2.0,3.0,3.0,3.0,2.0,0.0,0.0,0.0,0.0,0.0,3.8,1.3,2.6,2.1,4.4,1.8,4.4,1.3,3.9,3.8,211.0,249.0,215.0,224.0,215.0,2.6,4.3,4.2,5.0,4.8,25.018006,23.434133,48.452139
2023-02-10,1035.4,1033.4,1032.9,1035.5,1036.3,7.0,8.0,8.0,7.0,704.0,601.0,616.0,755.0,722.0,84.0,82.0,85.0,84.0,91.0,10.0,15.0,14.0,13.0,12.0,5.0,9.0,9.0,8.0,9.0,1.0,3.0,3.0,3.0,3.0,0.0,0.0,0.0,0.0,0.0,6.5,6.1,6.9,8.2,7.5,3.6,6.4,3.9,6.0,4.8,220.0,242.0,234.0,221.0,220.0,3.4,6.1,5.4,5.8,5.9,47.013152,34.436863,81.45001500000001
2023-02-11,1035.1,1034.0,1032.9,1035.6,1036.3,8.0,5.0,8.0,8.0,410.0,414.0,252.0,263.0,212.0,85.0,91.0,89.0,88.0,90.0,8.0,9.0,10.0,11.0,10.0,4.0,6.0,6.0,8.0,8.0,1.0,2.0,2.0,2.0,1.0,0.0,0.0,0.0,0.0,0.0,2.4,1.3,0.7,0.0,0.0,7.7,7.1,7.2,7.7,7.2,254.0,272.0,257.0,265.0,251.0,2.8,4.4,4.2,5.1,4.8,36.352977,22.956786,59.309763
2023-02-12,1038.6,1038.4,1038.3,1038.6,1038.4,8.0,8.0,8.0,8.0,176.0,255.0,281.0,200.0,397.0,82.0,82.0,89.0,72.0,79.0,4.0,7.0,6.0,8.0,5.0,2.0,4.0,4.0,4.0,4.0,1.0,1.0,1.0,1.0,1.0,0.0,0.0,0.0,0.0,0.0,0.0,0.0,0.2,0.0,1.7,7.1,6.0,6.6,7.6,7.2,182.0,239.0,250.0,165.0,91.0,1.3,1.6,2.0,2.3,2.1,0.75371,1.316072,2.069782
2023-02-13,1036.1,1036.2,1036.9,1035.8,1035.5,3.0,5.0,6.0,2.0,826.0,330.0,275.0,776.0,886.0,83.0,86.0,88.0,80.0,87.0,5.0,6.0,5.0,6.0,5.0,3.0,3.0,3.0,4.0,4.0,1.0,1.0,1.0,1.0,2.0,0.0,0.0,0.0,0.0,0.0,8.7,1.0,0.5,6.5,8.8,6.7,6.1,5.2,7.4,7.0,115.0,107.0,82.0,116.0,103.0,2.0,2.1,1.8,2.5,2.6,2.104995,2.432027,4.537022
2023-02-14,1032.2,1031.9,1032.5,1031.9,1031.8,1.0,3.0,3.0,0.0,852.0,805.0,819.0,835.0,898.0,88.0,92.0,91.0,87.0,88.0,5.0,6.0,4.0,6.0,5.0,2.0,4.0,2.0,4.0,4.0,1.0,0.0,0.0,1.0,0.0,0.0,0.0,0.0,0.0,0.0,8.7,7.9,8.2,8.8,8.8,4.0,4.3,3.3,6.0,6.6,147.0,212.0,138.0,168.0,141.0,1.7,1.6,1.3,2.5,2.3,1.052274,3.405942,4.458216
2023-02-15,1025.2,1024.1,1024.7,1024.9,1025.1,6.0,7.0,7.0,6.0,738.0,714.0,706.0,709.0,766.0,81.0,85.0,86.0,81.0,85.0,6.0,10.0,7.0,10.0,9.0,4.0,6.0,4.0,7.0,6.0,1.0,1.0,0.0,2.0,2.0,0.0,0.0,0.0,0.0,0.0,8.0,8.6,8.7,7.4,7.2,5.3,5.3,3.8,6.5,6.9,182.0,202.0,190.0,186.0,179.0,2.3,4.0,2.3,5.0,4.1,10.707248,22.162823,32.870071
2023-02-16,1021.1,1019.1,1019.6,1020.9,1021.7,8.0,8.0,8.0,8.0,375.0,364.0,312.0,415.0,391.0,86.0,91.0,89.0,88.0,90.0,11.0,15.0,10.0,16.0,16.0,5.0,9.0,6.0,10.0,10.0,2.0,5.0,3.0,5.0,5.0,2.4,1.1,1.5,2.8,0.6,1.3,0.4,1.2,1.3,1.1,8.3,8.3,7.4,8.5,8.3,208.0,219.0,213.0,211.0,207.0,4.0,6.9,4.8,7.3,7.3,51.965488,43.914613,95.880101
2023-02-17,1019.1,1016.7,1015.6,1019.7,1021.1,8.0,8.0,8.0,8.0,269.0,481.0,264.0,381.0,420.0,88.0,89.0,83.0,95.0,93.0,16.0,19.0,19.0,21.0,22.0,8.0,12.0,12.0,14.0,16.0,3.0,3.0,3.0,5.0,9.0,0.1,0.0,0.4,0.0,0.0,1.5,3.1,1.5,1.8,1.8,10.4,9.0,9.4,9.0,9.4,243.0,241.0,251.0,230.0,233.0,6.1,8.0,8.4,11.0,11.8,108.022962,58.368924,166.391886
2023-02-18,1018.2,1016.0,1015.0,1018.8,1020.2,8.0,8.0,8.0,8.0,295.0,478.0,259.0,502.0,435.0,89.0,90.0,89.0,91.0,92.0,16.0,15.0,18.0,19.0,20.0,7.0,11.0,10.0,13.0,16.0,3.0,5.0,3.0,8.0,7.0,4.9,1.0,5.3,2.0,0.2,0.4,2.5,0.2,2.3,1.6,10.3,9.1,9.1,9.4,9.3,245.0,246.0,258.0,233.0,236.0,5.3,7.8,5.8,10.1,12.8,91.857571,53.553762,145.41133299999998
2023-02-19,1023.0,1022.2,1021.4,1023.8,1024.8,8.0,8.0,8.0,7.0,254.0,447.0,682.0,440.0,695.0,89.0,86.0,85.0,88.0,86.0,11.0,12.0,9.0,15.0,16.0,5.0,7.0,7.0,11.0,10.0,2.0,2.0,1.0,4.0,3.0,1.5,0.5,1.5,0.4,0.0,0.4,1.7,5.8,2.6,5.2,7.8,7.1,6.2,7.9,8.2,271.0,267.0,268.0,269.0,255.0,3.4,4.7,3.2,7.5,6.6,41.095143,31.856056,72.951199
2023-02-20,1021.5,1019.0,1017.6,1022.1,1023.3,8.0,6.0,8.0,8.0,197.0,770.0,229.0,362.0,403.0,88.0,89.0,86.0,90.0,92.0,12.0,16.0,16.0,18.0,17.0,6.0,10.0,9.0,12.0,13.0,4.0,7.0,6.0,8.0,8.0,0.0,0.0,0.0,0.0,0.0,0.0,5.0,0.6,1.1,1.1,8.1,8.4,8.7,8.0,7.9,236.0,238.0,245.0,230.0,236.0,5.6,8.9,8.2,10.3,10.4,113.854973,61.433711,175.288684
2023-02-21,1018.3,1017.2,1016.9,1018.2,1018.6,8.0,7.0,8.0,8.0,144.0,216.0,241.0,169.0,260.0,93.0,93.0,92.0,91.0,94.0,9.0,10.0,11.0,11.0,12.0,5.0,7.0,6.0,7.0,9.0,2.0,2.0,1.0,4.0,1.0,0.0,0.1,0.0,0.0,0.0,0.0,0.0,0.0,0.0,0.0,7.9,8.0,9.1,7.7,7.4,222.0,235.0,249.0,216.0,211.0,2.8,4.5,3.5,5.1,4.6,31.622891,15.965882,47.588773
2023-02-22,1012.1,1011.6,1012.0,1011.8,1012.0,8.0,8.0,8.0,8.0,370.0,384.0,428.0,396.0,359.0,90.0,89.0,91.0,91.0,96.0,8.0,7.0,6.0,7.0,10.0,3.0,5.0,3.0,6.0,8.0,1.0,2.0,1.0,2.0,1.0,0.8,0.0,0.0,0.2,3.0,0.0,0.6,1.4,0.0,0.0,7.0,6.8,7.7,6.8,6.9,176.0,194.0,173.0,183.0,183.0,2.6,3.3,2.2,4.2,3.9,8.531495,7.440408,15.971903
2023-02-23,1015.5,1015.5,1014.4,1016.1,1016.1,7.0,7.0,7.0,8.0,263.0,286.0,192.0,371.0,551.0,90.0,83.0,87.0,85.0,88.0,9.0,10.0,9.0,14.0,11.0,4.0,5.0,5.0,11.0,6.0,1.0,1.0,1.0,2.0,1.0,1.1,0.1,0.7,0.1,0.0,0.0,0.7,0.3,0.4,1.6,6.4,6.3,5.8,6.9,7.4,330.0,336.0,304.0,353.0,353.0,2.1,3.1,2.6,5.5,3.4,14.990907,14.348606,29.339513
2023-02-24,1008.6,1007.7,1005.2,1009.8,1010.8,7.0,7.0,7.0,7.0,356.0,626.0,411.0,413.0,335.0,82.0,78.0,84.0,77.0,80.0,11.0,15.0,15.0,19.0,13.0,5.0,9.0,8.0,13.0,10.0,1.0,5.0,3.0,5.0,2.0,2.8,3.3,5.0,2.2,1.6,1.7,4.7,2.6,2.3,1.1,4.4,6.0,4.7,6.1,5.7,282.0,303.0,285.0,315.0,291.0,3.4,7.0,5.8,9.4,5.3,70.82023,47.419093,118.23932299999998
2023-02-25,1013.0,1013.6,1011.8,1014.0,1014.1,3.0,4.0,5.0,4.0,850.0,899.0,940.0,885.0,948.0,72.0,65.0,64.0,66.0,69.0,13.0,15.0,15.0,20.0,14.0,7.0,8.0,9.0,13.0,9.0,1.0,3.0,4.0,6.0,2.0,2.4,0.3,0.1,0.8,0.2,5.9,6.6,8.1,7.8,8.5,3.5,5.1,3.9,5.3,5.3,354.0,12.0,4.0,12.0,358.0,3.6,5.8,5.3,10.5,6.0,70.823165,52.992363,123.815528
2023-02-26,1025.6,1026.5,1025.8,1026.0,1025.3,2.0,3.0,2.0,2.0,1160.0,1119.0,1047.0,1101.0,1236.0,61.0,63.0,66.0,56.0,63.0,14.0,14.0,11.0,15.0,16.0,7.0,9.0,7.0,11.0,11.0,2.0,4.0,1.0,5.0,3.0,0.0,0.0,0.0,0.0,0.0,9.9,9.9,9.1,9.4,9.9,2.5,4.6,1.7,4.1,3.7,31.0,50.0,26.0,43.0,33.0,3.8,6.2,3.6,8.7,6.7,50.303546,46.2532,96.556746
2023-02-27,1030.7,1031.5,1031.1,1030.8,1030.2,2.0,3.0,7.0,3.0,1009.0,1141.0,775.0,967.0,1159.0,73.0,78.0,80.0,64.0,69.0,12.0,9.0,9.0,12.0,12.0,6.0,6.0,6.0,9.0,9.0,1.0,0.0,0.0,3.0,3.0,0.0,0.0,0.0,0.0,0.0,8.8,9.2,6.1,7.2,8.8,1.7,3.9,2.0,3.8,3.5,38.0,43.0,18.0,55.0,37.0,3.2,3.4,2.4,6.0,5.2,23.048377,30.189066,53.237443
2023-02-28,1031.6,1032.0,1031.9,1031.6,1031.0,4.0,4.0,4.0,4.0,983.0,625.0,985.0,773.0,792.0,70.0,83.0,85.0,71.0,71.0,8.0,9.0,5.0,10.0,11.0,5.0,5.0,3.0,8.0,7.0,1.0,1.0,0.0,2.0,3.0,0.1,0.0,2.2,0.4,0.7,6.5,4.3,7.0,5.1,5.0,2.3,3.8,2.4,3.4,3.0,66.0,40.0,120.0,62.0,39.0,2.4,2.5,1.7,4.8,4.3,8.873811,12.566198,21.440009
2023-03-01,1028.1,1029.0,1029.2,1028.0,1027.4,0.0,4.0,6.0,0.0,1231.0,1147.0,1164.0,1228.0,1299.0,68.0,87.0,85.0,68.0,69.0,9.0,10.0,9.0,10.0,12.0,5.0,7.0,6.0,8.0,7.0,1.0,0.0,0.0,3.0,3.0,0.0,0.0,0.0,0.0,0.0,10.0,8.4,9.8,10.0,10.0,1.6,3.2,1.3,3.5,3.3,49.0,54.0,57.0,57.0,29.0,2.8,3.5,2.7,5.1,4.7,20.744097,16.414942,37.159039
2023-03-02,1024.6,1026.2,1026.2,1024.7,1023.8,1.0,4.0,6.0,0.0,1246.0,738.0,827.0,1260.0,1283.0,80.0,88.0,93.0,79.0,77.0,9.0,10.0,7.0,13.0,11.0,5.0,7.0,4.0,11.0,8.0,2.0,3.0,2.0,6.0,4.0,0.0,0.0,0.0,0.0,0.0,9.9,4.2,5.0,10.0,9.8,3.5,4.0,2.3,3.9,3.9,32.0,49.0,42.0,40.0,26.0,3.7,5.3,3.5,8.1,5.8,40.422566,41.419199,81.84176500000001
2023-03-03,1026.4,1026.7,1025.6,1026.9,1026.7,7.0,6.0,8.0,5.0,721.0,608.0,597.0,893.0,922.0,78.0,73.0,84.0,76.0,78.0,8.0,9.0,8.0,11.0,10.0,4.0,4.0,5.0,8.0,6.0,2.0,3.0,1.0,3.0,4.0,0.0,0.0,0.0,0.0,0.0,4.0,2.5,1.9,6.2,5.5,4.3,5.6,3.4,5.0,4.9,10.0,358.0,304.0,22.0,13.0,2.9,3.4,2.6,6.1,4.9,17.472634,25.44594,42.918574
2023-03-04,1025.0,1024.9,1023.1,1026.0,1026.3,8.0,8.0,8.0,7.0,481.0,597.0,559.0,863.0,709.0,78.0,78.0,81.0,79.0,82.0,10.0,11.0,11.0,12.0,11.0,4.0,6.0,6.0,8.0,6.0,1.0,3.0,3.0,5.0,1.0,0.3,1.9,0.7,0.3,0.5,1.2,1.4,2.1,4.9,3.6,5.8,5.8,5.1,6.1,6.1,336.0,343.0,319.0,353.0,342.0,2.8,4.0,4.3,7.0,3.8,37.805234,24.787559,62.592793
2023-03-05,1015.6,1015.1,1013.8,1016.2,1016.7,8.0,8.0,8.0,8.0,539.0,988.0,832.0,771.0,419.0,80.0,77.0,85.0,79.0,81.0,6.0,9.0,10.0,12.0,10.0,3.0,5.0,5.0,8.0,5.0,1.0,2.0,2.0,3.0,1.0,0.3,0.8,1.1,1.1,0.1,1.3,7.6,5.2,2.6,0.3,4.0,4.5,3.2,4.6,4.5,280.0,304.0,274.0,318.0,285.0,1.8,3.2,3.5,4.9,3.2,16.259818,16.137925,32.397743
2023-03-06,1003.7,1002.2,1002.1,1003.9,1004.8,8.0,8.0,8.0,8.0,725.0,718.0,870.0,625.0,667.0,81.0,81.0,85.0,80.0,82.0,12.0,15.0,14.0,16.0,17.0,7.0,10.0,8.0,11.0,12.0,2.0,1.0,0.0,3.0,1.0,3.1,7.4,5.8,4.9,15.9,2.5,3.9,5.7,1.5,1.6,4.0,4.1,2.8,5.0,5.0,235.0,246.0,220.0,260.0,242.0,3.5,5.5,3.9,7.3,6.3,43.646644,31.660176,75.30682
2023-03-07,998.1,996.8,995.6,998.5,999.3,6.0,6.0,6.0,8.0,391.0,620.0,638.0,325.0,387.0,89.0,71.0,84.0,80.0,88.0,9.0,14.0,12.0,13.0,16.0,4.0,9.0,6.0,10.0,7.0,1.0,3.0,2.0,4.0,2.0,5.9,2.2,1.0,7.5,10.5,0.0,2.5,3.1,0.3,0.0,2.1,3.6,1.5,3.5,3.7,262.0,293.0,262.0,307.0,278.0,2.6,5.3,4.3,7.1,4.0,44.692281,29.75346,74.445741
2023-03-08,994.5,995.1,995.5,994.0,993.0,8.0,8.0,7.0,8.0,422.0,753.0,731.0,499.0,320.0,92.0,73.0,82.0,86.0,92.0,8.0,10.0,6.0,12.0,14.0,5.0,7.0,4.0,8.0,9.0,1.0,0.0,1.0,1.0,3.0,2.2,0.0,0.0,5.1,7.4,0.1,3.3,2.9,0.7,0.0,0.4,2.2,0.3,1.3,1.9,75.0,87.0,113.0,83.0,71.0,3.0,4.0,2.5,5.7,6.8,24.315259,30.548666,54.863925
2023-03-09,994.4,995.4,996.1,993.8,993.2,8.0,8.0,8.0,8.0,275.0,589.0,623.0,295.0,351.0,92.0,83.0,87.0,92.0,96.0,9.0,14.0,11.0,11.0,8.0,5.0,10.0,7.0,8.0,6.0,2.0,4.0,3.0,3.0,2.0,11.4,4.0,3.7,15.4,13.6,0.0,1.2,2.2,0.1,0.1,1.6,2.3,1.4,2.0,4.7,67.0,83.0,75.0,85.0,100.0,3.2,6.1,3.6,5.3,4.3,26.903592,31.878087,58.781679
2023-03-10,993.2,994.6,993.3,993.9,994.1,8.0,8.0,8.0,7.0,186.0,200.0,264.0,267.0,418.0,91.0,86.0,96.0,84.0,86.0,17.0,19.0,12.0,26.0,23.0,8.0,14.0,7.0,19.0,14.0,2.0,4.0,3.0,4.0,4.0,14.4,13.7,12.4,17.5,6.0,0.0,0.0,0.0,0.0,1.6,1.7,1.6,0.4,2.9,5.5,5.0,33.0,25.0,4.0,286.0,4.0,8.8,5.4,10.5,7.4,86.634902,52.099353,138.734255
2023-03-11,1010.7,1010.0,1009.4,1010.7,1010.8,8.0,6.0,5.0,7.0,1369.0,1186.0,1405.0,1237.0,1150.0,70.0,72.0,84.0,59.0,69.0,6.0,11.0,11.0,12.0,7.0,3.0,6.0,6.0,9.0,6.0,0.0,1.0,1.0,1.0,0.0,0.0,0.7,0.3,0.0,0.0,10.2,9.0,9.8,7.8,7.6,1.7,2.7,-0.3,4.3,4.7,236.0,266.0,251.0,330.0,147.0,1.8,3.1,3.4,3.6,2.5,17.870794,13.893117,31.763911
2023-03-12,1006.7,1004.6,1005.6,1006.3,1007.0,8.0,8.0,8.0,8.0,480.0,690.0,318.0,714.0,924.0,82.0,88.0,89.0,85.0,89.0,14.0,16.0,12.0,19.0,18.0,7.0,10.0,7.0,11.0,14.0,2.0,3.0,1.0,6.0,5.0,1.5,0.9,1.2,4.2,1.9,1.4,3.7,0.3,2.2,3.8,7.0,6.1,4.4,7.5,7.7,208.0,212.0,203.0,209.0,212.0,4.4,7.3,4.7,8.5,9.4,65.846208,53.557004,119.403212
2023-03-13,993.2,989.8,990.8,992.8,993.8,6.0,5.0,6.0,6.0,1081.0,1136.0,861.0,1168.0,1205.0,75.0,82.0,77.0,76.0,78.0,22.0,24.0,25.0,25.0,29.0,11.0,16.0,16.0,16.0,20.0,3.0,10.0,6.0,8.0,7.0,5.1,2.7,3.7,1.8,0.6,7.2,7.4,5.8,7.6,8.1,12.7,10.2,11.5,11.7,11.6,221.0,218.0,225.0,218.0,215.0,7.1,13.3,11.0,12.8,13.3,109.320622,64.431468,173.75209
2023-03-14,999.4,998.4,996.7,1000.3,1001.4,7.0,7.0,7.0,8.0,954.0,1182.0,931.0,870.0,636.0,72.0,72.0,76.0,76.0,77.0,14.0,16.0,16.0,18.0,17.0,6.0,10.0,10.0,12.0,11.0,2.0,5.0,3.0,5.0,3.0,8.6,7.2,7.1,7.5,5.4,4.7,7.3,4.2,4.1,2.1,6.6,5.9,5.4,6.6,6.8,275.0,294.0,274.0,300.0,272.0,4.9,7.5,7.0,10.1,7.4,102.872783,53.775817,156.6486
2023-03-15,1017.0,1016.2,1016.0,1016.9,1017.1,6.0,5.0,4.0,7.0,1445.0,1435.0,1450.0,1378.0,1423.0,68.0,73.0,72.0,68.0,73.0,7.0,10.0,11.0,12.0,11.0,4.0,6.0,6.0,8.0,7.0,1.0,1.0,1.0,1.0,1.0,0.0,0.0,0.1,0.5,0.1,11.0,11.0,10.2,9.6,9.4,4.9,4.2,3.1,6.0,6.2,197.0,227.0,251.0,207.0,183.0,2.3,3.8,3.6,5.0,4.0,23.204091,19.059276,42.263367
2023-03-16,1011.8,1010.0,1012.5,1010.4,1010.6,8.0,8.0,8.0,8.0,1012.0,499.0,581.0,870.0,1194.0,65.0,71.0,68.0,64.0,72.0,12.0,14.0,14.0,17.0,13.0,7.0,9.0,7.0,12.0,11.0,3.0,4.0,4.0,7.0,6.0,0.2,1.1,0.6,1.6,0.5,5.1,1.2,1.3,3.5,6.0,8.6,7.9,6.5,9.4,9.1,163.0,173.0,160.0,171.0,163.0,4.7,6.6,5.5,9.0,8.0,74.802184,58.913124,133.715308
2023-03-17,1006.7,1005.9,1006.6,1006.2,1006.4,8.0,8.0,8.0,8.0,992.0,739.0,1022.0,850.0,681.0,66.0,80.0,66.0,67.0,81.0,7.0,12.0,8.0,9.0,10.0,4.0,7.0,5.0,7.0,6.0,1.0,1.0,1.0,3.0,2.0,0.0,0.3,0.0,0.0,0.0,4.8,2.1,3.6,2.8,0.7,11.6,9.7,11.1,11.8,9.8,175.0,197.0,186.0,188.0,184.0,2.8,3.8,3.2,4.8,4.1,21.711861,28.238686,49.950547
2023-03-18,1009.5,1008.6,1009.4,1008.9,1009.0,7.0,8.0,8.0,6.0,1031.0,1111.0,968.0,967.0,1090.0,79.0,86.0,86.0,84.0,90.0,12.0,10.0,7.0,14.0,14.0,5.0,6.0,4.0,9.0,10.0,1.0,2.0,2.0,3.0,4.0,0.6,3.5,0.5,3.2,3.6,6.3,5.4,4.5,4.7,5.0,12.2,11.0,11.2,11.5,10.0,183.0,199.0,192.0,183.0,175.0,3.2,4.0,3.0,5.7,6.3,17.829824,21.862358,39.692182
2023-03-19,1014.7,1014.1,1014.0,1014.9,1015.5,7.0,7.0,7.0,7.0,450.0,449.0,803.0,448.0,724.0,88.0,95.0,89.0,94.0,94.0,8.0,10.0,8.0,11.0,8.0,4.0,6.0,5.0,7.0,6.0,2.0,2.0,3.0,3.0,3.0,0.0,0.0,0.5,0.0,0.2,0.2,0.0,3.1,0.2,1.3,9.4,7.7,9.6,8.2,7.6,237.0,234.0,238.0,233.0,233.0,2.8,4.2,3.7,4.6,4.7,19.001849,15.583392,34.585241
2023-03-20,1017.7,1015.9,1016.4,1017.5,1018.2,8.0,8.0,8.0,8.0,403.0,421.0,493.0,313.0,435.0,89.0,92.0,89.0,93.0,92.0,10.0,13.0,11.0,15.0,11.0,6.0,9.0,7.0,9.0,8.0,3.0,5.0,3.0,4.0,6.0,3.1,1.6,1.1,6.7,0.2,0.0,0.2,0.0,0.0,0.3,8.3,7.9,8.2,8.0,8.2,213.0,219.0,219.0,215.0,204.0,4.2,6.5,4.9,7.6,7.0,53.418715,42.691039,96.109754
2023-03-21,1011.9,1010.0,1010.9,1011.4,1012.0,8.0,7.0,7.0,7.0,587.0,683.0,473.0,707.0,684.0,84.0,90.0,91.0,85.0,88.0,11.0,16.0,11.0,16.0,12.0,6.0,10.0,7.0,10.0,9.0,2.0,6.0,4.0,5.0,5.0,2.0,3.5,4.5,1.5,1.7,1.1,1.4,0.6,1.7,1.8,10.6,9.1,9.9,10.1,9.6,204.0,210.0,211.0,205.0,198.0,4.4,8.2,5.0,7.3,6.7,61.165576,50.756748,111.922324
2023-03-22,1004.6,1002.1,1003.4,1003.8,1004.4,8.0,8.0,8.0,8.0,357.0,357.0,342.0,403.0,415.0,84.0,89.0,90.0,86.0,87.0,14.0,20.0,16.0,18.0,17.0,8.0,13.0,9.0,12.0,13.0,4.0,9.0,4.0,8.0,8.0,1.9,2.8,11.4,4.9,1.6,0.4,0.0,0.4,0.0,0.2,10.8,9.9,10.3,10.7,10.4,197.0,209.0,203.0,196.0,190.0,5.7,10.6,6.8,10.3,10.5,107.735887,59.66953,167.405417
2023-03-23,1001.0,998.9,1000.0,1000.4,1000.9,8.0,6.0,7.0,7.0,946.0,1537.0,1246.0,1491.0,1325.0,77.0,85.0,79.0,79.0,81.0,14.0,19.0,18.0,18.0,19.0,7.0,12.0,10.0,12.0,14.0,4.0,4.0,3.0,6.0,8.0,11.9,9.2,12.6,8.4,3.4,4.7,9.0,7.5,7.9,7.3,12.7,10.7,11.9,12.1,11.8,211.0,215.0,225.0,210.0,201.0,5.8,9.7,7.8,9.7,10.5,108.407381,62.062776,170.470157
2023-03-24,1000.1,997.6,998.0,999.9,1000.9,7.0,4.0,6.0,7.0,1041.0,1702.0,1483.0,1640.0,870.0,75.0,86.0,76.0,79.0,81.0,17.0,20.0,17.0,20.0,20.0,7.0,12.0,11.0,13.0,16.0,3.0,9.0,6.0,10.0,9.0,1.7,1.7,6.6,0.3,5.7,6.0,11.0,8.4,10.4,4.4,11.3,9.7,11.2,10.6,10.2,227.0,224.0,228.0,223.0,223.0,6.2,10.1,8.5,11.4,11.3,122.564467,64.751985,187.316452
2023-03-25,1002.8,1000.5,999.8,1003.2,1004.3,7.0,7.0,8.0,7.0,789.0,997.0,644.0,1057.0,1286.0,79.0,84.0,85.0,80.0,83.0,19.0,19.0,18.0,22.0,25.0,10.0,13.0,11.0,14.0,18.0,2.0,4.0,4.0,5.0,5.0,6.7,2.2,4.7,0.5,1.2,2.2,5.2,1.7,3.8,5.1,9.4,8.6,8.7,9.6,9.5,244.0,246.0,246.0,235.0,230.0,6.3,9.3,7.8,10.5,13.5,119.154561,54.258461,173.413022
2023-03-26,1006.5,1007.5,1006.7,1006.8,1006.5,8.0,7.0,6.0,7.0,584.0,1063.0,922.0,730.0,566.0,80.0,72.0,70.0,81.0,82.0,13.0,13.0,10.0,17.0,15.0,6.0,7.0,6.0,13.0,10.0,1.0,1.0,1.0,2.0,3.0,5.9,0.4,0.0,4.8,6.3,1.6,3.8,3.1,3.4,1.2,7.2,6.2,5.8,7.4,7.5,16.0,23.0,359.0,15.0,16.0,3.5,4.8,3.8,8.0,5.9,47.595425,31.001295,78.59672
2023-03-27,1022.2,1021.9,1019.7,1023.3,1024.0,3.0,3.0,4.0,4.0,1515.0,1635.0,1539.0,1778.0,1569.0,72.0,68.0,73.0,65.0,68.0,14.0,13.0,17.0,17.0,13.0,6.0,8.0,9.0,11.0,8.0,2.0,3.0,3.0,4.0,2.0,1.4,1.0,0.4,0.2,0.2,9.9,10.7,10.3,10.7,8.7,4.4,5.0,3.7,5.8,5.5,308.0,317.0,300.0,331.0,319.0,3.5,5.5,5.3,8.7,5.0,63.49499,43.781491,107.276481
2023-03-28,1022.8,1021.5,1022.2,1022.2,1022.2,7.0,7.0,6.0,8.0,1006.0,782.0,1312.0,890.0,701.0,75.0,74.0,73.0,69.0,77.0,10.0,12.0,10.0,14.0,13.0,6.0,8.0,6.0,10.0,10.0,1.0,1.0,2.0,3.0,4.0,0.4,2.7,1.1,0.6,1.0,4.1,3.0,5.9,2.4,0.5,4.5,5.1,4.2,6.0,6.0,188.0,195.0,211.0,187.0,171.0,3.3,4.7,4.2,7.0,7.0,38.406253,40.327698,78.73395099999999
2023-03-29,1011.4,1010.0,1011.2,1010.8,1011.2,8.0,8.0,8.0,8.0,585.0,560.0,873.0,645.0,783.0,79.0,90.0,84.0,79.0,83.0,9.0,13.0,9.0,16.0,12.0,5.0,8.0,7.0,9.0,9.0,2.0,4.0,3.0,6.0,5.0,0.0,1.4,0.8,0.0,0.1,0.0,0.0,1.2,0.7,0.9,10.6,9.5,9.2,11.6,10.9,187.0,196.0,190.0,197.0,191.0,3.5,5.9,4.5,6.9,6.9,43.727029,48.495504,92.222533
2023-03-30,1005.0,1002.6,1002.9,1004.9,1005.7,6.0,6.0,7.0,7.0,1228.0,1356.0,760.0,1421.0,1348.0,73.0,88.0,80.0,83.0,84.0,18.0,17.0,19.0,20.0,18.0,9.0,11.0,10.0,12.0,14.0,4.0,7.0,4.0,6.0,8.0,0.1,0.0,0.1,0.9,0.2,6.8,6.2,2.0,8.1,7.8,12.9,10.2,12.1,11.4,11.4,233.0,223.0,231.0,224.0,224.0,6.4,9.2,7.3,10.8,10.5,105.258312,64.215684,169.473996
2023-03-31,992.8,991.6,993.7,991.6,992.1,8.0,8.0,8.0,8.0,557.0,703.0,621.0,453.0,425.0,90.0,92.0,91.0,92.0,91.0,13.0,16.0,11.0,20.0,21.0,7.0,10.0,5.0,12.0,17.0,4.0,4.0,2.0,7.0,8.0,11.9,9.7,6.5,13.1,20.1,0.2,0.9,1.3,0.0,0.0,10.7,10.3,10.5,10.1,10.1,193.0,179.0,177.0,207.0,208.0,4.9,6.4,3.8,9.8,12.5,72.840802,55.551919,128.392721
2023-04-01,999.7,1001.4,1000.9,1001.2,1002.2,8.0,8.0,8.0,8.0,440.0,654.0,472.0,473.0,450.0,94.0,91.0,91.0,96.0,95.0,11.0,16.0,14.0,13.0,15.0,6.0,10.0,9.0,11.0,10.0,3.0,4.0,3.0,8.0,6.0,13.2,1.2,6.2,2.1,8.3,0.0,0.2,0.2,0.0,0.0,9.3,8.2,8.0,8.3,8.5,339.0,36.0,56.0,339.0,304.0,4.3,7.4,6.4,9.5,7.2,72.551287,44.072941,116.624228
2023-04-02,1023.4,1025.3,1025.2,1023.7,1023.0,4.0,2.0,1.0,5.0,1717.0,2000.0,1940.0,1871.0,1157.0,70.0,69.0,68.0,70.0,79.0,11.0,17.0,14.0,13.0,13.0,6.0,12.0,8.0,11.0,8.0,2.0,6.0,4.0,5.0,3.0,0.0,0.0,0.0,0.0,0.0,8.2,12.0,11.6,9.3,5.2,5.8,5.7,4.5,6.6,6.5,39.0,55.0,56.0,40.0,18.0,4.6,9.5,6.2,8.6,5.7,92.560182,63.041136,155.601318
2023-04-03,1031.3,1032.4,1033.0,1030.9,1030.0,1.0,3.0,3.0,1.0,2084.0,2078.0,2046.0,2087.0,2103.0,61.0,61.0,66.0,53.0,63.0,11.0,12.0,10.0,14.0,12.0,7.0,8.0,6.0,8.0,7.0,2.0,4.0,1.0,3.0,4.0,0.0,0.0,0.0,0.0,0.0,12.2,12.2,12.4,12.0,11.8,4.6,5.8,3.5,6.3,6.3,75.0,84.0,65.0,86.0,53.0,3.9,5.9,3.6,6.1,5.7,47.317016,32.584889,79.901905
2023-04-04,1028.2,1028.7,1028.9,1028.3,1027.9,5.0,5.0,6.0,3.0,1887.0,1993.0,1831.0,2048.0,2084.0,65.0,65.0,67.0,64.0,63.0,6.0,6.0,7.0,10.0,9.0,4.0,4.0,4.0,9.0,7.0,1.0,1.0,1.0,1.0,3.0,0.0,0.0,0.0,0.0,0.0,11.2,11.6,11.5,12.1,11.8,4.7,5.7,3.5,5.4,6.1,45.0,66.0,58.0,47.0,54.0,2.1,2.5,2.3,4.2,4.0,6.811099,7.20131,14.012409
2023-04-05,1021.8,1021.8,1022.5,1021.6,1021.5,2.0,4.0,0.0,8.0,1961.0,1910.0,2051.0,1876.0,1977.0,68.0,67.0,66.0,69.0,66.0,6.0,8.0,7.0,6.0,5.0,3.0,4.0,3.0,4.0,3.0,1.0,1.0,0.0,1.0,0.0,0.0,0.0,0.0,0.0,0.0,12.4,12.5,12.5,11.4,12.1,4.8,6.1,3.8,6.4,8.0,150.0,119.0,92.0,95.0,81.0,1.5,2.4,1.8,2.4,1.8,1.580579,1.458128,3.038707
2023-04-06,1014.8,1013.6,1015.6,1014.1,1014.5,8.0,8.0,6.0,8.0,516.0,579.0,1316.0,348.0,302.0,82.0,82.0,71.0,86.0,90.0,11.0,12.0,11.0,13.0,12.0,6.0,8.0,7.0,10.0,10.0,1.0,3.0,2.0,4.0,2.0,6.2,4.3,2.3,11.0,6.5,0.0,0.0,5.6,0.0,0.0,6.7,7.3,6.4,8.0,8.5,163.0,174.0,152.0,197.0,202.0,3.5,5.2,3.9,6.4,6.2,43.720252,32.760791,76.481043
2023-04-07,1018.3,1017.9,1018.4,1019.1,1019.7,8.0,6.0,5.0,7.0,458.0,622.0,948.0,709.0,751.0,88.0,92.0,79.0,87.0,86.0,7.0,9.0,8.0,10.0,11.0,3.0,5.0,4.0,8.0,7.0,1.0,1.0,2.0,5.0,3.0,0.1,0.0,1.1,0.0,0.0,0.0,0.1,2.8,0.1,0.5,8.6,8.3,8.0,8.4,8.4,303.0,328.0,105.0,325.0,318.0,2.1,3.4,3.2,6.7,4.4,19.08638,25.430188,44.516568
2023-04-08,1025.2,1026.0,1026.1,1025.4,1025.3,5.0,4.0,7.0,6.0,1803.0,1678.0,857.0,1765.0,1018.0,79.0,85.0,87.0,88.0,84.0,7.0,7.0,6.0,9.0,8.0,4.0,5.0,4.0,7.0,5.0,1.0,3.0,2.0,1.0,1.0,0.0,0.0,0.0,0.0,0.0,8.5,8.1,2.8,7.4,3.9,9.1,7.4,7.0,8.8,9.3,29.0,58.0,63.0,12.0,347.0,2.2,4.1,2.8,4.0,3.1,8.846981,6.003539,14.85052
2023-04-09,1023.6,1023.7,1024.7,1023.2,1022.9,7.0,7.0,7.0,4.0,1624.0,769.0,1297.0,1050.0,1896.0,69.0,80.0,72.0,83.0,79.0,7.0,7.0,7.0,10.0,8.0,4.0,5.0,4.0,7.0,6.0,2.0,2.0,1.0,1.0,1.0,0.0,0.0,0.0,0.0,0.0,8.0,3.5,5.0,3.9,9.2,10.9,9.5,9.9,9.4,10.9,124.0,123.0,133.0,96.0,96.0,2.8,3.1,2.4,3.3,3.0,6.892421,6.964638,13.857059
2023-04-10,1013.1,1011.1,1013.0,1012.2,1012.7,7.0,8.0,8.0,7.0,730.0,628.0,1064.0,592.0,567.0,75.0,78.0,70.0,75.0,81.0,14.0,19.0,16.0,22.0,17.0,6.0,13.0,9.0,11.0,13.0,3.0,4.0,2.0,6.0,6.0,6.2,8.1,6.8,8.8,4.3,0.5,0.4,2.9,1.0,1.0,10.5,10.1,10.8,10.9,10.7,181.0,191.0,179.0,189.0,186.0,4.8,7.8,5.6,9.1,9.4,75.941356,59.995457,135.936813
2023-04-11,1010.1,1008.4,1008.6,1010.3,1010.8,5.0,6.0,6.0,4.0,1970.0,1893.0,1190.0,1995.0,1957.0,63.0,75.0,74.0,71.0,77.0,16.0,16.0,15.0,18.0,18.0,7.0,11.0,8.0,13.0,13.0,2.0,5.0,2.0,6.0,4.0,0.3,0.6,5.0,2.3,2.7,11.5,9.4,6.6,11.0,9.3,10.4,8.9,7.9,9.9,9.8,240.0,242.0,246.0,237.0,230.0,5.3,8.6,5.5,9.6,10.0,95.934363,59.285176,155.219539
2023-04-12,997.2,995.6,997.6,996.3,996.5,7.0,6.0,7.0,7.0,1278.0,1584.0,978.0,1568.0,1555.0,76.0,77.0,78.0,71.0,79.0,15.0,17.0,10.0,21.0,21.0,8.0,10.0,6.0,14.0,15.0,3.0,5.0,2.0,5.0,7.0,8.2,7.2,10.2,6.3,10.2,4.6,7.6,2.5,7.4,7.4,9.0,8.7,8.5,9.4,9.2,191.0,194.0,180.0,204.0,208.0,5.0,7.5,4.5,9.8,10.6,77.329633,57.061453,134.391086
2023-04-13,1001.7,999.5,1000.5,1001.9,1002.5,5.0,4.0,6.0,5.0,1330.0,1489.0,1034.0,1770.0,2027.0,72.0,80.0,81.0,72.0,74.0,14.0,18.0,15.0,19.0,21.0,7.0,12.0,9.0,14.0,16.0,2.0,3.0,2.0,6.0,5.0,4.9,5.2,4.6,1.3,1.1,6.7,6.8,5.0,8.0,9.1,8.4,8.0,7.2,9.1,9.1,229.0,229.0,210.0,242.0,242.0,4.6,8.1,5.8,9.8,10.8,97.221614,61.413628,158.635242
2023-04-14,1008.3,1008.3,1009.4,1007.7,1007.2,4.0,4.0,5.0,6.0,2075.0,1820.0,1748.0,1671.0,1990.0,66.0,74.0,68.0,65.0,76.0,10.0,10.0,8.0,17.0,11.0,5.0,7.0,5.0,8.0,8.0,1.0,3.0,1.0,1.0,1.0,0.0,0.0,0.0,0.0,0.0,11.1,10.8,8.5,8.7,9.9,9.1,9.3,8.5,10.2,9.7,138.0,120.0,104.0,152.0,154.0,3.1,5.1,2.8,5.2,5.3,21.763006,23.235708,44.998714
2023-04-15,1015.9,1017.1,1015.7,1016.8,1016.4,6.0,6.0,7.0,5.0,1681.0,1724.0,597.0,2220.0,2207.0,73.0,80.0,91.0,70.0,75.0,12.0,12.0,12.0,14.0,14.0,7.0,7.0,6.0,11.0,9.0,3.0,4.0,2.0,3.0,2.0,0.1,0.1,0.4,0.0,1.0,6.6,8.1,0.8,12.0,10.9,8.9,8.8,7.1,9.9,10.1,10.0,20.0,355.0,16.0,355.0,4.9,5.8,4.3,8.3,6.0,63.835387,22.89364,86.729027
2023-04-16,1024.8,1025.3,1024.1,1026.0,1026.0,8.0,8.0,8.0,8.0,422.0,488.0,1257.0,536.0,1451.0,89.0,91.0,90.0,85.0,81.0,9.0,9.0,7.0,13.0,11.0,4.0,5.0,4.0,10.0,6.0,3.0,3.0,2.0,5.0,3.0,0.0,0.0,0.0,0.0,0.0,0.0,0.0,2.6,0.4,4.5,8.9,8.2,9.3,8.5,8.6,344.0,358.0,339.0,355.0,342.0,3.5,4.2,3.1,7.3,4.5,38.106365,16.976079,55.082444
2023-04-17,1027.2,1028.5,1027.9,1027.9,1027.2,5.0,4.0,4.0,5.0,1371.0,1294.0,1850.0,1655.0,1230.0,79.0,89.0,77.0,89.0,88.0,9.0,10.0,9.0,13.0,9.0,5.0,7.0,6.0,10.0,6.0,2.0,3.0,2.0,5.0,3.0,0.0,0.0,0.0,0.0,0.0,5.4,5.4,8.5,6.9,5.7,10.2,8.6,10.1,8.9,9.5,21.0,34.0,17.0,21.0,7.0,3.5,4.3,3.5,7.3,4.6,27.566524,15.970736,43.53726
2023-04-18,1027.4,1029.0,1029.6,1027.3,1025.9,5.0,2.0,3.0,3.0,1219.0,2022.0,2231.0,1233.0,1604.0,66.0,71.0,68.0,67.0,74.0,12.0,14.0,13.0,13.0,14.0,7.0,10.0,9.0,9.0,9.0,3.0,6.0,4.0,3.0,5.0,0.0,0.0,0.0,0.0,0.0,4.6,9.0,12.0,4.4,8.1,9.6,10.0,9.6,9.9,9.9,63.0,62.0,65.0,67.0,46.0,5.0,8.4,6.3,7.3,7.0,80.350015,48.743657,129.093672
2023-04-19,1025.9,1028.1,1028.3,1025.7,1024.3,2.0,2.0,3.0,2.0,2383.0,2383.0,2370.0,2335.0,2342.0,50.0,65.0,59.0,52.0,62.0,15.0,15.0,15.0,15.0,16.0,8.0,11.0,10.0,12.0,11.0,4.0,6.0,4.0,5.0,6.0,0.0,0.0,0.0,0.0,0.0,13.0,13.2,13.2,12.7,11.3,10.9,9.9,9.3,11.5,11.3,54.0,60.0,52.0,59.0,42.0,6.0,8.8,6.5,8.5,8.0,94.66676,55.988491,150.655251
2023-04-20,1018.9,1020.8,1020.9,1019.3,1018.3,7.0,6.0,8.0,6.0,979.0,1230.0,1086.0,935.0,778.0,62.0,77.0,77.0,63.0,69.0,12.0,15.0,12.0,15.0,14.0,7.0,11.0,8.0,12.0,9.0,3.0,5.0,3.0,5.0,4.0,0.6,0.1,1.4,0.5,0.0,3.3,5.6,4.0,3.0,1.1,8.9,9.0,8.4,8.9,8.3,51.0,53.0,57.0,51.0,30.0,4.9,8.5,5.9,8.3,6.3,81.546311,55.186377,136.732688
2023-04-21,1011.9,1012.6,1013.4,1011.7,1011.0,7.0,8.0,5.0,6.0,1279.0,715.0,1923.0,1871.0,2185.0,83.0,82.0,62.0,75.0,76.0,16.0,20.0,14.0,18.0,19.0,5.0,8.0,8.0,7.0,13.0,1.0,2.0,2.0,3.0,3.0,5.8,14.5,1.1,1.6,2.3,4.0,0.6,10.1,7.0,10.7,10.7,11.0,14.1,11.0,10.3,91.0,79.0,87.0,101.0,65.0,3.4,5.2,5.8,5.2,5.6,48.806914,32.151422,80.958336
2023-04-22,1007.0,1006.8,1006.7,1007.2,1007.0,7.0,6.0,7.0,8.0,1028.0,1095.0,1303.0,827.0,856.0,92.0,88.0,86.0,86.0,88.0,6.0,6.0,10.0,8.0,8.0,3.0,4.0,5.0,7.0,6.0,0.0,2.0,1.0,0.0,1.0,3.0,1.3,1.1,0.3,0.4,3.8,5.6,3.2,3.5,3.5,8.9,8.6,11.7,9.0,9.7,191.0,202.0,188.0,187.0,152.0,1.5,2.8,2.9,3.1,2.9,7.770254,11.425934,19.196188
2023-04-23,1002.5,1002.1,1003.1,1002.1,1002.2,7.0,7.0,7.0,8.0,1401.0,1606.0,1582.0,1177.0,991.0,84.0,88.0,82.0,82.0,87.0,13.0,12.0,12.0,14.0,15.0,7.0,8.0,6.0,9.0,10.0,2.0,2.0,2.0,5.0,4.0,5.2,14.0,9.2,32.0,19.2,5.3,6.2,5.4,4.5,3.5,11.5,10.9,11.7,11.7,10.9,176.0,183.0,177.0,187.0,189.0,3.8,4.4,3.6,6.9,7.5,33.896272,26.023817,59.920089
2023-04-24,1005.7,1004.6,1002.4,1007.1,1008.2,8.0,8.0,8.0,8.0,957.0,1034.0,433.0,1173.0,1462.0,80.0,84.0,87.0,80.0,77.0,13.0,15.0,13.0,19.0,15.0,6.0,10.0,7.0,15.0,11.0,1.0,3.0,3.0,7.0,3.0,11.3,5.5,6.3,9.0,4.6,3.0,1.3,0.3,4.1,3.9,8.6,8.3,8.6,8.6,9.0,279.0,302.0,273.0,306.0,288.0,4.3,6.6,5.1,10.7,6.5,85.852609,47.539097,133.391706
2023-04-25,1015.8,1015.5,1013.8,1016.8,1017.1,5.0,5.0,6.0,5.0,1788.0,1910.0,1750.0,2231.0,1836.0,71.0,67.0,71.0,65.0,67.0,12.0,13.0,14.0,15.0,12.0,5.0,7.0,8.0,10.0,7.0,1.0,3.0,3.0,5.0,2.0,0.3,0.6,0.3,0.8,1.7,7.5,8.0,8.6,10.5,8.3,6.4,6.8,5.9,7.5,7.4,312.0,321.0,295.0,339.0,332.0,3.1,5.0,4.9,7.3,4.3,53.423659,34.441149,87.86480800000001
2023-04-26,1019.8,1019.6,1018.8,1020.2,1019.9,6.0,6.0,7.0,6.0,1213.0,1857.0,1126.0,1913.0,1824.0,74.0,68.0,77.0,62.0,68.0,6.0,9.0,9.0,7.0,8.0,3.0,4.0,5.0,6.0,5.0,0.0,0.0,1.0,2.0,1.0,0.0,0.0,0.4,0.0,0.0,4.0,8.7,4.9,8.2,6.7,5.2,6.4,4.6,7.2,7.4,342.0,305.0,278.0,353.0,13.0,1.7,2.9,3.1,3.9,2.6,13.3274,7.230781,20.558181
2023-04-27,1019.1,1019.3,1020.0,1018.7,1017.9,7.0,8.0,6.0,7.0,2189.0,1747.0,1752.0,1953.0,1861.0,61.0,68.0,73.0,55.0,62.0,8.0,11.0,7.0,10.0,10.0,4.0,8.0,4.0,7.0,7.0,1.0,2.0,1.0,4.0,5.0,0.0,0.0,0.0,0.0,0.0,11.0,5.4,7.6,8.9,7.4,7.9,8.2,6.5,9.5,10.1,117.0,108.0,63.0,113.0,91.0,2.9,4.0,2.8,5.3,6.2,13.322564,17.52163,30.844194
2023-04-28,1011.3,1011.3,1011.4,1011.7,1011.9,8.0,8.0,8.0,8.0,517.0,585.0,787.0,592.0,997.0,84.0,87.0,87.0,88.0,90.0,9.0,9.0,7.0,11.0,14.0,5.0,6.0,5.0,9.0,11.0,2.0,2.0,1.0,4.0,3.0,1.7,2.2,6.1,1.9,0.4,0.0,0.2,0.5,0.0,1.1,10.6,9.0,8.8,10.2,11.1,241.0,74.0,71.0,259.0,245.0,3.4,4.5,3.3,7.0,7.3,43.155017,36.130393,79.28541
2023-04-29,1020.2,1020.9,1020.0,1021.0,1020.9,4.0,2.0,4.0,6.0,2009.0,2557.0,2254.0,2385.0,1760.0,69.0,75.0,77.0,76.0,74.0,8.0,7.0,10.0,11.0,8.0,5.0,4.0,5.0,8.0,5.0,1.0,2.0,1.0,2.0,3.0,0.0,0.0,0.0,0.0,0.0,8.8,13.7,9.2,11.3,6.9,11.1,10.0,9.6,10.1,10.6,353.0,11.0,348.0,7.0,360.0,3.0,3.3,3.5,6.0,4.2,25.987146,10.246634,36.23378
2023-04-30,1021.9,1022.4,1022.9,1021.8,1021.3,6.0,7.0,7.0,8.0,2147.0,2131.0,2297.0,2383.0,2378.0,73.0,81.0,76.0,78.0,73.0,6.0,7.0,6.0,8.0,7.0,3.0,4.0,4.0,6.0,5.0,1.0,1.0,0.0,2.0,2.0,0.0,0.0,0.0,0.0,0.0,10.6,9.9,10.7,13.4,12.7,11.0,10.6,9.3,11.5,12.8,99.0,90.0,87.0,60.0,58.0,1.9,2.8,2.1,4.0,3.5,7.034586,5.4134,12.447986
2023-05-01,1016.6,1016.8,1016.2,1017.2,1017.3,7.0,7.0,8.0,5.0,1248.0,1087.0,1876.0,1471.0,1978.0,74.0,82.0,72.0,81.0,81.0,9.0,10.0,10.0,8.0,9.0,4.0,6.0,6.0,6.0,7.0,0.0,1.0,1.0,1.0,1.0,0.1,0.0,0.0,0.7,0.0,4.5,3.0,8.9,5.8,7.7,11.8,10.9,11.6,11.7,12.6,320.0,293.0,319.0,322.0,284.0,2.0,3.1,3.0,3.6,4.1,12.78209,5.30252,18.08461
2023-05-02,1026.5,1027.0,1026.1,1027.2,1026.7,5.0,7.0,8.0,4.0,2188.0,1456.0,1182.0,2510.0,2580.0,65.0,67.0,69.0,66.0,70.0,9.0,10.0,10.0,12.0,11.0,5.0,5.0,6.0,9.0,6.0,2.0,1.0,1.0,5.0,3.0,0.0,0.0,0.1,0.0,0.0,8.8,2.5,2.4,11.8,12.1,9.2,8.2,7.6,9.3,10.1,360.0,348.0,330.0,19.0,3.0,3.3,3.7,3.9,7.1,5.1,39.5217,15.26211,54.78381
2023-05-03,1027.5,1028.6,1029.0,1027.3,1026.2,7.0,8.0,8.0,6.0,2564.0,2216.0,2016.0,2545.0,2628.0,64.0,67.0,73.0,60.0,63.0,9.0,13.0,8.0,12.0,11.0,5.0,9.0,5.0,7.0,8.0,1.0,2.0,0.0,3.0,4.0,0.0,0.0,0.0,0.0,0.0,13.0,8.8,7.5,13.4,13.8,9.3,9.0,7.4,10.5,10.9,56.0,57.0,40.0,68.0,52.0,3.1,5.1,2.8,5.2,5.7,22.592363,23.850274,46.442637
2023-05-04,1018.0,1019.2,1020.5,1017.3,1016.7,8.0,8.0,8.0,8.0,2356.0,2137.0,2108.0,2445.0,2324.0,56.0,72.0,65.0,58.0,68.0,10.0,11.0,10.0,16.0,25.0,6.0,7.0,6.0,9.0,8.0,1.0,4.0,3.0,4.0,4.0,0.0,0.0,0.0,3.3,7.2,12.1,9.5,10.2,11.2,8.7,14.9,12.3,11.9,15.5,14.5,91.0,76.0,72.0,98.0,90.0,3.9,5.9,4.6,6.0,5.5,52.654244,44.744179,97.398423
2023-05-05,1016.2,1015.5,1015.9,1015.9,1016.1,6.0,6.0,7.0,6.0,1134.0,1476.0,1383.0,1263.0,1286.0,85.0,85.0,83.0,84.0,89.0,8.0,8.0,12.0,11.0,8.0,3.0,5.0,6.0,5.0,4.0,1.0,1.0,0.0,1.0,1.0,10.6,2.0,9.0,0.0,3.3,6.7,6.4,5.0,5.6,5.1,13.8,12.9,12.9,14.3,13.8,211.0,227.0,129.0,204.0,217.0,2.0,3.0,2.6,3.2,2.8,10.477908,16.587186,27.065094
2023-05-06,1016.2,1016.2,1017.0,1016.0,1015.9,7.0,7.0,8.0,8.0,1803.0,2102.0,1180.0,1711.0,1566.0,83.0,86.0,90.0,84.0,87.0,11.0,7.0,9.0,6.0,7.0,4.0,4.0,4.0,5.0,5.0,1.0,1.0,1.0,1.0,1.0,0.4,4.5,7.4,0.0,0.2,4.6,9.2,4.7,6.0,5.4,14.8,14.1,12.8,14.8,14.5,169.0,93.0,92.0,75.0,118.0,1.9,2.8,2.5,2.4,2.7,4.33249,6.655582,10.988072
2023-05-07,1017.9,1018.0,1019.4,1017.8,1017.9,7.0,7.0,8.0,6.0,1514.0,1294.0,1853.0,1626.0,1492.0,89.0,90.0,83.0,86.0,87.0,8.0,8.0,9.0,6.0,7.0,4.0,5.0,5.0,4.0,4.0,0.0,0.0,2.0,1.0,1.0,16.6,8.9,1.1,0.0,0.0,4.1,2.4,6.4,6.1,4.5,15.2,14.9,13.2,14.7,15.2,77.0,113.0,99.0,18.0,302.0,1.8,2.9,4.2,2.7,2.7,16.803067,11.7809,28.583967
2023-05-08,1020.2,1020.0,1020.4,1020.4,1020.6,7.0,8.0,6.0,8.0,1273.0,1429.0,1817.0,923.0,820.0,87.0,91.0,82.0,88.0,92.0,6.0,8.0,8.0,8.0,8.0,3.0,5.0,4.0,6.0,5.0,1.0,0.0,1.0,1.0,2.0,0.0,0.0,2.3,0.0,0.0,1.9,3.9,7.0,1.0,0.5,14.8,13.0,14.8,13.4,12.9,235.0,220.0,130.0,209.0,215.0,1.6,3.2,2.4,3.3,3.7,7.102322,13.755471,20.857793
2023-05-09,1011.3,1010.3,1011.1,1010.9,1011.1,8.0,8.0,8.0,8.0,499.0,444.0,740.0,413.0,497.0,94.0,95.0,92.0,94.0,95.0,8.0,9.0,8.0,11.0,10.0,4.0,6.0,5.0,8.0,7.0,1.0,3.0,1.0,3.0,4.0,13.6,15.0,7.1,13.0,16.3,0.0,0.0,0.1,0.9,0.9,13.7,12.9,15.1,13.2,13.3,187.0,201.0,184.0,195.0,202.0,2.5,4.5,2.7,5.3,5.7,20.248624,23.272954,43.521578
2023-05-10,1011.5,1011.3,1010.7,1012.0,1012.3,8.0,8.0,8.0,8.0,785.0,1374.0,576.0,1063.0,1605.0,91.0,96.0,92.0,94.0,90.0,7.0,8.0,7.0,8.0,12.0,3.0,5.0,4.0,6.0,7.0,1.0,1.0,1.0,1.0,1.0,9.5,0.0,1.8,0.1,0.0,1.9,1.9,0.5,1.8,5.1,13.0,10.8,12.6,12.1,12.7,274.0,280.0,290.0,284.0,251.0,1.8,2.6,2.7,3.6,4.5,11.738658,4.722119,16.460777
2023-05-11,1015.5,1016.3,1016.2,1015.8,1015.9,8.0,8.0,8.0,7.0,889.0,2032.0,1092.0,1915.0,2009.0,88.0,89.0,92.0,89.0,87.0,7.0,10.0,7.0,10.0,8.0,3.0,6.0,4.0,8.0,6.0,0.0,1.0,1.0,1.0,3.0,1.5,1.8,2.3,0.1,0.0,1.0,7.5,0.8,6.1,6.9,13.2,12.2,11.9,13.2,13.2,8.0,35.0,27.0,7.0,271.0,1.6,3.7,2.9,4.1,4.3,11.028158,3.827998,14.856156
2023-05-12,1018.5,1020.2,1019.7,1019.1,1018.4,7.0,6.0,4.0,8.0,1753.0,1742.0,2076.0,1238.0,979.0,79.0,87.0,74.0,90.0,84.0,15.0,11.0,10.0,15.0,16.0,5.0,7.0,5.0,12.0,9.0,1.0,3.0,2.0,4.0,4.0,3.4,3.8,0.0,5.7,3.3,4.2,6.2,8.1,3.0,2.7,15.5,13.7,15.8,13.0,14.4,30.0,22.0,42.0,18.0,12.0,3.7,5.2,3.6,8.4,6.2,42.92436,41.246852,84.171212
2023-05-13,1021.2,1022.9,1021.9,1022.2,1021.9,1.0,1.0,1.0,3.0,2557.0,2744.0,2659.0,2672.0,2698.0,67.0,81.0,69.0,88.0,85.0,10.0,10.0,10.0,13.0,13.0,5.0,7.0,6.0,10.0,9.0,2.0,3.0,2.0,7.0,5.0,0.0,0.0,0.0,0.0,0.0,14.0,14.5,14.3,14.2,14.2,16.4,13.4,15.4,12.7,13.2,8.0,22.0,27.0,9.0,344.0,3.6,4.8,3.9,8.5,6.8,41.724834,35.868952,77.593786
2023-05-14,1017.9,1018.7,1017.7,1019.0,1019.2,8.0,8.0,8.0,7.0,2276.0,2079.0,2019.0,1663.0,2348.0,78.0,89.0,79.0,89.0,87.0,8.0,9.0,8.0,10.0,10.0,4.0,5.0,4.0,8.0,6.0,2.0,1.0,2.0,2.0,1.0,0.0,0.0,0.0,0.0,0.0,11.3,8.2,7.8,4.2,9.8,14.6,11.4,14.2,11.0,11.6,335.0,7.0,360.0,356.0,327.0,2.9,3.5,2.4,5.8,4.5,19.384999,13.338965,32.723964
2023-05-15,1016.1,1016.3,1015.0,1017.4,1017.9,8.0,7.0,8.0,7.0,966.0,681.0,2046.0,561.0,438.0,84.0,88.0,84.0,84.0,86.0,11.0,14.0,10.0,17.0,14.0,5.0,8.0,5.0,14.0,9.0,2.0,1.0,2.0,1.0,2.0,0.0,0.3,1.0,0.0,5.2,1.8,0.2,6.2,0.0,0.2,11.3,10.0,11.4,10.7,10.6,311.0,328.0,322.0,337.0,314.0,3.3,4.0,4.0,8.5,5.7,36.683993,32.440736,69.124729
2023-05-16,1022.3,1022.2,1020.6,1023.3,1023.8,3.0,6.0,5.0,2.0,1952.0,2166.0,1859.0,2544.0,2544.0,70.0,75.0,75.0,73.0,73.0,9.0,11.0,13.0,12.0,10.0,5.0,6.0,8.0,9.0,7.0,1.0,3.0,2.0,5.0,2.0,0.0,0.0,0.0,0.0,0.0,10.0,9.9,7.3,12.3,11.5,10.7,10.7,9.9,11.0,10.9,313.0,312.0,305.0,331.0,313.0,3.2,5.0,4.6,7.1,4.4,55.744993,27.261886,83.006879
2023-05-17,1027.7,1028.2,1027.5,1028.3,1028.2,2.0,5.0,7.0,6.0,2774.0,2429.0,1916.0,2746.0,2734.0,65.0,65.0,62.0,69.0,72.0,9.0,8.0,10.0,10.0,10.0,5.0,5.0,5.0,9.0,7.0,1.0,2.0,2.0,5.0,2.0,0.0,0.0,0.0,0.0,0.0,14.1,12.0,5.8,13.9,12.3,10.5,9.7,9.1,10.8,11.5,358.0,2.0,337.0,6.0,348.0,3.0,3.5,3.6,7.1,4.5,31.871214,11.583765,43.454979
2023-05-18,1028.4,1029.3,1029.3,1028.5,1028.0,8.0,8.0,7.0,4.0,2430.0,2497.0,2333.0,2778.0,2755.0,64.0,69.0,70.0,67.0,69.0,9.0,11.0,9.0,11.0,9.0,4.0,7.0,5.0,9.0,6.0,1.0,2.0,0.0,3.0,3.0,0.0,0.0,0.0,0.0,0.0,10.7,10.8,9.5,13.8,13.6,10.2,10.5,9.9,10.7,11.2,41.0,68.0,38.0,35.0,22.0,3.1,4.4,2.9,6.0,4.4,18.604717,8.461511,27.066228
2023-05-19,1025.8,1027.4,1027.2,1026.1,1025.6,5.0,6.0,3.0,3.0,2563.0,2764.0,2692.0,2464.0,2811.0,62.0,74.0,68.0,76.0,71.0,10.0,14.0,12.0,14.0,12.0,4.0,10.0,6.0,12.0,8.0,2.0,3.0,1.0,3.0,3.0,0.0,0.0,0.0,0.0,0.0,12.4,13.7,13.9,11.0,14.3,13.8,12.9,12.5,12.6,13.5,38.0,46.0,47.0,21.0,5.0,3.4,5.6,3.7,7.3,5.4,33.854609,23.21019,57.06479900000001
2023-05-20,1022.3,1024.2,1024.1,1022.5,1021.7,6.0,1.0,5.0,3.0,2165.0,2738.0,2109.0,2293.0,2619.0,58.0,78.0,67.0,77.0,69.0,14.0,14.0,11.0,14.0,14.0,8.0,9.0,7.0,12.0,10.0,3.0,5.0,2.0,6.0,4.0,0.0,0.0,0.0,0.0,0.0,8.7,13.8,7.2,10.2,12.6,15.9,14.0,14.4,14.1,15.4,47.0,44.0,53.0,21.0,15.0,4.6,7.1,4.8,8.3,6.8,65.995427,48.248966,114.244393
2023-05-21,1017.4,1018.9,1018.1,1018.3,1018.2,6.0,5.0,8.0,6.0,2196.0,2156.0,2188.0,2244.0,2100.0,73.0,84.0,78.0,86.0,82.0,10.0,11.0,9.0,13.0,12.0,6.0,7.0,5.0,10.0,9.0,2.0,2.0,2.0,6.0,3.0,0.0,0.0,0.0,0.0,0.0,8.4,9.1,6.7,8.8,7.0,16.9,14.3,16.8,13.7,14.5,9.0,25.0,30.0,4.0,350.0,3.8,4.9,3.7,8.3,5.8,40.189649,30.293916,70.483565
2023-05-22,1016.0,1016.8,1015.3,1017.3,1018.1,3.0,4.0,7.0,7.0,2572.0,2375.0,1830.0,2449.0,1603.0,78.0,86.0,85.0,90.0,90.0,10.0,11.0,10.0,14.0,12.0,5.0,6.0,6.0,11.0,7.0,1.0,1.0,1.0,3.0,3.0,0.0,0.0,0.0,0.0,0.0,12.1,10.2,6.2,9.9,3.8,18.0,15.6,16.6,13.8,13.5,331.0,357.0,336.0,336.0,314.0,3.1,4.3,4.1,5.8,5.1,37.017315,30.208835,67.22615
2023-05-23,1023.3,1023.8,1021.8,1024.4,1024.5,5.0,6.0,6.0,5.0,1770.0,2287.0,1792.0,2243.0,2036.0,70.0,74.0,76.0,73.0,74.0,13.0,13.0,15.0,15.0,14.0,7.0,7.0,8.0,12.0,9.0,1.0,2.0,2.0,4.0,2.0,0.0,0.0,0.4,0.0,0.0,6.7,10.3,6.2,9.8,8.0,12.4,11.4,11.0,12.1,12.1,350.0,345.0,331.0,1.0,352.0,4.4,5.1,6.0,9.4,6.7,92.861362,43.432247,136.293609
2023-05-24,1024.9,1025.2,1024.4,1025.3,1025.3,4.0,4.0,5.0,6.0,1951.0,2414.0,1323.0,2660.0,2557.0,72.0,75.0,78.0,73.0,73.0,8.0,8.0,10.0,10.0,9.0,4.0,5.0,5.0,9.0,6.0,1.0,2.0,1.0,2.0,1.0,0.0,0.0,0.0,0.0,0.0,8.9,12.7,3.7,10.1,9.7,11.6,12.3,10.6,12.7,12.9,354.0,333.0,331.0,360.0,331.0,2.7,3.2,3.3,5.3,3.9,20.932379,7.219739,28.152118
2023-05-25,1028.6,1029.7,1029.0,1028.9,1028.3,3.0,6.0,3.0,3.0,2085.0,2565.0,2441.0,1456.0,2107.0,73.0,74.0,74.0,78.0,75.0,10.0,11.0,11.0,14.0,12.0,5.0,7.0,6.0,12.0,9.0,1.0,2.0,1.0,2.0,3.0,0.0,0.0,0.0,0.0,0.0,9.6,9.7,11.1,7.3,9.6,12.0,12.3,10.5,12.4,13.4,23.0,29.0,12.0,26.0,15.0,3.3,5.0,3.7,8.2,5.8,40.371155,30.190935,70.56209
2023-05-26,1030.7,1032.1,1031.6,1030.8,1030.0,0.0,4.0,3.0,2.0,2887.0,2672.0,2469.0,2900.0,2970.0,65.0,69.0,71.0,69.0,68.0,11.0,11.0,10.0,15.0,13.0,6.0,7.0,6.0,12.0,8.0,2.0,5.0,1.0,5.0,4.0,0.0,0.0,0.0,0.0,0.0,14.5,12.9,11.7,13.7,14.9,12.4,12.2,10.7,12.7,13.3,34.0,42.0,19.0,34.0,29.0,4.3,6.1,4.1,8.4,7.0,61.161131,49.848876,111.010007
2023-05-27,1025.5,1026.9,1026.7,1025.7,1025.0,1.0,4.0,3.0,1.0,2886.0,2758.0,2757.0,2884.0,2960.0,67.0,79.0,77.0,78.0,72.0,8.0,9.0,8.0,12.0,9.0,5.0,6.0,5.0,10.0,6.0,2.0,4.0,1.0,5.0,4.0,0.0,0.0,0.0,0.0,0.0,14.5,12.0,12.8,14.6,15.0,14.7,12.7,12.6,13.1,14.5,48.0,54.0,43.0,29.0,19.0,3.0,4.8,2.8,6.9,5.0,20.819162,27.042136,47.861298
2023-05-28,1022.2,1024.0,1023.5,1022.5,1021.7,4.0,3.0,3.0,5.0,2575.0,2802.0,2850.0,2690.0,2714.0,70.0,75.0,72.0,80.0,76.0,13.0,12.0,10.0,16.0,15.0,7.0,7.0,6.0,13.0,11.0,1.0,3.0,2.0,5.0,4.0,0.0,0.0,0.0,0.0,0.0,11.2,13.8,13.4,13.1,13.2,15.7,13.7,13.6,14.2,16.0,14.0,33.0,18.0,21.0,8.0,4.1,5.7,4.3,9.8,6.6,53.42229,36.866176,90.288466
2023-05-29,1026.3,1027.8,1027.0,1026.6,1025.7,6.0,7.0,8.0,5.0,2744.0,2403.0,2566.0,2726.0,2715.0,64.0,68.0,67.0,70.0,71.0,12.0,12.0,11.0,17.0,16.0,6.0,7.0,6.0,14.0,10.0,3.0,5.0,3.0,9.0,6.0,0.0,0.0,0.0,0.0,0.0,14.5,8.9,10.8,14.3,13.2,12.8,12.0,11.6,12.5,13.1,21.0,29.0,14.0,27.0,14.0,4.7,6.2,4.8,11.5,8.2,76.096968,58.659558,134.756526
2023-05-30,1027.6,1028.6,1028.1,1027.9,1027.2,6.0,8.0,7.0,4.0,2014.0,922.0,929.0,1901.0,2487.0,72.0,78.0,80.0,77.0,78.0,10.0,10.0,8.0,14.0,13.0,5.0,6.0,4.0,12.0,8.0,1.0,4.0,3.0,7.0,3.0,0.0,0.0,0.0,0.0,0.0,6.7,0.9,1.3,4.0,9.6,12.7,11.9,11.8,12.5,12.9,28.0,25.0,10.0,27.0,14.0,3.7,4.8,3.4,9.5,6.3,45.128201,43.902664,89.030865
2023-05-31,1025.3,1027.1,1026.6,1025.5,1024.5,3.0,7.0,6.0,2.0,2945.0,2240.0,2866.0,2938.0,2981.0,73.0,82.0,79.0,83.0,78.0,11.0,11.0,10.0,16.0,12.0,6.0,7.0,6.0,13.0,8.0,3.0,3.0,1.0,6.0,5.0,0.0,0.0,0.0,0.0,0.0,15.2,6.6,14.6,15.0,15.0,15.4,12.7,13.0,13.5,15.5,23.0,38.0,19.0,24.0,10.0,4.2,5.3,3.8,9.7,6.8,49.179731,42.286712,91.466443
2023-06-01,1023.4,1024.3,1023.2,1023.9,1023.4,8.0,8.0,8.0,5.0,1788.0,924.0,801.0,2287.0,2699.0,73.0,77.0,77.0,75.0,77.0,10.0,9.0,9.0,14.0,14.0,5.0,5.0,5.0,11.0,9.0,3.0,4.0,3.0,7.0,6.0,0.0,0.0,0.0,0.0,0.0,3.5,0.1,0.0,6.5,9.2,12.5,11.5,11.4,12.4,13.1,15.0,9.0,340.0,22.0,7.0,4.4,4.7,4.0,9.2,7.0,56.006514,42.152941,98.159455
2023-06-02,1022.2,1023.3,1022.3,1022.7,1022.4,6.0,4.0,4.0,5.0,1621.0,2230.0,2560.0,1666.0,1696.0,67.0,75.0,67.0,77.0,74.0,9.0,11.0,11.0,14.0,12.0,4.0,7.0,6.0,11.0,7.0,3.0,4.0,2.0,8.0,5.0,0.0,0.0,0.0,0.0,0.0,4.1,8.6,11.1,5.2,5.2,13.9,13.1,14.4,12.8,13.1,21.0,23.0,23.0,17.0,9.0,3.4,5.3,4.0,9.0,6.2,45.241379,36.658704,81.900083
2023-06-03,1022.1,1023.7,1023.8,1022.0,1021.4,1.0,1.0,2.0,0.0,3004.0,2977.0,2895.0,2976.0,3015.0,49.0,61.0,57.0,67.0,62.0,12.0,10.0,11.0,14.0,14.0,5.0,7.0,7.0,11.0,8.0,2.0,3.0,2.0,3.0,4.0,0.0,0.0,0.0,0.0,0.0,15.2,14.6,14.4,15.0,15.0,16.6,15.3,14.4,15.6,16.8,47.0,49.0,53.0,27.0,21.0,3.9,5.0,4.0,7.5,6.2,44.385263,29.629353,74.014616
2023-06-04,1022.9,1024.5,1024.1,1023.1,1022.4,1.0,4.0,2.0,1.0,2908.0,2889.0,2902.0,2927.0,2969.0,60.0,75.0,72.0,75.0,65.0,10.0,10.0,8.0,15.0,13.0,5.0,6.0,5.0,13.0,8.0,2.0,4.0,1.0,5.0,5.0,0.0,0.0,0.0,0.0,0.0,15.2,14.0,15.0,15.3,15.1,15.9,13.8,13.1,14.0,16.0,24.0,36.0,23.0,22.0,11.0,3.9,5.1,3.2,9.1,6.3,40.289884,36.31369,76.60357400000001
2023-06-05,1022.4,1023.8,1023.2,1022.9,1022.3,1.0,6.0,2.0,0.0,2865.0,2007.0,2803.0,2871.0,2934.0,72.0,72.0,74.0,77.0,78.0,9.0,8.0,9.0,14.0,13.0,5.0,5.0,5.0,12.0,9.0,2.0,3.0,1.0,8.0,6.0,0.0,0.0,0.0,0.0,0.0,14.6,6.6,12.4,13.6,15.1,14.5,12.8,13.4,13.1,14.1,16.0,22.0,16.0,22.0,3.0,3.9,4.0,3.0,9.7,7.1,38.117301,30.77938,68.896681
2023-06-06,1021.4,1022.9,1022.4,1021.8,1021.2,3.0,4.0,1.0,1.0,2975.0,2850.0,2944.0,2934.0,2916.0,71.0,75.0,77.0,79.0,78.0,9.0,11.0,9.0,14.0,12.0,5.0,7.0,5.0,12.0,8.0,3.0,4.0,2.0,8.0,5.0,0.0,0.0,0.0,0.0,0.0,15.2,12.2,15.4,14.9,14.6,15.7,13.1,13.3,13.6,15.0,12.0,33.0,14.0,22.0,5.0,4.0,5.6,3.7,10.3,6.6,45.359347,38.482587,83.84193400000001
2023-06-07,1020.8,1022.2,1021.7,1020.9,1020.2,5.0,6.0,4.0,4.0,2664.0,2610.0,2906.0,2878.0,2719.0,71.0,77.0,75.0,80.0,77.0,9.0,10.0,9.0,13.0,10.0,5.0,7.0,5.0,11.0,7.0,3.0,4.0,2.0,6.0,5.0,0.0,0.0,0.0,0.0,0.0,11.2,10.0,12.6,13.5,11.6,15.9,13.3,13.9,14.0,16.1,19.0,34.0,22.0,24.0,7.0,3.4,5.3,3.6,9.1,6.0,35.121407,39.268983,74.39039
2023-06-08,1017.3,1019.2,1019.1,1017.3,1016.6,2.0,2.0,3.0,0.0,2702.0,2856.0,2831.0,2847.0,2873.0,66.0,79.0,75.0,78.0,74.0,11.0,13.0,10.0,13.0,10.0,6.0,9.0,7.0,11.0,7.0,3.0,5.0,3.0,5.0,4.0,0.0,0.0,0.0,0.0,0.0,12.5,12.5,13.0,14.3,13.8,17.8,14.2,14.7,15.6,17.9,30.0,44.0,33.0,23.0,11.0,4.1,7.3,4.6,8.6,5.8,54.307591,49.147576,103.455167
2023-06-09,1014.6,1016.2,1016.9,1013.8,1013.1,1.0,0.0,1.0,0.0,2723.0,2903.0,2872.0,2850.0,2904.0,54.0,78.0,66.0,59.0,58.0,10.0,12.0,11.0,11.0,12.0,5.0,9.0,7.0,8.0,9.0,3.0,5.0,3.0,4.0,3.0,0.0,0.0,0.0,0.0,0.0,14.5,15.0,15.2,15.0,15.1,21.8,17.3,19.2,21.3,22.0,71.0,50.0,50.0,41.0,49.0,3.8,7.2,4.8,5.9,5.5,55.631153,49.559059,105.190212
2023-06-10,1015.4,1016.9,1017.7,1014.4,1013.9,0.0,0.0,0.0,0.0,2910.0,3089.0,3098.0,2902.0,2859.0,44.0,77.0,65.0,40.0,50.0,10.0,11.0,9.0,10.0,11.0,5.0,7.0,5.0,8.0,7.0,2.0,3.0,2.0,5.0,5.0,0.0,0.0,0.0,0.0,0.0,15.3,15.5,15.5,14.3,15.0,23.6,19.1,19.7,25.1,24.3,68.0,54.0,57.0,78.0,66.0,3.5,5.4,4.1,6.5,5.9,42.773409,52.540614,95.314023
2023-06-11,1015.3,1016.0,1017.3,1014.1,1014.0,1.0,2.0,0.0,3.0,2942.0,2920.0,2795.0,2441.0,2865.0,48.0,66.0,51.0,45.0,58.0,13.0,7.0,10.0,10.0,13.0,5.0,5.0,5.0,6.0,7.0,2.0,3.0,3.0,3.0,2.0,0.0,0.0,0.0,0.0,0.0,15.3,15.5,15.3,11.8,13.5,24.5,22.7,23.6,25.7,24.2,112.0,69.0,98.0,101.0,73.0,3.5,3.9,4.0,4.5,3.9,24.927271,39.259472,64.186743
2023-06-12,1015.2,1016.3,1017.0,1014.4,1014.2,5.0,5.0,2.0,3.0,2860.0,2878.0,2807.0,2979.0,2981.0,37.0,68.0,50.0,49.0,53.0,12.0,10.0,9.0,12.0,12.0,6.0,6.0,5.0,10.0,8.0,2.0,3.0,2.0,4.0,1.0,0.0,0.0,0.0,0.0,0.0,14.0,14.0,15.0,15.0,15.3,24.3,21.3,21.8,23.4,23.3,79.0,57.0,78.0,64.0,37.0,3.6,4.5,3.5,6.7,5.3,30.405306,31.697127,62.102433
2023-06-13,1014.4,1016.1,1016.6,1013.7,1013.2,0.0,0.0,1.0,1.0,3004.0,3052.0,3050.0,2990.0,2924.0,39.0,61.0,45.0,45.0,47.0,13.0,12.0,10.0,14.0,11.0,8.0,8.0,6.0,11.0,8.0,2.0,3.0,3.0,5.0,4.0,0.0,0.0,0.0,0.0,0.0,15.3,15.5,15.4,15.3,13.6,22.4,20.3,20.2,22.5,22.8,60.0,56.0,54.0,57.0,44.0,4.3,6.0,4.7,7.6,5.8,49.717381,46.450193,96.167574
2023-06-14,1017.5,1018.8,1019.3,1016.7,1016.5,0.0,0.0,1.0,2.0,3035.0,3014.0,2817.0,3010.0,3017.0,46.0,61.0,57.0,46.0,45.0,12.0,12.0,12.0,11.0,12.0,7.0,9.0,7.0,9.0,7.0,2.0,5.0,2.0,3.0,3.0,0.0,0.0,0.0,0.0,0.0,15.3,15.7,14.6,15.3,15.3,20.3,20.0,19.2,21.7,22.1,74.0,65.0,66.0,60.0,45.0,4.0,6.6,4.6,5.8,4.7,53.807763,37.348695,91.156458
2023-06-15,1019.6,1020.5,1020.3,1019.6,1019.5,1.0,0.0,1.0,0.0,2690.0,3009.0,2982.0,2474.0,2965.0,56.0,65.0,55.0,70.0,55.0,8.0,7.0,10.0,10.0,11.0,4.0,4.0,7.0,8.0,8.0,0.0,1.0,1.0,2.0,1.0,0.0,0.0,0.0,0.0,0.0,14.2,15.7,15.2,12.9,15.1,20.0,20.0,19.1,18.9,21.2,18.0,41.0,38.0,23.0,19.0,2.4,3.5,3.3,4.6,4.2,18.921616,18.074158,36.995774
2023-06-16,1018.7,1019.2,1018.3,1018.6,1018.6,0.0,0.0,2.0,2.0,2964.0,3010.0,2947.0,2932.0,2993.0,56.0,62.0,66.0,66.0,59.0,9.0,7.0,10.0,9.0,8.0,5.0,5.0,6.0,7.0,5.0,0.0,1.0,1.0,1.0,1.0,0.0,0.0,0.0,0.0,0.0,15.3,15.7,15.3,14.8,15.3,19.1,18.6,17.5,18.7,20.7,348.0,338.0,309.0,21.0,6.0,2.2,2.9,3.5,4.5,3.6,19.178322,9.620718,28.79904
2023-06-17,1015.3,1015.5,1015.4,1014.8,1014.7,5.0,4.0,5.0,7.0,2831.0,2826.0,2580.0,2462.0,2181.0,52.0,77.0,76.0,60.0,55.0,5.0,7.0,7.0,8.0,7.0,3.0,5.0,4.0,7.0,5.0,0.0,1.0,2.0,2.0,1.0,0.0,0.0,0.0,0.0,0.0,13.7,15.0,10.7,10.2,8.4,20.5,18.3,18.4,19.7,21.7,347.0,32.0,343.0,34.0,69.0,1.6,2.8,2.6,4.3,3.4,4.182464,8.428727,12.611191000000002
2023-06-18,1011.4,1011.5,1012.7,1010.3,1010.3,8.0,8.0,8.0,8.0,1166.0,1444.0,2051.0,1433.0,1489.0,55.0,63.0,66.0,58.0,76.0,8.0,9.0,8.0,18.0,16.0,4.0,6.0,4.0,12.0,9.0,2.0,3.0,1.0,2.0,3.0,0.0,0.0,0.0,0.0,3.9,1.3,2.0,5.4,2.7,2.0,21.9,22.5,21.0,22.4,20.9,109.0,104.0,86.0,130.0,116.0,2.6,4.1,2.5,5.5,5.9,11.853578,21.378132,33.23171
2023-06-19,1011.8,1011.1,1011.5,1011.4,1011.9,7.0,7.0,7.0,6.0,2229.0,2104.0,1683.0,2321.0,2491.0,64.0,78.0,68.0,71.0,73.0,13.0,14.0,12.0,15.0,15.0,6.0,9.0,7.0,11.0,11.0,2.0,1.0,1.0,2.0,2.0,0.0,0.0,0.0,0.1,0.1,8.4,7.7,6.9,8.5,9.4,21.3,18.6,20.3,19.6,20.5,227.0,222.0,225.0,234.0,232.0,4.0,5.5,4.5,5.8,5.4,54.716313,31.178848,85.895161
2023-06-20,1010.6,1010.5,1011.3,1009.8,1010.2,8.0,7.0,8.0,8.0,1920.0,1941.0,1782.0,1597.0,1520.0,71.0,77.0,75.0,73.0,83.0,13.0,14.0,14.0,18.0,20.0,5.0,6.0,5.0,8.0,9.0,1.0,2.0,1.0,3.0,2.0,7.0,6.6,5.1,14.1,17.6,5.2,5.4,3.3,4.0,5.3,22.1,21.4,21.4,21.8,20.9,139.0,135.0,109.0,165.0,154.0,3.1,4.2,3.2,5.3,4.8,20.637593,26.43073,47.068323
2023-06-21,1016.7,1016.4,1016.2,1016.6,1017.2,5.0,5.0,5.0,5.0,2708.0,2804.0,2731.0,2815.0,2967.0,73.0,88.0,73.0,80.0,79.0,10.0,10.0,11.0,10.0,11.0,5.0,7.0,6.0,7.0,8.0,1.0,1.0,1.0,2.0,1.0,0.0,0.0,0.0,0.0,0.0,13.5,13.1,13.4,13.3,15.0,20.8,17.5,21.1,18.7,19.0,241.0,234.0,251.0,246.0,257.0,2.8,4.4,4.0,4.4,4.9,27.521307,22.874413,50.39572
2023-06-22,1017.5,1018.6,1018.0,1017.8,1018.2,7.0,7.0,8.0,7.0,1086.0,1838.0,1886.0,1211.0,1098.0,82.0,80.0,76.0,86.0,82.0,7.0,11.0,9.0,10.0,8.0,4.0,7.0,6.0,9.0,5.0,1.0,1.0,0.0,2.0,2.0,3.7,0.0,2.9,0.0,0.3,3.8,7.4,5.6,4.3,5.0,18.9,18.6,19.3,18.0,18.9,2.0,27.0,25.0,3.0,347.0,2.5,3.7,3.5,5.6,3.8,20.897138,10.603239,31.500377
2023-06-23,1023.1,1023.1,1022.3,1023.3,1024.0,4.0,5.0,5.0,4.0,2811.0,2806.0,2746.0,2458.0,2734.0,70.0,74.0,70.0,79.0,70.0,7.0,7.0,10.0,9.0,10.0,3.0,4.0,6.0,6.0,6.0,1.0,1.0,1.0,1.0,1.0,0.0,0.0,0.0,0.0,0.0,13.0,11.9,11.4,9.9,14.0,20.2,18.7,19.4,18.6,20.2,316.0,300.0,311.0,297.0,261.0,2.3,2.8,3.5,3.5,3.5,17.470668,8.254885,25.725553
2023-06-24,1023.1,1023.0,1023.1,1022.8,1023.5,1.0,1.0,4.0,0.0,2870.0,2931.0,2340.0,2934.0,3007.0,68.0,73.0,69.0,81.0,75.0,6.0,8.0,9.0,8.0,8.0,3.0,6.0,4.0,5.0,6.0,1.0,1.0,0.0,2.0,1.0,0.0,0.0,0.0,0.0,0.0,14.3,14.6,10.1,15.1,15.2,21.3,20.2,20.6,19.0,19.9,245.0,244.0,273.0,258.0,262.0,1.9,3.3,2.7,3.6,4.1,8.539991,8.303972,16.843963000000002
2023-06-25,1016.0,1015.7,1016.5,1015.1,1015.8,0.0,0.0,1.0,1.0,2974.0,2955.0,2859.0,2941.0,2955.0,59.0,56.0,59.0,56.0,65.0,9.0,8.0,9.0,13.0,14.0,4.0,5.0,4.0,8.0,10.0,1.0,1.0,1.0,2.0,1.0,0.0,0.0,0.0,0.0,0.0,15.3,15.7,15.4,15.5,15.3,24.5,24.7,24.3,24.6,23.9,165.0,162.0,157.0,165.0,193.0,2.5,3.3,2.6,3.5,3.9,7.641816,5.921438,13.563254
2023-06-26,1017.5,1016.7,1015.5,1018.0,1018.9,5.0,3.0,4.0,5.0,2574.0,2810.0,2436.0,2834.0,2788.0,67.0,73.0,66.0,67.0,71.0,11.0,13.0,13.0,14.0,14.0,6.0,9.0,8.0,11.0,11.0,1.0,3.0,2.0,5.0,7.0,0.0,0.0,0.1,0.0,0.0,12.4,13.8,11.3,12.4,13.3,19.2,17.9,18.8,19.1,19.0,279.0,272.0,270.0,266.0,252.0,3.6,6.1,5.0,7.5,8.3,68.77399,32.756319,101.530309
2023-06-27,1019.9,1019.4,1018.6,1020.3,1020.7,8.0,8.0,6.0,8.0,1955.0,2050.0,1919.0,1837.0,1885.0,68.0,72.0,69.0,70.0,65.0,9.0,11.0,11.0,8.0,9.0,5.0,7.0,6.0,6.0,6.0,1.0,3.0,2.0,1.0,3.0,0.9,0.6,0.0,0.0,1.5,4.4,5.0,6.6,3.8,4.9,17.7,17.1,16.1,17.8,18.8,281.0,268.0,275.0,283.0,271.0,2.6,4.9,3.8,4.0,4.4,34.97386,8.505122,43.478982
2023-06-28,1017.7,1016.8,1017.4,1017.5,1017.8,8.0,8.0,8.0,8.0,751.0,1628.0,600.0,1734.0,1065.0,82.0,86.0,91.0,79.0,83.0,7.0,8.0,7.0,9.0,7.0,3.0,6.0,4.0,6.0,5.0,1.0,3.0,1.0,4.0,3.0,2.0,1.4,1.9,0.0,0.0,0.2,4.2,0.0,4.3,0.6,18.4,18.1,16.2,19.6,19.2,196.0,215.0,198.0,220.0,224.0,2.4,4.2,2.6,5.0,4.3,13.909032,14.472553,28.381585
2023-06-29,1014.4,1013.9,1013.5,1014.9,1015.3,8.0,7.0,8.0,7.0,1383.0,642.0,1031.0,733.0,1224.0,80.0,87.0,85.0,83.0,82.0,10.0,11.0,9.0,13.0,11.0,5.0,6.0,6.0,11.0,9.0,1.0,3.0,1.0,3.0,1.0,0.7,2.8,0.1,0.0,0.0,1.7,0.8,1.0,1.6,2.0,18.6,16.9,18.5,17.4,17.7,262.0,265.0,240.0,282.0,271.0,3.0,4.5,3.5,6.4,5.4,32.212353,23.594007,55.80636
2023-06-30,1012.2,1011.1,1011.3,1012.2,1012.7,6.0,5.0,7.0,5.0,2058.0,2538.0,2291.0,2404.0,2275.0,63.0,71.0,65.0,67.0,69.0,10.0,15.0,10.0,20.0,16.0,5.0,9.0,5.0,12.0,12.0,1.0,2.0,2.0,3.0,1.0,0.0,0.3,0.0,1.6,0.1,8.1,10.0,8.3,8.4,7.7,17.6,17.4,17.4,18.2,18.1,233.0,234.0,246.0,233.0,225.0,3.2,6.6,3.9,7.3,7.3,38.083502,33.650024,71.73352600000001
2023-07-01,1004.7,1003.2,1002.8,1004.9,1005.7,8.0,7.0,8.0,8.0,849.0,1188.0,909.0,1080.0,1311.0,82.0,82.0,81.0,85.0,87.0,12.0,15.0,15.0,14.0,14.0,6.0,9.0,8.0,9.0,11.0,3.0,6.0,4.0,5.0,6.0,4.0,5.7,2.9,10.8,3.6,0.5,1.8,1.0,0.6,1.3,17.6,17.4,17.2,17.8,18.1,235.0,258.0,233.0,244.0,231.0,4.4,7.7,5.8,7.5,9.0,82.657901,43.534963,126.192864
2023-07-02,1009.6,1008.0,1007.3,1010.0,1010.9,6.0,6.0,6.0,6.0,2389.0,2127.0,1625.0,2649.0,2693.0,59.0,62.0,64.0,63.0,62.0,13.0,16.0,14.0,15.0,16.0,6.0,11.0,9.0,12.0,13.0,2.0,7.0,4.0,8.0,4.0,0.0,0.0,0.0,0.0,0.0,9.9,7.8,5.4,11.0,9.1,17.3,16.9,16.2,17.5,17.8,253.0,260.0,253.0,263.0,249.0,4.5,8.8,5.9,9.4,8.1,88.920149,55.403947,144.324096
2023-07-03,1009.6,1007.8,1007.6,1009.9,1010.8,8.0,6.0,7.0,6.0,1288.0,1984.0,1317.0,2084.0,2305.0,65.0,67.0,72.0,66.0,73.0,15.0,23.0,15.0,21.0,22.0,7.0,12.0,8.0,14.0,15.0,3.0,7.0,3.0,8.0,8.0,7.8,3.3,4.4,8.8,1.3,2.9,4.5,5.2,7.0,6.9,16.6,16.0,15.0,17.0,17.2,241.0,252.0,237.0,253.0,228.0,4.9,9.0,5.7,10.4,11.3,95.562157,59.290759,154.852916
2023-07-04,1010.5,1009.5,1009.9,1010.1,1010.2,8.0,7.0,8.0,7.0,1856.0,2180.0,2061.0,2100.0,1873.0,69.0,68.0,70.0,69.0,68.0,13.0,13.0,15.0,19.0,29.0,6.0,9.0,9.0,11.0,13.0,1.0,2.0,1.0,1.0,1.0,3.3,1.5,3.0,10.4,2.7,5.3,5.5,6.2,5.1,4.3,16.8,16.4,15.7,17.3,17.8,221.0,244.0,236.0,247.0,238.0,3.5,6.8,5.1,6.8,7.8,62.31409,39.078675,101.392765
2023-07-05,1008.3,1004.9,1005.2,1008.4,1009.9,7.0,6.0,6.0,6.0,1022.0,1230.0,1196.0,1878.0,2536.0,83.0,80.0,84.0,79.0,77.0,18.0,27.0,27.0,28.0,25.0,9.0,17.0,16.0,21.0,19.0,2.0,5.0,3.0,4.0,8.0,25.4,16.5,12.4,11.3,11.3,3.5,4.2,4.6,6.0,9.4,14.3,14.7,13.8,15.8,16.5,236.0,250.0,224.0,250.0,239.0,5.2,8.3,7.9,11.7,13.1,96.339092,54.324752,150.66384399999998
2023-07-06,1017.3,1016.6,1016.8,1017.2,1017.5,7.0,6.0,5.0,5.0,2134.0,2890.0,2391.0,2746.0,2558.0,72.0,73.0,73.0,64.0,71.0,10.0,11.0,10.0,11.0,10.0,5.0,7.0,6.0,7.0,8.0,1.0,2.0,0.0,2.0,2.0,0.2,0.0,0.0,0.0,0.0,8.6,14.9,11.1,13.3,12.5,16.9,16.6,16.3,17.9,17.4,221.0,227.0,233.0,244.0,240.0,2.9,4.4,3.3,4.7,4.9,26.531499,17.274257,43.805756
2023-07-07,1019.0,1019.2,1020.3,1018.2,1017.5,2.0,1.0,2.0,2.0,3033.0,2972.0,2912.0,2941.0,2852.0,54.0,61.0,60.0,46.0,59.0,8.0,11.0,9.0,9.0,9.0,4.0,7.0,5.0,7.0,7.0,1.0,1.0,0.0,3.0,5.0,0.0,0.0,0.0,0.0,0.0,15.3,15.5,15.4,15.1,14.7,21.0,20.7,19.7,23.1,22.4,120.0,118.0,105.0,120.0,96.0,3.0,4.3,2.7,5.5,5.9,15.10777,24.599507,39.707277
2023-07-08,1016.4,1016.9,1018.0,1016.2,1015.9,2.0,3.0,2.0,4.0,2761.0,2760.0,2814.0,2601.0,2342.0,56.0,68.0,55.0,61.0,63.0,7.0,8.0,9.0,9.0,9.0,4.0,5.0,5.0,6.0,5.0,1.0,1.0,2.0,0.0,1.0,0.0,0.0,0.0,0.0,0.0,13.7,14.0,14.2,12.4,10.9,24.7,22.9,23.9,23.2,23.9,119.0,79.0,86.0,71.0,36.0,2.4,3.6,3.8,3.9,2.9,24.813941,25.10953,49.923471
2023-07-09,1018.6,1018.7,1018.2,1019.1,1019.4,7.0,8.0,7.0,7.0,1785.0,1628.0,2037.0,1639.0,1504.0,80.0,81.0,73.0,80.0,74.0,15.0,12.0,21.0,11.0,12.0,5.0,7.0,8.0,7.0,6.0,1.0,1.0,1.0,1.0,1.0,2.4,5.6,11.4,0.0,0.0,5.8,3.4,7.8,4.7,4.8,22.0,20.3,22.9,19.9,20.6,320.0,309.0,354.0,325.0,297.0,2.2,3.0,2.7,3.2,3.6,13.972599,10.516045,24.488644
2023-07-10,1020.1,1019.6,1019.6,1020.3,1020.4,5.0,5.0,6.0,5.0,2760.0,2838.0,2587.0,2878.0,2826.0,67.0,72.0,72.0,66.0,66.0,9.0,11.0,11.0,9.0,8.0,4.0,8.0,6.0,6.0,5.0,1.0,3.0,1.0,1.0,1.0,0.0,0.0,0.0,0.0,0.0,13.3,12.4,11.8,14.8,13.9,20.5,18.9,19.9,20.0,20.4,276.0,236.0,263.0,258.0,253.0,2.5,4.7,3.3,4.1,3.7,21.685729,14.730482,36.416211
2023-07-11,1011.4,1010.6,1011.3,1011.4,1011.6,7.0,8.0,8.0,6.0,2571.0,2089.0,2341.0,2649.0,2517.0,70.0,74.0,70.0,69.0,75.0,12.0,16.0,13.0,14.0,15.0,6.0,11.0,8.0,9.0,10.0,1.0,3.0,1.0,4.0,4.0,3.6,0.0,16.4,0.5,0.8,10.1,5.7,7.9,10.9,11.3,21.5,19.8,21.5,20.8,20.5,228.0,214.0,222.0,225.0,239.0,3.3,6.3,3.8,7.0,7.2,44.620106,52.767031,97.387137
2023-07-12,1011.3,1009.9,1009.8,1011.5,1012.1,6.0,5.0,5.0,5.0,2281.0,2548.0,2061.0,2333.0,2789.0,71.0,78.0,77.0,76.0,77.0,12.0,15.0,12.0,16.0,17.0,6.0,9.0,7.0,11.0,13.0,3.0,4.0,2.0,6.0,8.0,2.4,0.0,9.9,0.4,3.1,10.3,11.4,9.7,10.3,12.7,18.8,18.0,18.1,18.5,18.4,237.0,241.0,241.0,244.0,236.0,4.5,7.3,4.5,8.7,10.1,73.887709,52.562674,126.450383
2023-07-13,1016.2,1015.1,1014.9,1016.3,1016.8,5.0,4.0,5.0,5.0,1809.0,2686.0,2224.0,2548.0,2679.0,75.0,77.0,75.0,70.0,76.0,12.0,12.0,13.0,13.0,15.0,5.0,9.0,7.0,8.0,11.0,2.0,4.0,1.0,6.0,6.0,2.3,0.0,0.1,0.0,0.1,7.4,11.6,10.0,12.0,12.5,17.8,17.9,17.5,18.8,18.3,235.0,244.0,242.0,249.0,236.0,3.4,6.0,4.4,7.3,8.8,56.253294,39.965701,96.218995
2023-07-14,1011.8,1011.2,1012.5,1011.0,1010.8,8.0,8.0,7.0,8.0,1784.0,1614.0,1970.0,1488.0,1505.0,68.0,73.0,72.0,65.0,70.0,8.0,10.0,9.0,12.0,12.0,4.0,6.0,5.0,8.0,9.0,2.0,3.0,1.0,5.0,4.0,0.0,0.2,0.0,0.0,0.0,4.6,4.8,7.0,1.7,2.0,19.3,19.1,18.6,20.2,20.0,160.0,168.0,169.0,166.0,160.0,3.0,5.0,3.1,6.3,6.3,23.747165,31.89732,55.644485
2023-07-15,1005.0,1003.5,1004.3,1004.8,1005.0,6.0,6.0,7.0,5.0,1719.0,2331.0,2187.0,1761.0,1798.0,66.0,69.0,66.0,69.0,69.0,14.0,20.0,21.0,20.0,18.0,7.0,12.0,9.0,13.0,14.0,2.0,4.0,3.0,6.0,4.0,1.3,0.3,3.3,2.2,2.7,6.9,9.1,10.0,6.9,7.8,21.0,20.1,21.4,20.0,20.2,209.0,218.0,201.0,218.0,217.0,4.1,8.7,5.7,9.0,8.8,73.167688,58.822999,131.990687
2023-07-16,1011.9,1009.7,1010.7,1011.6,1012.3,5.0,7.0,6.0,7.0,1912.0,2377.0,1494.0,2453.0,2074.0,62.0,68.0,67.0,66.0,69.0,17.0,21.0,16.0,22.0,17.0,9.0,14.0,10.0,14.0,13.0,3.0,8.0,2.0,9.0,7.0,0.0,0.0,0.5,0.5,0.1,8.5,10.7,7.3,10.2,7.4,19.1,18.5,17.9,18.7,18.7,215.0,225.0,218.0,224.0,218.0,5.7,11.5,6.9,11.5,10.4,104.852721,70.381913,175.234634
2023-07-17,1018.3,1016.9,1016.8,1018.3,1018.9,5.0,5.0,4.0,4.0,1967.0,2753.0,2262.0,2196.0,1942.0,73.0,72.0,74.0,69.0,73.0,12.0,14.0,13.0,16.0,17.0,5.0,10.0,8.0,11.0,13.0,2.0,3.0,2.0,5.0,6.0,6.2,0.4,3.3,0.2,0.3,9.5,13.1,11.7,9.8,10.1,17.3,17.7,16.7,18.2,17.6,232.0,247.0,240.0,244.0,230.0,4.0,7.5,5.1,8.3,8.7,75.922737,59.257031,135.179768
2023-07-18,1017.9,1017.5,1017.7,1018.0,1018.2,7.0,8.0,8.0,7.0,2254.0,2068.0,1750.0,2299.0,2610.0,72.0,79.0,78.0,74.0,70.0,7.0,8.0,7.0,8.0,8.0,3.0,5.0,4.0,6.0,7.0,1.0,1.0,1.0,1.0,1.0,0.0,0.0,0.0,0.0,0.0,9.0,6.8,5.9,7.3,10.0,18.0,18.0,17.1,18.3,18.7,221.0,238.0,244.0,235.0,228.0,2.2,2.5,2.6,3.9,3.3,9.066421,5.570583,14.637004
2023-07-19,1013.8,1013.7,1013.1,1014.2,1014.6,8.0,7.0,8.0,7.0,1546.0,1703.0,1743.0,1628.0,1707.0,78.0,77.0,78.0,77.0,76.0,9.0,8.0,10.0,9.0,14.0,4.0,4.0,6.0,7.0,10.0,0.0,2.0,0.0,3.0,4.0,1.1,1.8,0.3,0.7,0.0,3.9,3.7,4.2,3.1,4.0,17.7,17.0,16.9,18.2,18.6,301.0,296.0,298.0,290.0,256.0,2.1,2.9,3.0,4.7,7.1,19.356455,4.851928,24.208383
2023-07-20,1014.6,1014.6,1014.2,1015.0,1015.1,4.0,5.0,5.0,5.0,1987.0,2414.0,2141.0,2546.0,1772.0,69.0,74.0,74.0,68.0,68.0,6.0,7.0,8.0,7.0,7.0,3.0,4.0,4.0,6.0,4.0,1.0,1.0,0.0,2.0,2.0,0.0,3.3,0.0,0.0,0.0,8.3,10.7,9.2,11.2,6.6,17.1,16.0,15.4,17.2,18.0,322.0,298.0,305.0,349.0,301.0,1.8,2.3,2.2,3.4,2.5,4.485285,4.09302,8.578305
2023-07-21,1012.2,1011.6,1011.2,1012.6,1013.0,7.0,7.0,7.0,7.0,1827.0,1732.0,1761.0,1918.0,2443.0,76.0,75.0,78.0,74.0,70.0,12.0,11.0,12.0,12.0,12.0,5.0,7.0,5.0,8.0,8.0,0.0,1.0,0.0,1.0,1.0,0.9,0.4,0.8,1.9,6.2,7.0,5.7,8.7,5.6,9.0,15.6,15.7,14.7,16.5,17.5,273.0,268.0,264.0,276.0,258.0,2.2,4.5,2.6,4.5,4.9,23.695999,7.280008,30.976007
2023-07-22,1012.0,1010.4,1011.3,1011.7,1012.2,8.0,8.0,8.0,8.0,870.0,688.0,962.0,1003.0,1199.0,86.0,83.0,90.0,78.0,81.0,10.0,18.0,10.0,16.0,14.0,5.0,11.0,6.0,10.0,11.0,1.0,1.0,2.0,4.0,5.0,6.2,14.1,6.4,4.4,1.8,0.6,0.0,2.1,0.4,1.8,15.4,15.9,14.4,16.8,17.1,212.0,229.0,203.0,223.0,215.0,2.9,5.7,3.6,7.5,7.0,37.81961,44.077259,81.896869
2023-07-23,1005.2,1003.0,1004.1,1004.7,1005.3,8.0,7.0,7.0,8.0,1102.0,1385.0,986.0,1594.0,1362.0,84.0,88.0,85.0,80.0,83.0,15.0,17.0,14.0,21.0,16.0,6.0,11.0,9.0,13.0,12.0,2.0,7.0,4.0,7.0,5.0,0.8,11.8,5.4,1.3,2.2,2.1,5.8,3.7,4.9,3.7,18.0,17.7,17.0,18.3,18.5,209.0,215.0,207.0,216.0,212.0,4.5,8.8,6.1,9.8,9.2,90.129156,70.277426,160.406582
2023-07-24,1003.8,1003.2,1002.3,1004.3,1004.7,7.0,7.0,7.0,8.0,1287.0,1166.0,1262.0,1345.0,1838.0,82.0,79.0,85.0,76.0,79.0,10.0,11.0,11.0,13.0,13.0,5.0,7.0,7.0,11.0,9.0,2.0,3.0,2.0,6.0,3.0,4.3,0.2,0.9,0.0,0.6,2.4,3.1,2.5,4.1,5.4,16.9,16.7,16.5,17.4,17.4,252.0,287.0,253.0,306.0,262.0,3.6,4.9,4.3,7.4,6.5,52.782978,38.353013,91.135991
2023-07-25,1008.7,1008.3,1007.3,1009.3,1009.7,6.0,6.0,7.0,6.0,2239.0,2197.0,1741.0,2505.0,2477.0,72.0,66.0,76.0,63.0,63.0,10.0,11.0,11.0,11.0,11.0,5.0,7.0,6.0,9.0,7.0,1.0,2.0,2.0,5.0,2.0,0.0,0.0,0.6,0.0,0.0,8.5,10.3,6.5,10.5,10.2,15.0,15.7,14.4,16.8,16.9,308.0,299.0,287.0,315.0,296.0,2.8,4.9,3.7,6.8,5.0,36.481119,19.122932,55.604051
2023-07-26,1011.7,1010.7,1010.6,1011.9,1012.3,5.0,6.0,6.0,5.0,2191.0,2385.0,2069.0,2586.0,2647.0,75.0,74.0,83.0,63.0,67.0,10.0,12.0,12.0,13.0,10.0,5.0,8.0,6.0,8.0,7.0,1.0,3.0,1.0,3.0,4.0,5.2,1.3,3.9,0.4,3.2,9.9,11.0,9.2,12.4,10.9,15.4,16.2,13.9,17.8,17.7,245.0,254.0,242.0,258.0,240.0,2.5,5.4,3.5,6.2,5.4,33.632615,25.04963,58.682245
2023-07-27,1004.3,1002.8,1003.5,1004.1,1004.7,8.0,8.0,8.0,8.0,603.0,708.0,750.0,659.0,469.0,95.0,94.0,95.0,93.0,95.0,11.0,11.0,7.0,16.0,19.0,5.0,7.0,4.0,11.0,15.0,2.0,2.0,1.0,7.0,7.0,14.1,14.0,9.4,13.9,16.0,0.0,0.0,0.2,0.5,0.0,17.0,17.1,16.0,17.5,17.6,218.0,230.0,206.0,229.0,220.0,4.0,5.3,3.0,9.2,10.1,49.079817,56.365521,105.445338
2023-07-28,1006.5,1005.5,1005.4,1006.6,1007.0,8.0,7.0,8.0,8.0,1521.0,1720.0,1625.0,1339.0,912.0,84.0,87.0,84.0,83.0,89.0,9.0,9.0,8.0,13.0,13.0,5.0,6.0,5.0,8.0,10.0,2.0,3.0,1.0,5.0,3.0,1.0,0.1,0.4,0.0,0.1,3.6,6.2,5.5,3.8,2.0,19.8,19.0,20.1,19.4,18.9,226.0,240.0,250.0,233.0,232.0,3.3,4.5,3.4,6.0,6.0,32.724284,30.137099,62.861383
2023-07-29,1007.0,1005.7,1005.9,1007.0,1007.6,6.0,7.0,5.0,5.0,1346.0,1943.0,1759.0,1766.0,1706.0,77.0,83.0,82.0,78.0,80.0,12.0,12.0,12.0,16.0,15.0,5.0,8.0,7.0,10.0,12.0,2.0,4.0,2.0,6.0,6.0,1.9,0.0,0.3,0.3,2.7,5.5,7.3,7.9,7.5,7.5,18.8,18.8,18.2,19.0,18.6,229.0,230.0,235.0,231.0,228.0,3.8,6.4,4.1,8.5,8.1,53.049432,54.830881,107.880313
2023-07-30,1010.1,1008.1,1008.3,1010.2,1011.2,8.0,7.0,7.0,7.0,1646.0,1954.0,1557.0,1607.0,1740.0,80.0,75.0,82.0,79.0,87.0,14.0,16.0,14.0,19.0,19.0,7.0,12.0,7.0,13.0,14.0,3.0,6.0,3.0,5.0,7.0,12.6,0.9,3.4,9.7,18.2,4.5,6.8,5.6,3.8,4.8,17.4,18.0,16.9,17.9,17.3,226.0,244.0,223.0,240.0,225.0,4.8,8.8,5.4,9.4,11.2,83.189634,63.529342,146.718976
2023-07-31,1004.2,1002.1,1002.4,1004.1,1005.0,8.0,8.0,8.0,8.0,496.0,810.0,731.0,571.0,583.0,94.0,90.0,94.0,90.0,92.0,13.0,15.0,11.0,19.0,17.0,6.0,9.0,7.0,13.0,12.0,2.0,5.0,2.0,7.0,7.0,14.1,15.9,21.8,17.0,10.3,0.0,0.5,0.2,0.3,0.3,17.1,17.9,17.2,17.7,17.6,222.0,245.0,221.0,238.0,217.0,4.8,8.0,4.8,10.6,10.4,87.509847,61.319122,148.828969
2023-08-01,999.9,998.3,997.5,1000.3,1001.2,7.0,8.0,8.0,7.0,1464.0,1402.0,1322.0,1774.0,1876.0,80.0,85.0,89.0,76.0,81.0,13.0,15.0,13.0,16.0,17.0,6.0,10.0,7.0,12.0,13.0,2.0,2.0,3.0,6.0,6.0,5.3,18.7,5.3,0.2,8.3,5.5,5.5,4.5,6.1,7.2,17.1,16.4,16.2,18.0,17.8,250.0,268.0,244.0,255.0,247.0,3.9,7.7,5.3,9.8,9.9,81.259677,54.443985,135.703662
2023-08-02,991.2,989.8,991.7,990.3,990.6,7.0,8.0,8.0,8.0,1418.0,1241.0,1149.0,1678.0,1377.0,86.0,89.0,88.0,86.0,87.0,15.0,17.0,14.0,23.0,21.0,7.0,11.0,8.0,15.0,16.0,2.0,2.0,2.0,7.0,6.0,17.0,26.1,12.8,17.8,14.9,4.0,3.8,4.6,4.9,4.0,17.3,17.0,16.6,17.5,18.1,199.0,196.0,184.0,207.0,208.0,4.6,6.6,4.0,10.1,11.0,66.597122,62.040673,128.63779499999998
2023-08-03,1000.0,999.4,997.7,1001.2,1002.9,8.0,7.0,7.0,7.0,1254.0,1127.0,1630.0,1264.0,1037.0,86.0,84.0,84.0,84.0,82.0,11.0,16.0,13.0,20.0,21.0,5.0,9.0,7.0,16.0,17.0,1.0,2.0,2.0,7.0,3.0,4.6,0.5,2.3,7.6,6.4,2.8,2.9,5.9,3.8,1.8,17.0,17.0,17.6,17.2,17.0,275.0,311.0,285.0,307.0,286.0,3.5,5.1,4.3,11.0,7.7,70.04974,51.643098,121.692838
2023-08-04,1014.4,1014.1,1013.2,1015.1,1015.7,7.0,7.0,7.0,6.0,1632.0,1760.0,1617.0,2035.0,1761.0,83.0,79.0,82.0,79.0,81.0,9.0,10.0,10.0,13.0,11.0,5.0,6.0,6.0,9.0,6.0,0.0,0.0,1.0,2.0,2.0,0.1,0.3,1.0,2.1,1.2,4.6,5.5,4.9,7.5,7.2,16.5,16.9,16.5,17.0,17.0,314.0,322.0,302.0,326.0,313.0,2.2,3.6,3.3,6.6,4.3,26.4588,22.698311,49.157111
2023-08-05,1010.1,1009.8,1011.1,1009.3,1008.9,8.0,8.0,8.0,8.0,974.0,903.0,1274.0,892.0,775.0,89.0,84.0,87.0,84.0,89.0,10.0,12.0,10.0,13.0,14.0,5.0,6.0,5.0,9.0,10.0,1.0,1.0,1.0,2.0,3.0,2.6,6.2,11.1,13.1,9.2,1.9,2.6,3.2,0.4,0.3,15.2,15.6,14.9,15.6,15.7,155.0,173.0,146.0,158.0,157.0,2.9,3.7,2.6,6.7,7.0,25.018365,33.615914,58.63427899999999
2023-08-06,1008.3,1008.1,1006.8,1009.8,1011.4,8.0,8.0,7.0,6.0,588.0,1046.0,2046.0,1290.0,1059.0,93.0,86.0,82.0,80.0,79.0,13.0,18.0,9.0,21.0,21.0,6.0,10.0,5.0,17.0,12.0,2.0,2.0,1.0,6.0,3.0,14.8,24.8,0.1,6.9,12.6,0.3,0.9,7.2,2.7,4.2,14.6,15.4,16.4,15.6,15.2,305.0,321.0,348.0,321.0,305.0,3.7,5.8,3.4,12.6,9.0,51.391477,51.778188,103.169665
2023-08-07,1015.3,1014.2,1012.1,1016.3,1017.5,6.0,5.0,6.0,3.0,1608.0,2187.0,1516.0,2182.0,2561.0,78.0,71.0,79.0,69.0,72.0,12.0,17.0,16.0,19.0,15.0,6.0,10.0,9.0,15.0,12.0,2.0,6.0,3.0,6.0,6.0,2.5,1.8,3.3,0.4,0.0,7.5,11.4,5.7,11.4,12.9,15.4,16.0,14.7,16.9,16.6,281.0,291.0,282.0,291.0,260.0,4.1,7.9,5.4,10.2,8.0,95.579381,49.980649,145.56002999999998
2023-08-08,1013.0,1011.7,1010.4,1013.5,1014.3,7.0,5.0,4.0,8.0,1616.0,2162.0,2013.0,2019.0,1478.0,77.0,70.0,76.0,73.0,81.0,13.0,17.0,17.0,14.0,17.0,6.0,11.0,10.0,11.0,13.0,1.0,3.0,2.0,3.0,3.0,2.5,0.0,0.1,1.5,26.7,5.8,11.3,11.0,7.4,3.3,15.9,16.1,14.4,16.6,16.6,252.0,277.0,256.0,269.0,244.0,3.6,7.1,5.7,7.9,8.2,77.550432,45.683529,123.233961
2023-08-09,1017.1,1016.5,1015.8,1017.5,1018.0,5.0,5.0,3.0,4.0,2128.0,2393.0,2135.0,2310.0,2461.0,79.0,72.0,76.0,77.0,78.0,10.0,11.0,11.0,9.0,10.0,5.0,7.0,6.0,7.0,6.0,1.0,1.0,2.0,2.0,1.0,0.0,0.0,0.0,0.0,0.0,10.9,12.0,12.1,11.8,11.7,16.2,16.2,14.4,16.8,16.9,263.0,280.0,262.0,283.0,267.0,2.8,3.9,3.8,4.2,3.3,30.533979,11.569257,42.103236
2023-08-10,1021.0,1020.6,1021.0,1020.8,1020.7,5.0,6.0,8.0,1.0,1816.0,1578.0,1016.0,2048.0,2462.0,74.0,74.0,82.0,70.0,69.0,6.0,10.0,6.0,7.0,7.0,3.0,7.0,3.0,5.0,5.0,0.0,0.0,1.0,2.0,2.0,0.0,0.0,0.0,0.0,0.0,7.9,5.0,1.6,8.3,13.7,17.8,17.4,16.0,19.0,19.8,194.0,220.0,194.0,177.0,127.0,1.8,3.2,1.8,3.9,3.7,4.320294,8.785698,13.105992
2023-08-11,1018.7,1018.0,1018.6,1018.6,1018.8,5.0,6.0,4.0,6.0,1854.0,2025.0,2018.0,1717.0,1456.0,77.0,81.0,76.0,76.0,85.0,9.0,11.0,8.0,14.0,12.0,5.0,8.0,5.0,9.0,8.0,1.0,3.0,1.0,4.0,2.0,0.0,0.0,0.1,0.0,0.0,7.5,10.3,9.3,6.2,4.0,20.9,19.5,20.6,20.7,19.7,204.0,212.0,198.0,210.0,228.0,2.6,5.0,3.1,6.0,4.8,22.531378,34.833027,57.364405000000005
2023-08-12,1015.5,1014.4,1014.9,1015.5,1016.0,6.0,6.0,6.0,6.0,1733.0,1817.0,1145.0,2094.0,2179.0,79.0,86.0,86.0,80.0,84.0,11.0,13.0,10.0,17.0,13.0,5.0,9.0,6.0,11.0,10.0,2.0,3.0,2.0,3.0,2.0,19.8,4.2,10.8,4.4,14.7,7.8,7.9,5.5,9.1,9.3,19.5,18.8,18.5,19.5,19.0,221.0,222.0,216.0,229.0,233.0,3.1,5.8,3.0,7.5,7.2,37.217096,46.636427,83.853523
2023-08-13,1015.9,1014.7,1015.4,1015.6,1016.1,6.0,8.0,6.0,7.0,1256.0,1702.0,1442.0,1524.0,1481.0,81.0,82.0,84.0,77.0,83.0,8.0,12.0,10.0,14.0,11.0,5.0,8.0,7.0,8.0,7.0,1.0,3.0,1.0,5.0,4.0,0.2,0.0,0.8,0.0,0.0,5.3,6.9,4.5,5.3,5.7,18.0,18.2,17.4,18.8,18.5,212.0,219.0,209.0,213.0,213.0,2.7,6.0,3.8,6.6,5.7,45.044061,55.625724,100.669785
2023-08-14,1013.5,1012.9,1013.9,1013.2,1013.1,5.0,7.0,6.0,6.0,2172.0,1904.0,1997.0,2001.0,2201.0,77.0,73.0,80.0,67.0,76.0,8.0,10.0,7.0,10.0,12.0,4.0,6.0,4.0,7.0,7.0,1.0,2.0,0.0,3.0,3.0,0.0,0.0,0.0,0.0,0.0,10.7,6.5,9.3,8.3,9.3,19.5,19.7,18.8,20.9,19.9,166.0,189.0,180.0,189.0,193.0,2.2,3.8,2.3,5.0,5.2,12.769556,26.548247,39.317803
2023-08-15,1016.2,1015.8,1015.6,1016.5,1016.7,5.0,2.0,5.0,4.0,1469.0,2377.0,1789.0,1935.0,1953.0,81.0,80.0,81.0,81.0,82.0,9.0,10.0,10.0,11.0,8.0,4.0,7.0,6.0,6.0,6.0,0.0,1.0,1.0,2.0,0.0,0.0,0.0,0.0,0.2,0.9,6.8,13.3,8.7,8.2,8.5,18.6,18.3,18.2,18.6,18.6,262.0,247.0,246.0,260.0,246.0,2.5,4.2,3.0,4.2,4.0,22.313291,12.25819,34.571481
2023-08-16,1020.9,1021.9,1022.0,1021.0,1020.6,8.0,6.0,6.0,6.0,2156.0,2299.0,2263.0,2113.0,2223.0,71.0,82.0,79.0,75.0,77.0,9.0,10.0,8.0,10.0,8.0,4.0,7.0,5.0,9.0,5.0,0.0,1.0,0.0,2.0,1.0,0.0,0.0,0.0,0.0,0.0,10.2,13.0,12.7,10.5,11.6,18.7,17.9,16.7,19.0,19.7,44.0,48.0,39.0,41.0,36.0,3.0,3.7,2.5,5.4,3.1,16.574514,13.131846,29.70636
2023-08-17,1019.9,1021.1,1021.2,1019.8,1019.2,8.0,6.0,8.0,6.0,1092.0,2011.0,1076.0,1603.0,1429.0,81.0,78.0,81.0,78.0,81.0,9.0,13.0,11.0,11.0,10.0,5.0,9.0,7.0,9.0,7.0,2.0,6.0,3.0,4.0,3.0,0.0,0.0,0.0,0.0,0.0,1.2,8.5,1.5,4.1,4.5,18.1,18.4,17.3,19.0,19.1,44.0,57.0,52.0,47.0,43.0,3.9,7.5,4.8,6.7,5.0,52.770118,54.190785,106.960903
2023-08-18,1015.5,1016.1,1016.7,1015.0,1014.5,7.0,8.0,7.0,7.0,2002.0,1205.0,1221.0,1611.0,1623.0,83.0,85.0,86.0,80.0,87.0,6.0,9.0,7.0,8.0,9.0,4.0,6.0,4.0,7.0,7.0,2.0,3.0,2.0,3.0,2.0,0.0,0.0,0.0,0.0,0.0,7.9,3.7,3.4,4.7,4.2,21.0,19.2,19.9,21.5,21.0,88.0,82.0,77.0,86.0,75.0,2.8,4.2,2.8,4.1,4.0,16.979823,22.118247,39.09807
2023-08-19,1015.8,1014.9,1015.6,1015.6,1015.9,7.0,5.0,6.0,6.0,1137.0,1388.0,905.0,1525.0,1618.0,80.0,85.0,87.0,76.0,83.0,11.0,12.0,10.0,14.0,14.0,6.0,8.0,5.0,9.0,10.0,1.0,3.0,1.0,5.0,3.0,0.0,0.0,0.6,0.0,0.0,3.9,5.0,2.9,6.8,7.5,21.8,20.3,20.2,21.9,20.8,211.0,210.0,201.0,221.0,237.0,2.7,5.0,2.8,6.5,6.6,30.048161,45.61369,75.661851
2023-08-20,1022.4,1022.0,1022.1,1022.6,1022.8,4.0,1.0,1.0,2.0,2123.0,2321.0,2116.0,2188.0,2286.0,76.0,86.0,80.0,79.0,74.0,6.0,8.0,8.0,9.0,7.0,3.0,6.0,5.0,6.0,5.0,0.0,1.0,0.0,1.0,0.0,0.0,0.0,0.0,0.0,0.0,11.2,13.3,12.4,12.3,12.7,19.8,18.2,18.0,19.5,20.3,270.0,233.0,241.0,258.0,253.0,1.9,3.6,2.3,3.3,3.3,11.241574,9.554975,20.796549
2023-08-21,1022.9,1022.6,1022.7,1023.1,1023.4,4.0,3.0,4.0,3.0,2109.0,2281.0,2179.0,2309.0,2373.0,75.0,81.0,76.0,83.0,82.0,8.0,7.0,6.0,6.0,7.0,3.0,4.0,4.0,5.0,5.0,0.0,1.0,0.0,2.0,1.0,0.0,0.0,0.0,0.0,0.0,11.5,12.8,12.7,13.1,13.1,19.7,18.0,18.1,19.2,19.7,287.0,237.0,253.0,269.0,256.0,1.5,2.6,1.5,3.1,3.5,5.089959,4.6098,9.699759
2023-08-22,1020.5,1019.9,1019.8,1020.7,1021.0,5.0,4.0,4.0,4.0,1599.0,1773.0,2005.0,1660.0,1672.0,81.0,87.0,79.0,82.0,85.0,7.0,10.0,8.0,8.0,8.0,3.0,6.0,5.0,6.0,7.0,0.0,2.0,1.0,2.0,2.0,0.0,0.0,0.0,0.0,0.0,7.1,8.1,11.1,7.8,7.4,18.2,17.8,18.5,19.0,19.0,246.0,231.0,242.0,237.0,242.0,1.9,4.1,2.8,4.0,4.2,16.593716,13.729208,30.322924
2023-08-23,1019.7,1019.5,1019.5,1019.9,1019.8,4.0,6.0,7.0,3.0,2101.0,2157.0,1592.0,2163.0,2247.0,77.0,82.0,81.0,82.0,80.0,7.0,7.0,8.0,6.0,7.0,3.0,4.0,5.0,4.0,4.0,1.0,1.0,0.0,2.0,2.0,0.0,0.0,0.0,0.0,0.0,11.9,11.8,6.8,11.8,12.3,18.8,18.3,17.8,19.3,19.6,246.0,270.0,257.0,320.0,268.0,2.0,2.7,2.6,3.3,3.3,10.302004,3.566361,13.868365
2023-08-24,1012.9,1012.7,1013.4,1012.5,1012.3,7.0,7.0,7.0,6.0,1096.0,442.0,935.0,1103.0,995.0,82.0,91.0,86.0,81.0,88.0,7.0,8.0,6.0,11.0,11.0,3.0,5.0,4.0,7.0,8.0,1.0,1.0,0.0,3.0,2.0,0.4,13.8,0.0,1.1,6.9,3.6,2.2,3.8,2.4,2.9,20.5,18.9,19.0,21.0,20.6,156.0,149.0,120.0,158.0,150.0,2.1,3.1,2.0,5.1,4.7,8.941341,19.746154,28.687495
2023-08-25,1008.0,1007.9,1007.4,1008.5,1008.7,8.0,7.0,8.0,7.0,754.0,994.0,576.0,1381.0,1376.0,89.0,84.0,94.0,82.0,86.0,7.0,7.0,8.0,10.0,11.0,4.0,4.0,3.0,6.0,8.0,1.0,1.0,1.0,2.0,1.0,2.7,0.0,6.1,9.7,0.0,2.3,1.4,1.1,3.9,3.6,19.2,18.1,18.7,18.8,18.9,245.0,319.0,292.0,304.0,255.0,1.9,2.3,2.0,3.9,4.2,6.664682,6.177062,12.841744
2023-08-26,1009.7,1008.6,1009.2,1009.3,1009.7,5.0,5.0,6.0,5.0,1423.0,1451.0,1343.0,1891.0,1636.0,84.0,83.0,90.0,77.0,81.0,10.0,11.0,11.0,13.0,14.0,5.0,6.0,5.0,9.0,9.0,1.0,2.0,1.0,5.0,2.0,4.4,3.3,12.3,3.6,2.3,8.0,7.2,5.3,10.5,9.0,15.9,15.8,14.8,17.3,16.9,196.0,202.0,220.0,218.0,213.0,3.1,3.7,2.8,6.8,6.8,31.957227,32.233522,64.190749
2023-08-27,1009.1,1007.9,1007.9,1009.2,1009.8,6.0,7.0,6.0,5.0,1218.0,1254.0,1216.0,1113.0,1845.0,85.0,82.0,88.0,80.0,81.0,10.0,12.0,11.0,14.0,13.0,5.0,7.0,5.0,10.0,10.0,1.0,3.0,1.0,4.0,3.0,0.6,9.2,1.7,3.9,6.0,5.8,4.7,5.4,5.4,9.0,15.0,15.5,14.2,15.9,16.7,222.0,251.0,213.0,247.0,232.0,3.0,4.7,3.7,6.8,7.5,36.41005,25.417504,61.827554
2023-08-28,1012.4,1012.3,1011.7,1012.8,1013.2,6.0,3.0,5.0,5.0,1897.0,1757.0,1631.0,1995.0,960.0,81.0,78.0,82.0,76.0,81.0,7.0,8.0,9.0,10.0,7.0,4.0,5.0,4.0,6.0,4.0,0.0,0.0,1.0,1.0,1.0,0.0,2.0,0.6,1.0,5.5,9.4,10.8,9.7,10.3,5.2,15.8,16.3,14.7,17.2,16.6,328.0,313.0,284.0,341.0,318.0,1.7,2.7,2.5,4.0,3.0,10.203339,9.305935,19.509274
2023-08-29,1011.2,1010.6,1010.6,1011.2,1011.6,8.0,6.0,6.0,4.0,932.0,1317.0,1307.0,1448.0,1569.0,86.0,79.0,84.0,75.0,73.0,5.0,10.0,5.0,9.0,9.0,3.0,5.0,3.0,6.0,6.0,0.0,1.0,0.0,2.0,1.0,1.8,0.7,0.1,0.5,0.0,2.4,7.7,4.4,4.6,6.5,14.1,15.5,14.0,16.4,16.7,206.0,238.0,229.0,236.0,235.0,1.4,2.6,1.4,4.0,4.3,4.250146,6.632855,10.883001
2023-08-30,1006.2,1005.0,1005.2,1006.4,1007.2,6.0,7.0,7.0,5.0,1028.0,1371.0,783.0,1330.0,1795.0,84.0,78.0,90.0,79.0,78.0,9.0,12.0,9.0,15.0,14.0,4.0,6.0,5.0,10.0,9.0,2.0,1.0,2.0,4.0,2.0,7.4,18.5,5.0,7.5,10.2,4.0,6.3,2.1,5.2,8.2,13.9,15.0,12.8,15.5,15.5,236.0,264.0,208.0,259.0,242.0,2.8,4.2,2.9,7.2,6.6,29.454018,25.328951,54.782969
2023-08-31,1010.1,1009.2,1008.6,1010.3,1010.6,6.0,5.0,5.0,6.0,1851.0,1793.0,1607.0,1934.0,1367.0,78.0,75.0,84.0,70.0,81.0,11.0,11.0,13.0,13.0,12.0,5.0,6.0,6.0,10.0,7.0,0.0,1.0,1.0,2.0,3.0,9.4,1.7,6.7,0.0,2.2,9.4,9.5,9.7,10.0,6.3,15.2,15.1,13.1,16.7,16.1,260.0,282.0,249.0,275.0,211.0,2.7,3.7,3.3,5.3,5.0,32.069251,16.830736,48.899987
2023-09-01,1013.2,1013.3,1013.9,1012.7,1012.5,8.0,8.0,6.0,8.0,674.0,1214.0,1590.0,606.0,880.0,91.0,78.0,84.0,90.0,91.0,5.0,8.0,5.0,7.0,10.0,2.0,6.0,3.0,5.0,5.0,1.0,1.0,0.0,1.0,1.0,4.9,0.0,0.0,2.6,3.1,1.1,3.5,7.4,0.3,3.1,15.9,16.7,13.9,16.8,17.7,111.0,84.0,82.0,143.0,169.0,1.5,3.4,1.4,3.0,3.0,2.466721,5.298472,7.765193
2023-09-02,1021.4,1021.9,1021.8,1021.3,1021.0,7.0,5.0,6.0,8.0,985.0,1989.0,1718.0,1578.0,1048.0,91.0,83.0,82.0,89.0,88.0,6.0,7.0,6.0,9.0,6.0,3.0,5.0,3.0,8.0,4.0,1.0,1.0,0.0,2.0,1.0,0.0,0.0,0.0,0.0,0.0,3.6,12.1,10.4,7.3,3.4,16.5,17.2,15.3,17.7,18.8,28.0,50.0,9.0,44.0,20.0,1.4,3.1,1.6,3.9,2.9,4.543143,10.454478,14.997621
2023-09-03,1027.8,1027.8,1028.0,1027.5,1027.2,8.0,7.0,7.0,6.0,1673.0,1639.0,1738.0,1846.0,1877.0,79.0,83.0,82.0,78.0,77.0,4.0,5.0,7.0,7.0,8.0,2.0,3.0,3.0,6.0,6.0,0.0,0.0,0.0,1.0,1.0,0.0,0.0,0.0,0.0,0.0,8.3,8.4,10.1,9.5,10.3,16.1,16.9,15.4,18.2,19.5,62.0,208.0,254.0,58.0,68.0,1.0,1.6,1.1,3.3,3.1,1.211097,2.610191,3.821288
2023-09-04,1024.7,1025.2,1026.0,1024.1,1023.4,7.0,6.0,7.0,5.0,1898.0,1862.0,1938.0,1737.0,1909.0,77.0,79.0,78.0,70.0,73.0,6.0,7.0,6.0,8.0,9.0,3.0,5.0,3.0,5.0,6.0,1.0,1.0,0.0,2.0,3.0,0.0,0.0,0.0,0.0,0.0,11.6,12.0,12.5,9.8,10.8,17.8,18.9,16.8,19.9,20.0,94.0,87.0,99.0,99.0,62.0,2.1,3.1,1.8,3.8,4.2,7.014549,11.61517,18.629719
2023-09-05,1019.0,1019.4,1020.5,1018.4,1017.8,0.0,1.0,1.0,1.0,2033.0,1979.0,1937.0,1972.0,2011.0,71.0,79.0,77.0,64.0,68.0,8.0,6.0,6.0,6.0,7.0,4.0,4.0,4.0,5.0,6.0,1.0,2.0,2.0,2.0,2.0,0.0,0.0,0.0,0.0,0.0,12.3,12.3,12.5,12.3,12.3,21.0,21.1,20.4,23.1,22.6,123.0,74.0,88.0,112.0,85.0,2.8,3.5,2.5,3.5,3.8,12.165616,18.904013,31.069629
2023-09-06,1019.6,1019.6,1020.6,1019.2,1018.7,1.0,2.0,1.0,2.0,1993.0,1927.0,1944.0,1923.0,1970.0,74.0,78.0,73.0,71.0,73.0,6.0,6.0,7.0,6.0,6.0,3.0,4.0,4.0,5.0,5.0,1.0,2.0,1.0,1.0,1.0,0.0,0.0,0.0,0.0,0.0,12.2,12.3,12.4,12.3,12.3,21.7,22.8,22.1,23.1,23.5,140.0,99.0,119.0,86.0,80.0,1.9,2.6,2.1,3.0,3.2,5.568556,7.512071,13.080627
2023-09-07,1018.5,1018.9,1020.1,1017.9,1017.3,1.0,2.0,2.0,1.0,1979.0,1922.0,1932.0,1944.0,1985.0,75.0,76.0,68.0,66.0,68.0,8.0,7.0,9.0,9.0,7.0,4.0,5.0,5.0,6.0,6.0,1.0,2.0,2.0,2.0,2.0,0.0,0.0,0.0,0.0,0.0,12.2,12.2,12.4,12.2,12.1,20.7,22.8,21.8,23.3,23.0,110.0,87.0,98.0,110.0,97.0,2.3,3.2,3.1,4.0,4.0,15.055129,19.969554,35.024683
2023-09-08,1016.5,1016.5,1017.1,1016.5,1016.5,3.0,4.0,3.0,3.0,1865.0,1786.0,1870.0,1800.0,1846.0,78.0,80.0,73.0,81.0,80.0,6.0,5.0,7.0,6.0,8.0,3.0,3.0,4.0,4.0,6.0,0.0,0.0,0.0,1.0,1.0,0.0,0.0,0.0,0.0,0.0,11.8,12.2,12.0,11.1,11.2,21.6,21.4,21.4,21.8,21.9,158.0,195.0,142.0,243.0,257.0,1.5,1.7,1.9,2.8,2.2,4.206249,6.036421,10.24267
2023-09-09,1016.8,1016.7,1016.7,1016.7,1016.3,1.0,1.0,1.0,0.0,1721.0,1735.0,1771.0,1731.0,1796.0,82.0,83.0,82.0,77.0,75.0,4.0,5.0,6.0,5.0,6.0,2.0,3.0,3.0,4.0,5.0,0.0,1.0,0.0,1.0,0.0,0.0,0.0,0.0,0.0,0.0,9.7,12.0,12.0,11.6,11.7,20.7,20.4,20.4,22.6,23.4,352.0,280.0,284.0,47.0,91.0,1.0,1.8,1.1,2.1,2.8,1.310977,2.034719,3.345696
2023-09-10,1016.4,1016.1,1017.2,1015.8,1015.6,4.0,3.0,4.0,4.0,1710.0,1636.0,1632.0,1676.0,1713.0,78.0,76.0,81.0,66.0,74.0,6.0,7.0,4.0,8.0,7.0,3.0,5.0,3.0,6.0,5.0,1.0,1.0,0.0,3.0,2.0,0.0,0.0,0.0,0.0,0.0,11.1,11.1,12.0,10.9,10.8,23.3,23.7,21.0,25.7,24.5,141.0,126.0,107.0,149.0,116.0,2.0,2.8,1.4,4.2,3.4,3.932922,17.603121,21.536043000000003
2023-09-11,1013.0,1012.5,1012.5,1013.2,1013.4,6.0,6.0,6.0,6.0,1573.0,1238.0,1637.0,1098.0,1042.0,81.0,88.0,79.0,85.0,87.0,7.0,9.0,8.0,9.0,9.0,3.0,7.0,5.0,7.0,7.0,1.0,2.0,1.0,1.0,2.0,1.1,0.4,0.6,0.4,2.8,8.1,5.9,11.6,5.1,4.0,22.0,20.3,22.1,20.7,20.3,269.0,230.0,232.0,234.0,243.0,2.1,3.8,2.8,3.7,4.2,17.109396,20.225215,37.334611
2023-09-12,1013.0,1012.8,1012.8,1013.1,1013.3,8.0,8.0,8.0,8.0,1079.0,1073.0,889.0,1194.0,866.0,88.0,89.0,90.0,89.0,90.0,5.0,5.0,7.0,7.0,7.0,2.0,3.0,4.0,5.0,6.0,0.0,1.0,1.0,2.0,2.0,0.0,1.0,0.8,0.0,0.0,3.4,3.2,2.7,4.1,2.6,19.7,19.2,19.1,20.0,19.5,296.0,286.0,265.0,293.0,239.0,1.3,2.2,2.4,3.3,3.3,3.365538,4.05239,7.417928
2023-09-13,1018.7,1019.2,1018.6,1019.2,1019.2,6.0,6.0,7.0,5.0,1417.0,1404.0,811.0,1424.0,1524.0,80.0,78.0,83.0,76.0,75.0,13.0,19.0,10.0,21.0,14.0,6.0,11.0,5.0,17.0,9.0,0.0,1.0,1.0,2.0,3.0,0.2,30.2,11.8,0.0,0.0,8.0,7.2,2.5,8.3,8.6,16.6,15.6,14.4,17.1,18.1,17.0,25.0,15.0,25.0,356.0,3.0,4.6,3.3,7.2,5.3,41.94881,29.540812,71.489622
2023-09-14,1022.0,1021.8,1022.5,1021.7,1021.5,6.0,7.0,7.0,4.0,1420.0,1635.0,1482.0,1191.0,1766.0,83.0,76.0,74.0,76.0,74.0,6.0,7.0,5.0,6.0,7.0,3.0,4.0,3.0,4.0,6.0,0.0,1.0,1.0,1.0,2.0,0.0,0.0,0.0,0.0,0.0,8.9,10.5,9.8,7.7,11.7,14.1,15.6,13.8,16.1,18.3,135.0,182.0,171.0,121.0,101.0,1.5,2.5,1.8,3.3,2.8,2.917355,5.49566,8.413015
2023-09-15,1017.3,1017.5,1018.5,1016.8,1016.2,5.0,4.0,7.0,4.0,1668.0,1648.0,1703.0,1674.0,1702.0,82.0,74.0,79.0,70.0,68.0,7.0,7.0,6.0,7.0,8.0,4.0,4.0,3.0,5.0,5.0,1.0,2.0,0.0,2.0,3.0,0.0,0.0,0.0,0.0,0.0,9.9,11.1,11.3,10.8,10.0,14.9,17.2,14.3,17.7,19.8,117.0,111.0,109.0,117.0,93.0,1.8,3.1,1.9,3.6,4.2,7.13336,15.078128,22.211488
2023-09-16,1014.3,1014.9,1015.1,1014.1,1013.3,5.0,6.0,6.0,7.0,1418.0,1471.0,1416.0,1402.0,1516.0,73.0,78.0,79.0,71.0,73.0,7.0,9.0,6.0,9.0,9.0,4.0,7.0,3.0,7.0,6.0,1.0,2.0,0.0,1.0,2.0,0.0,0.0,0.0,1.5,11.6,8.6,10.0,8.6,8.8,8.4,18.1,18.5,16.2,20.1,20.9,47.0,62.0,26.0,65.0,56.0,2.0,3.9,1.7,3.9,3.9,5.755278,6.676334,12.431612
2023-09-17,1011.7,1012.1,1012.5,1011.4,1010.7,8.0,7.0,8.0,8.0,376.0,788.0,649.0,493.0,890.0,92.0,86.0,91.0,85.0,87.0,7.0,10.0,7.0,10.0,8.0,4.0,7.0,4.0,8.0,7.0,1.0,2.0,1.0,2.0,1.0,19.1,0.9,0.1,0.1,0.5,0.8,2.2,1.5,0.4,1.9,16.6,17.9,16.7,17.7,19.3,67.0,74.0,84.0,83.0,63.0,2.3,4.3,2.2,4.8,3.9,14.692676,28.850154,43.54283
2023-09-18,1003.3,1001.3,1002.3,1003.0,1003.7,7.0,7.0,7.0,6.0,991.0,1082.0,813.0,1097.0,1250.0,84.0,84.0,86.0,80.0,79.0,16.0,19.0,18.0,22.0,21.0,7.0,12.0,8.0,15.0,15.0,2.0,3.0,2.0,4.0,3.0,3.5,21.9,11.7,5.7,5.5,5.1,5.2,4.0,5.4,7.3,18.6,18.5,18.4,19.0,19.3,204.0,229.0,197.0,226.0,211.0,4.5,7.6,5.0,9.8,10.2,74.826482,59.510859,134.337341
2023-09-19,1007.8,1004.4,1005.4,1007.3,1008.6,8.0,8.0,7.0,8.0,760.0,674.0,807.0,656.0,746.0,77.0,75.0,85.0,78.0,79.0,18.0,24.0,19.0,25.0,20.0,9.0,14.0,12.0,14.0,14.0,3.0,10.0,5.0,9.0,9.0,0.3,6.9,1.7,2.8,0.7,2.3,2.3,3.2,1.9,1.9,16.6,17.4,15.4,17.2,17.1,211.0,230.0,210.0,221.0,204.0,6.2,12.1,8.2,12.0,11.5,117.873377,76.787846,194.661223
2023-09-20,1004.1,1001.6,1003.6,1002.9,1003.2,8.0,8.0,8.0,8.0,777.0,639.0,740.0,899.0,774.0,75.0,78.0,77.0,74.0,75.0,16.0,19.0,14.0,19.0,16.0,8.0,12.0,8.0,13.0,11.0,3.0,7.0,4.0,9.0,7.0,0.0,0.1,0.0,0.1,0.0,3.2,2.8,1.8,3.1,2.4,18.5,18.8,18.2,19.2,19.4,187.0,200.0,196.0,188.0,180.0,5.0,9.8,6.4,11.0,10.1,111.067911,77.080935,188.148846
2023-09-21,997.0,996.3,997.1,996.7,996.9,8.0,8.0,8.0,7.0,261.0,408.0,309.0,308.0,271.0,91.0,90.0,87.0,91.0,88.0,10.0,18.0,11.0,16.0,15.0,4.0,9.0,6.0,11.0,11.0,1.0,1.0,1.0,2.0,2.0,11.9,12.6,7.7,27.7,16.6,0.0,0.0,0.2,0.0,0.0,15.5,15.4,15.8,15.2,15.3,167.0,194.0,180.0,207.0,199.0,2.5,3.8,2.9,4.9,5.1,35.334084,25.493615,60.827699
2023-09-22,1001.4,1000.1,1000.6,1001.1,1001.6,8.0,8.0,8.0,7.0,982.0,645.0,790.0,718.0,780.0,85.0,90.0,88.0,89.0,84.0,14.0,11.0,12.0,15.0,13.0,6.0,7.0,7.0,10.0,10.0,2.0,1.0,2.0,2.0,4.0,0.8,19.3,2.0,14.7,3.5,3.8,3.2,2.1,1.8,2.8,14.0,13.3,13.9,13.5,14.1,209.0,196.0,211.0,202.0,200.0,3.6,4.1,4.1,6.5,7.5,43.834071,22.759937,66.594008
2023-09-23,1014.8,1013.5,1013.4,1014.9,1015.8,6.0,6.0,6.0,5.0,1008.0,1336.0,941.0,890.0,1178.0,89.0,83.0,91.0,79.0,79.0,9.0,13.0,10.0,13.0,12.0,4.0,5.0,6.0,10.0,9.0,1.0,1.0,1.0,4.0,6.0,6.5,13.0,8.6,9.1,2.5,4.5,7.3,5.9,4.7,6.5,13.4,14.5,12.8,14.9,14.7,229.0,270.0,223.0,259.0,227.0,2.9,3.3,3.3,7.2,7.5,31.750728,31.919098,63.669826
2023-09-24,1023.1,1021.6,1023.2,1022.2,1022.3,3.0,5.0,3.0,4.0,1547.0,1427.0,1514.0,1516.0,1554.0,77.0,75.0,77.0,67.0,71.0,10.0,15.0,11.0,14.0,13.0,6.0,10.0,7.0,10.0,9.0,2.0,3.0,1.0,6.0,6.0,0.0,0.1,0.0,0.0,0.0,10.3,9.8,11.1,10.6,10.5,13.9,15.3,14.0,16.2,16.1,170.0,187.0,184.0,180.0,168.0,3.1,5.8,3.7,7.6,7.3,40.708848,65.768376,106.477224
2023-09-25,1021.6,1020.6,1021.8,1021.0,1021.1,8.0,8.0,7.0,8.0,1197.0,588.0,1113.0,790.0,882.0,77.0,84.0,74.0,79.0,79.0,7.0,10.0,9.0,12.0,11.0,4.0,6.0,5.0,9.0,9.0,1.0,2.0,1.0,3.0,2.0,0.0,0.0,0.0,0.0,0.0,5.5,1.3,6.0,3.8,3.0,15.8,15.1,15.7,16.4,17.1,170.0,188.0,174.0,183.0,165.0,2.4,4.5,3.3,5.6,4.4,34.193122,46.232882,80.426004
2023-09-26,1019.9,1019.2,1020.2,1019.4,1019.5,7.0,8.0,8.0,7.0,1041.0,1143.0,981.0,1147.0,1080.0,84.0,82.0,82.0,76.0,82.0,6.0,9.0,6.0,10.0,7.0,3.0,6.0,4.0,7.0,5.0,1.0,2.0,1.0,3.0,2.0,0.0,0.0,0.0,0.0,0.0,5.1,6.2,4.2,6.3,5.1,15.9,17.4,15.8,18.3,18.2,151.0,169.0,159.0,172.0,161.0,2.0,3.5,1.8,4.4,3.5,6.67369,23.880143,30.553833
2023-09-27,1016.9,1016.2,1017.4,1016.2,1016.2,7.0,8.0,8.0,8.0,1083.0,936.0,946.0,946.0,945.0,82.0,84.0,83.0,78.0,84.0,7.0,11.0,9.0,15.0,11.0,4.0,7.0,5.0,11.0,8.0,1.0,1.0,1.0,1.0,1.0,0.0,0.0,0.0,0.0,0.0,4.8,3.1,4.6,3.2,3.1,17.4,18.1,17.1,19.3,18.8,144.0,160.0,147.0,162.0,151.0,2.4,3.5,2.2,5.4,4.5,12.233464,26.462553,38.696017
2023-09-28,1015.8,1014.4,1015.2,1015.4,1015.8,6.0,7.0,6.0,7.0,734.0,534.0,709.0,534.0,869.0,81.0,78.0,81.0,76.0,77.0,9.0,16.0,11.0,15.0,13.0,5.0,10.0,7.0,10.0,8.0,1.0,3.0,0.0,4.0,4.0,0.0,0.0,0.0,0.0,0.0,2.7,0.4,2.3,1.0,3.2,17.0,17.6,17.1,18.0,17.8,205.0,220.0,207.0,214.0,191.0,3.0,6.3,3.9,6.4,6.5,44.473668,59.20877,103.682438
2023-09-29,1017.7,1016.7,1016.5,1017.9,1018.4,6.0,6.0,6.0,7.0,517.0,781.0,570.0,687.0,598.0,86.0,78.0,87.0,76.0,80.0,10.0,12.0,11.0,14.0,13.0,5.0,7.0,6.0,11.0,9.0,1.0,4.0,2.0,4.0,3.0,4.2,4.9,3.2,1.4,0.4,3.0,5.0,2.1,4.0,2.8,15.8,16.8,15.3,17.6,17.6,230.0,262.0,225.0,261.0,223.0,3.1,5.4,3.9,7.2,6.2,47.205699,49.550207,96.755906
2023-09-30,1025.3,1024.3,1024.5,1025.1,1025.4,7.0,6.0,7.0,5.0,1040.0,1089.0,891.0,1069.0,1257.0,83.0,74.0,84.0,74.0,80.0,7.0,8.0,7.0,10.0,7.0,3.0,5.0,4.0,7.0,5.0,1.0,1.0,1.0,3.0,1.0,0.0,0.0,0.0,0.0,0.0,7.0,7.2,6.0,6.4,8.6,14.7,16.4,14.3,16.7,16.2,197.0,239.0,228.0,210.0,191.0,1.9,3.4,2.5,4.6,3.5,9.725832,12.630482,22.356314
2023-10-01,1021.7,1020.4,1020.9,1021.5,1021.8,7.0,8.0,8.0,4.0,1285.0,837.0,829.0,1279.0,1380.0,78.0,85.0,82.0,77.0,80.0,9.0,12.0,9.0,11.0,10.0,5.0,8.0,6.0,8.0,7.0,1.0,4.0,1.0,3.0,0.0,0.0,0.1,0.1,0.0,0.0,9.8,3.2,3.9,9.6,10.0,17.6,18.4,17.3,18.4,18.3,204.0,224.0,215.0,205.0,199.0,2.9,5.5,3.3,5.1,4.3,30.123988,44.006852,74.13084
2023-10-02,1017.0,1016.3,1017.0,1016.6,1016.6,8.0,8.0,8.0,8.0,1021.0,754.0,852.0,999.0,1065.0,88.0,91.0,88.0,86.0,81.0,6.0,8.0,7.0,10.0,10.0,3.0,5.0,5.0,8.0,8.0,1.0,2.0,0.0,1.0,1.0,0.0,2.0,0.3,0.0,0.0,6.1,2.4,4.3,5.0,5.9,18.2,18.5,18.4,19.1,19.4,176.0,206.0,198.0,173.0,161.0,2.0,3.6,2.8,4.0,3.7,7.854728,15.605748,23.460476
2023-10-03,1015.6,1013.7,1012.7,1016.2,1017.4,6.0,7.0,7.0,6.0,558.0,524.0,451.0,593.0,794.0,82.0,77.0,84.0,74.0,73.0,14.0,18.0,16.0,20.0,21.0,7.0,11.0,10.0,13.0,16.0,3.0,5.0,3.0,8.0,7.0,4.8,3.1,2.1,1.8,1.7,3.0,2.1,2.1,3.1,5.2,15.9,16.2,15.4,17.0,17.2,248.0,271.0,245.0,272.0,251.0,4.2,8.5,5.6,11.5,10.2,88.061208,70.454571,158.515779
2023-10-04,1024.6,1022.7,1022.3,1024.7,1025.8,7.0,8.0,7.0,7.0,737.0,805.0,782.0,701.0,888.0,79.0,71.0,82.0,68.0,77.0,11.0,15.0,12.0,15.0,15.0,6.0,10.0,7.0,11.0,12.0,2.0,7.0,4.0,7.0,6.0,0.0,0.2,0.0,0.4,0.0,5.1,3.8,3.7,3.1,6.0,14.6,16.0,13.7,16.4,15.4,223.0,253.0,230.0,253.0,227.0,3.8,8.5,5.2,8.5,8.4,68.563821,66.469882,135.033703
2023-10-05,1023.8,1022.2,1021.9,1023.9,1024.8,8.0,8.0,8.0,8.0,619.0,786.0,710.0,839.0,938.0,80.0,78.0,86.0,74.0,79.0,9.0,14.0,9.0,15.0,12.0,4.0,10.0,5.0,11.0,8.0,2.0,6.0,3.0,5.0,4.0,0.0,0.0,2.6,0.0,0.0,2.7,3.4,2.9,4.5,5.6,15.4,16.6,14.6,16.5,15.6,223.0,252.0,237.0,249.0,222.0,3.4,7.1,4.4,7.7,6.9,52.97438,57.586504,110.560884
2023-10-06,1022.2,1019.7,1019.1,1022.3,1023.4,7.0,8.0,8.0,6.0,989.0,672.0,658.0,882.0,961.0,81.0,80.0,82.0,82.0,82.0,12.0,16.0,16.0,16.0,13.0,7.0,11.0,10.0,11.0,10.0,4.0,8.0,5.0,7.0,6.0,0.0,0.3,0.3,0.0,0.0,6.7,2.1,1.6,5.7,5.9,16.1,17.8,16.5,16.9,16.3,220.0,234.0,230.0,227.0,217.0,5.0,9.2,7.6,9.0,8.0,96.355291,77.955382,174.310673
2023-10-07,1020.9,1019.3,1018.3,1021.4,1022.4,7.0,8.0,8.0,6.0,906.0,778.0,363.0,943.0,1107.0,83.0,83.0,84.0,82.0,82.0,13.0,14.0,13.0,15.0,17.0,6.0,9.0,8.0,10.0,12.0,2.0,3.0,2.0,7.0,7.0,0.0,0.0,0.4,0.0,0.0,4.2,3.7,0.5,6.3,6.8,18.1,18.2,17.0,18.6,18.1,238.0,257.0,258.0,244.0,241.0,4.1,7.2,5.9,9.0,9.7,97.822122,72.692315,170.514437
2023-10-08,1023.7,1023.6,1024.1,1023.5,1023.8,8.0,8.0,8.0,7.0,458.0,738.0,760.0,897.0,1141.0,91.0,83.0,81.0,86.0,86.0,8.0,10.0,6.0,10.0,10.0,4.0,7.0,3.0,7.0,7.0,1.0,2.0,1.0,1.0,1.0,0.0,0.1,0.2,0.0,0.0,0.4,3.0,2.9,5.6,8.4,15.0,15.0,13.7,17.7,18.1,114.0,104.0,150.0,200.0,245.0,2.3,4.3,1.6,4.1,3.5,12.395022,12.812138,25.20716
2023-10-09,1020.0,1019.1,1018.3,1020.5,1021.1,8.0,8.0,8.0,7.0,538.0,420.0,215.0,746.0,725.0,86.0,86.0,90.0,83.0,88.0,8.0,9.0,10.0,11.0,10.0,4.0,5.0,5.0,7.0,8.0,1.0,2.0,1.0,2.0,1.0,0.0,0.0,4.4,0.0,0.0,0.5,1.2,0.1,2.5,2.9,17.6,17.3,15.4,18.2,17.4,259.0,280.0,264.0,267.0,245.0,2.5,4.0,3.0,4.7,4.8,23.531147,22.018142,45.549289
2023-10-10,1016.8,1015.1,1015.4,1016.7,1017.4,8.0,8.0,8.0,7.0,1004.0,815.0,755.0,964.0,1073.0,79.0,88.0,84.0,81.0,79.0,10.0,12.0,10.0,17.0,12.0,5.0,8.0,6.0,10.0,9.0,1.0,2.0,2.0,3.0,3.0,0.0,0.0,0.0,0.0,0.0,7.4,4.7,4.3,6.5,7.5,17.4,17.3,17.0,17.9,17.6,204.0,212.0,211.0,210.0,208.0,3.0,5.6,4.3,7.0,6.2,32.329044,45.524184,77.853228
2023-10-11,1012.0,1010.1,1009.6,1012.1,1013.2,8.0,8.0,8.0,8.0,364.0,633.0,411.0,506.0,509.0,85.0,87.0,88.0,86.0,84.0,11.0,15.0,14.0,17.0,14.0,6.0,10.0,8.0,11.0,10.0,2.0,3.0,3.0,6.0,5.0,0.2,16.3,10.4,0.5,0.4,0.3,3.4,1.1,1.4,1.8,17.4,17.5,16.8,18.1,17.7,223.0,241.0,237.0,237.0,221.0,4.3,7.9,6.7,8.6,8.0,89.034356,75.700988,164.735344
2023-10-12,1012.2,1011.9,1012.1,1011.9,1012.4,8.0,8.0,8.0,8.0,107.0,310.0,640.0,147.0,263.0,97.0,83.0,88.0,95.0,91.0,8.0,8.0,5.0,13.0,13.0,4.0,5.0,3.0,8.0,9.0,1.0,1.0,1.0,3.0,5.0,36.7,0.6,2.2,38.4,4.3,0.0,0.5,3.6,0.4,0.2,15.5,13.9,12.8,16.3,17.1,191.0,91.0,169.0,227.0,212.0,2.5,2.7,1.8,5.3,7.2,18.435987,18.366932,36.802919
2023-10-13,1002.9,1000.3,1000.9,1002.6,1003.4,8.0,8.0,8.0,8.0,243.0,277.0,272.0,245.0,365.0,89.0,85.0,89.0,87.0,85.0,18.0,21.0,19.0,21.0,22.0,8.0,13.0,11.0,13.0,15.0,2.0,5.0,2.0,7.0,6.0,36.7,21.6,17.3,16.4,20.6,0.1,0.9,0.1,0.1,0.4,17.8,17.3,17.1,17.8,18.2,210.0,225.0,213.0,218.0,206.0,5.2,9.2,7.3,10.4,10.0,102.824622,72.274324,175.098946
2023-10-14,1012.7,1011.3,1009.6,1013.5,1014.8,4.0,4.0,3.0,3.0,716.0,905.0,948.0,866.0,1097.0,74.0,60.0,72.0,61.0,59.0,13.0,16.0,17.0,18.0,15.0,6.0,10.0,7.0,13.0,8.0,2.0,5.0,3.0,9.0,3.0,7.8,2.6,0.4,0.3,0.2,6.1,7.5,8.5,7.4,9.0,10.9,12.1,10.2,12.7,12.7,277.0,289.0,257.0,293.0,286.0,3.2,7.5,4.7,11.1,6.3,84.974896,70.189881,155.16477700000002
2023-10-15,1021.6,1020.5,1019.0,1021.8,1022.8,6.0,6.0,6.0,5.0,802.0,811.0,742.0,804.0,845.0,90.0,72.0,82.0,68.0,68.0,10.0,18.0,13.0,20.0,13.0,3.0,7.0,5.0,14.0,8.0,1.0,2.0,2.0,4.0,1.0,11.1,9.5,8.4,6.8,1.7,5.2,5.4,5.6,5.8,6.6,7.5,9.5,7.3,10.4,10.4,263.0,322.0,259.0,328.0,304.0,2.0,5.0,3.7,9.3,5.1,42.814848,57.050005,99.864853
2023-10-16,1022.4,1022.2,1021.8,1022.2,1021.9,8.0,8.0,8.0,8.0,695.0,806.0,588.0,667.0,892.0,88.0,73.0,88.0,82.0,70.0,4.0,9.0,5.0,6.0,10.0,2.0,4.0,3.0,5.0,7.0,1.0,1.0,0.0,2.0,1.0,0.3,6.1,1.6,1.7,0.0,5.5,7.1,3.8,3.8,7.1,8.8,11.0,7.8,10.5,11.6,37.0,57.0,263.0,124.0,93.0,1.6,2.5,1.5,3.6,3.5,5.930947,17.170527,23.101474
2023-10-17,1018.4,1019.2,1020.2,1017.5,1016.1,5.0,3.0,4.0,7.0,1056.0,1075.0,989.0,1018.0,1036.0,84.0,75.0,82.0,76.0,72.0,9.0,10.0,7.0,12.0,14.0,5.0,6.0,4.0,9.0,10.0,2.0,1.0,0.0,4.0,5.0,0.0,0.0,0.0,0.0,0.0,9.4,9.7,7.7,9.0,7.9,8.4,9.6,6.9,9.8,11.1,79.0,99.0,95.0,89.0,68.0,3.6,4.5,2.0,6.5,7.5,33.663399,54.306372,87.96977100000001
2023-10-18,1003.3,1004.1,1007.1,1001.3,999.9,8.0,8.0,8.0,8.0,760.0,674.0,674.0,692.0,646.0,78.0,78.0,78.0,77.0,79.0,12.0,14.0,12.0,15.0,17.0,6.0,9.0,7.0,12.0,13.0,4.0,5.0,3.0,7.0,6.0,11.3,5.7,1.7,15.4,11.0,5.6,5.1,6.5,4.2,2.7,9.4,9.4,7.7,10.4,12.4,96.0,101.0,93.0,108.0,93.0,5.2,7.3,5.1,9.3,8.8,86.28189,78.253413,164.535303
2023-10-19,990.0,989.8,992.7,988.8,988.2,8.0,8.0,8.0,8.0,441.0,256.0,155.0,410.0,433.0,93.0,94.0,95.0,90.0,87.0,8.0,13.0,13.0,11.0,14.0,5.0,8.0,7.0,8.0,9.0,2.0,3.0,4.0,5.0,6.0,2.1,12.1,11.8,3.4,0.1,1.9,0.3,0.0,1.1,2.5,15.0,13.0,8.3,15.6,16.2,133.0,121.0,92.0,151.0,139.0,3.4,5.1,5.5,7.2,7.4,56.814619,69.909386,126.724005
2023-10-20,980.5,981.3,984.1,979.2,978.6,7.0,8.0,8.0,7.0,99.0,74.0,112.0,103.0,100.0,97.0,93.0,93.0,94.0,92.0,14.0,20.0,19.0,16.0,13.0,7.0,14.0,10.0,11.0,9.0,2.0,5.0,3.0,6.0,5.0,19.4,25.6,26.9,11.8,22.3,0.0,0.0,0.0,0.0,0.2,11.6,9.4,7.3,13.0,14.8,97.0,95.0,86.0,122.0,146.0,4.9,9.7,7.7,8.4,7.3,104.753041,76.48196,181.235001
2023-10-21,990.9,989.4,992.0,989.3,989.3,8.0,8.0,8.0,7.0,402.0,411.0,482.0,375.0,395.0,86.0,87.0,84.0,88.0,87.0,14.0,15.0,11.0,20.0,18.0,6.0,9.0,6.0,13.0,14.0,3.0,4.0,2.0,8.0,7.0,4.4,1.3,0.5,12.1,7.7,1.2,2.4,2.6,1.8,2.4,13.0,12.9,12.7,13.2,13.6,168.0,170.0,152.0,180.0,176.0,4.7,6.4,4.1,10.2,10.9,76.437354,76.571919,153.009273
2023-10-22,1005.8,1004.4,1004.6,1005.8,1006.4,6.0,6.0,6.0,6.0,767.0,716.0,596.0,808.0,652.0,88.0,72.0,85.0,77.0,81.0,14.0,14.0,13.0,18.0,20.0,7.0,9.0,7.0,13.0,15.0,1.0,2.0,1.0,2.0,2.0,3.3,2.3,4.6,2.1,0.6,5.9,6.4,4.9,6.5,4.1,11.3,12.4,10.3,12.6,13.0,214.0,250.0,212.0,246.0,219.0,3.7,5.4,4.5,6.2,6.4,65.321975,40.591543,105.913518
2023-10-23,1009.9,1010.4,1011.5,1009.2,1008.4,7.0,7.0,6.0,7.0,428.0,619.0,726.0,412.0,497.0,95.0,86.0,90.0,94.0,89.0,9.0,13.0,9.0,11.0,11.0,5.0,9.0,5.0,8.0,7.0,1.0,1.0,1.0,3.0,2.0,3.6,1.7,0.4,5.3,8.8,1.3,5.3,7.3,0.2,2.4,10.5,10.4,8.2,10.9,12.1,88.0,102.0,84.0,98.0,89.0,2.9,4.4,2.4,5.2,5.1,17.237735,23.724547,40.962282
2023-10-24,1001.1,999.1,1000.7,1000.5,1001.4,6.0,7.0,7.0,7.0,324.0,167.0,159.0,255.0,525.0,91.0,86.0,91.0,89.0,86.0,11.0,14.0,10.0,14.0,14.0,5.0,9.0,6.0,10.0,11.0,3.0,3.0,3.0,5.0,6.0,3.8,13.3,4.8,5.1,2.1,1.7,0.0,0.0,0.8,4.0,11.4,12.2,11.0,11.9,12.2,193.0,209.0,173.0,208.0,203.0,3.8,6.7,4.3,7.5,8.3,67.060503,55.705546,122.766049
2023-10-25,996.1,996.4,997.0,996.1,995.7,7.0,8.0,6.0,7.0,117.0,215.0,369.0,274.0,243.0,97.0,87.0,91.0,93.0,88.0,8.0,12.0,8.0,13.0,11.0,4.0,7.0,5.0,10.0,7.0,2.0,1.0,1.0,1.0,1.0,15.7,0.0,2.4,2.6,1.8,0.0,0.0,1.8,1.1,0.4,9.2,10.7,9.7,10.0,11.1,56.0,129.0,123.0,75.0,65.0,2.9,3.8,3.1,5.3,4.5,26.898421,18.713317,45.611738
2023-10-26,995.1,995.0,995.7,994.3,993.9,8.0,8.0,8.0,8.0,371.0,503.0,391.0,483.0,439.0,97.0,93.0,93.0,92.0,90.0,5.0,7.0,5.0,10.0,9.0,3.0,4.0,3.0,8.0,7.0,1.0,1.0,1.0,1.0,3.0,0.1,0.6,0.0,0.0,1.0,1.3,2.4,1.8,2.1,2.3,9.4,9.6,9.7,9.8,12.0,125.0,107.0,58.0,132.0,133.0,2.3,3.0,1.8,5.3,5.3,7.357827,37.758684,45.116511
2023-10-27,992.2,992.0,993.2,991.7,991.9,8.0,8.0,8.0,8.0,178.0,188.0,195.0,232.0,485.0,97.0,93.0,94.0,93.0,88.0,6.0,7.0,6.0,10.0,12.0,3.0,5.0,3.0,7.0,9.0,1.0,3.0,1.0,4.0,3.0,11.0,1.6,4.9,13.9,4.8,0.0,0.0,0.0,0.9,2.6,10.4,10.3,9.8,11.5,12.2,149.0,119.0,96.0,181.0,192.0,2.0,4.0,2.4,5.3,6.2,15.728116,24.517364,40.24548
2023-10-28,994.0,992.6,994.9,992.5,992.3,8.0,8.0,8.0,8.0,365.0,283.0,301.0,352.0,707.0,88.0,90.0,90.0,86.0,83.0,11.0,12.0,10.0,16.0,20.0,5.0,8.0,5.0,12.0,15.0,3.0,3.0,2.0,6.0,8.0,6.7,11.0,1.5,7.2,3.2,1.5,1.3,0.3,1.9,6.2,11.8,11.1,10.9,12.3,13.1,167.0,167.0,160.0,177.0,174.0,3.9,5.5,3.3,8.9,10.2,50.374609,72.157318,122.531927
2023-10-29,992.0,989.3,991.1,991.2,992.0,6.0,7.0,7.0,6.0,387.0,390.0,537.0,444.0,425.0,80.0,82.0,82.0,82.0,82.0,16.0,21.0,18.0,21.0,21.0,7.0,13.0,10.0,14.0,15.0,4.0,6.0,5.0,9.0,8.0,5.6,12.4,10.2,10.9,6.0,2.0,2.6,4.2,2.5,2.3,12.8,12.7,12.4,12.5,12.7,201.0,211.0,201.0,202.0,193.0,5.7,9.5,7.2,11.3,11.0,125.411195,84.145008,209.556203
2023-10-30,997.4,996.4,997.1,997.2,997.5,6.0,8.0,6.0,7.0,328.0,492.0,581.0,306.0,218.0,91.0,88.0,87.0,89.0,88.0,8.0,15.0,12.0,14.0,13.0,5.0,9.0,7.0,10.0,9.0,1.0,2.0,1.0,1.0,1.0,16.8,21.5,6.3,4.8,4.5,1.6,3.4,5.2,0.5,0.0,11.0,11.7,11.3,11.3,11.5,194.0,199.0,198.0,193.0,187.0,3.3,5.2,4.4,5.8,5.4,48.941848,49.605314,98.547162
2023-10-31,1001.4,1000.4,999.9,1001.3,1001.9,8.0,8.0,8.0,7.0,546.0,524.0,350.0,324.0,404.0,93.0,83.0,93.0,92.0,92.0,13.0,9.0,10.0,15.0,14.0,5.0,5.0,6.0,10.0,11.0,2.0,1.0,1.0,3.0,5.0,18.5,18.8,15.4,14.2,10.1,4.2,3.2,2.1,1.4,3.0,11.0,11.3,9.8,11.4,11.4,221.0,285.0,277.0,214.0,199.0,3.3,2.9,3.0,6.1,7.1,28.533111,18.020837,46.553948000000005
2023-11-01,996.8,994.7,996.9,995.5,995.8,7.0,8.0,8.0,7.0,336.0,296.0,352.0,306.0,382.0,88.0,88.0,87.0,86.0,85.0,14.0,17.0,13.0,18.0,17.0,7.0,10.0,7.0,12.0,12.0,3.0,4.0,2.0,7.0,6.0,0.9,10.0,0.9,3.8,2.0,0.4,0.3,2.2,0.4,1.7,12.2,11.9,11.7,12.2,12.6,180.0,182.0,177.0,184.0,175.0,4.9,7.0,4.7,9.7,10.1,83.215856,71.844439,155.060295
2023-11-02,975.0,972.0,977.0,972.1,972.3,8.0,8.0,8.0,8.0,242.0,214.0,261.0,147.0,212.0,79.0,85.0,75.0,85.0,83.0,23.0,25.0,20.0,31.0,30.0,11.0,16.0,11.0,22.0,22.0,4.0,7.0,5.0,11.0,12.0,9.1,20.3,4.7,28.8,20.2,0.3,0.3,1.7,0.3,0.4,10.9,10.4,11.2,10.6,11.0,175.0,168.0,166.0,179.0,176.0,8.6,11.3,8.2,15.7,17.2,119.508294,67.381107,186.889401
2023-11-03,982.4,978.9,980.6,981.8,983.1,7.0,7.0,7.0,7.0,458.0,462.0,277.0,293.0,616.0,83.0,80.0,84.0,83.0,83.0,17.0,20.0,15.0,22.0,25.0,9.0,12.0,9.0,14.0,18.0,5.0,9.0,6.0,11.0,10.0,7.1,9.3,4.0,11.6,12.0,3.2,3.3,1.1,1.3,5.4,9.5,11.6,9.3,10.4,10.3,206.0,229.0,201.0,221.0,200.0,6.6,10.5,8.0,11.8,12.3,137.560727,81.081306,218.64203300000003
2023-11-04,976.4,974.9,977.5,975.1,974.9,8.0,7.0,8.0,6.0,237.0,238.0,265.0,178.0,167.0,89.0,89.0,85.0,89.0,89.0,15.0,14.0,12.0,19.0,18.0,7.0,9.0,7.0,12.0,13.0,4.0,6.0,4.0,8.0,6.0,10.7,7.8,4.7,6.2,8.3,0.8,0.4,0.8,0.0,0.2,9.4,9.2,9.0,9.4,10.0,167.0,168.0,168.0,175.0,167.0,5.0,6.7,5.3,9.8,9.6,97.974961,76.611204,174.586165
2023-11-05,978.9,976.9,977.1,979.0,980.1,8.0,7.0,7.0,7.0,226.0,234.0,266.0,199.0,283.0,88.0,84.0,90.0,83.0,83.0,15.0,18.0,13.0,21.0,21.0,6.0,11.0,7.0,15.0,16.0,2.0,3.0,2.0,6.0,8.0,6.2,4.8,2.9,2.9,1.3,1.1,2.2,1.5,0.8,2.2,10.4,10.8,9.9,11.2,11.3,222.0,240.0,217.0,245.0,226.0,4.1,6.7,4.6,9.9,10.2,75.213864,68.303395,143.517259
2023-11-06,999.3,996.7,997.3,999.0,1000.1,5.0,5.0,6.0,7.0,480.0,379.0,242.0,499.0,522.0,85.0,74.0,89.0,87.0,87.0,15.0,17.0,13.0,18.0,17.0,8.0,9.0,8.0,12.0,13.0,4.0,6.0,6.0,6.0,8.0,0.9,6.8,6.4,4.1,3.2,4.6,3.8,1.6,6.1,5.0,9.8,11.6,9.1,10.3,10.1,212.0,244.0,213.0,211.0,201.0,5.5,7.9,6.6,9.0,10.3,110.29511,76.965558,187.260668
2023-11-07,1007.8,1005.3,1005.7,1007.4,1008.5,6.0,5.0,7.0,4.0,521.0,502.0,468.0,625.0,714.0,85.0,74.0,88.0,83.0,85.0,11.0,15.0,12.0,16.0,15.0,6.0,9.0,7.0,10.0,10.0,3.0,6.0,5.0,7.0,7.0,2.0,2.6,8.4,0.8,1.4,5.0,5.2,5.4,7.1,8.2,9.6,11.6,8.9,10.6,9.9,210.0,248.0,211.0,224.0,207.0,4.7,7.7,6.3,8.7,9.5,97.09215,74.018849,171.110999
2023-11-08,1007.5,1005.0,1006.2,1006.6,1007.4,8.0,7.0,8.0,8.0,330.0,221.0,413.0,247.0,260.0,92.0,85.0,90.0,88.0,90.0,13.0,17.0,12.0,20.0,18.0,7.0,12.0,7.0,13.0,14.0,4.0,1.0,5.0,7.0,9.0,20.4,6.1,10.5,13.1,8.5,2.1,0.4,2.4,0.9,0.8,9.3,10.6,9.2,10.2,9.9,195.0,216.0,201.0,200.0,184.0,5.3,8.2,6.4,10.5,11.3,110.599426,69.380353,179.979779
2023-11-09,998.5,996.6,997.6,998.1,998.8,8.0,8.0,8.0,8.0,440.0,342.0,406.0,287.0,279.0,88.0,83.0,88.0,85.0,87.0,13.0,16.0,11.0,16.0,19.0,6.0,9.0,6.0,11.0,14.0,3.0,1.0,3.0,3.0,4.0,3.7,7.5,6.8,7.2,5.2,3.7,1.9,3.1,2.2,1.8,9.4,9.3,9.2,9.1,9.3,200.0,200.0,204.0,211.0,201.0,4.4,5.1,4.7,7.3,8.5,66.865941,52.261724,119.127665
2023-11-10,995.6,993.9,994.7,995.2,996.0,8.0,7.0,8.0,6.0,134.0,185.0,186.0,115.0,345.0,90.0,83.0,90.0,87.0,85.0,10.0,14.0,10.0,17.0,18.0,6.0,8.0,7.0,11.0,13.0,1.0,1.0,3.0,4.0,2.0,4.5,21.6,2.6,11.0,3.2,0.2,0.6,0.8,0.3,1.3,7.4,8.4,7.2,8.4,8.7,205.0,215.0,202.0,227.0,209.0,3.7,5.3,4.5,9.4,8.6,75.402325,51.795112,127.197437
2023-11-11,1003.9,1002.7,1001.4,1004.2,1005.4,7.0,5.0,6.0,5.0,433.0,320.0,295.0,634.0,522.0,87.0,76.0,89.0,74.0,73.0,10.0,14.0,10.0,17.0,13.0,4.0,6.0,5.0,11.0,9.0,2.0,1.0,2.0,1.0,4.0,6.1,6.2,9.9,1.0,0.0,4.0,3.1,2.4,7.3,4.6,7.5,8.6,6.4,9.6,9.3,240.0,296.0,246.0,282.0,263.0,3.0,4.0,3.7,7.8,6.3,35.086357,52.688008,87.774365
2023-11-12,1006.6,1005.8,1005.9,1006.1,1006.2,7.0,7.0,6.0,8.0,342.0,366.0,421.0,289.0,252.0,96.0,87.0,97.0,93.0,90.0,7.0,7.0,6.0,10.0,8.0,3.0,4.0,4.0,6.0,6.0,1.0,1.0,1.0,3.0,2.0,0.1,0.7,0.0,0.2,0.2,2.4,2.6,4.3,2.6,0.9,5.3,7.5,4.3,6.9,7.4,173.0,196.0,208.0,171.0,153.0,1.9,2.4,2.5,4.4,4.1,6.659771,17.119775,23.779546
2023-11-13,1000.1,997.6,998.8,999.6,1000.5,7.0,7.0,7.0,5.0,113.0,139.0,114.0,221.0,230.0,88.0,85.0,89.0,85.0,86.0,19.0,23.0,20.0,24.0,27.0,8.0,15.0,12.0,15.0,18.0,2.0,3.0,1.0,4.0,4.0,6.9,4.5,5.5,4.8,6.0,0.7,1.4,0.0,2.8,2.5,10.2,10.2,7.9,11.4,12.0,212.0,222.0,212.0,220.0,215.0,5.0,8.7,5.8,10.8,12.3,82.083361,69.438547,151.521908
2023-11-14,1002.0,999.9,998.7,1002.6,1004.0,8.0,8.0,7.0,7.0,197.0,205.0,314.0,211.0,223.0,86.0,81.0,87.0,83.0,85.0,15.0,22.0,18.0,22.0,22.0,7.0,15.0,12.0,16.0,17.0,2.0,3.0,2.0,6.0,5.0,13.2,5.7,4.5,12.0,10.9,0.2,0.9,1.8,0.5,1.1,11.9,11.9,10.8,12.4,12.1,236.0,263.0,249.0,258.0,238.0,4.9,8.4,6.9,10.9,10.6,103.989648,79.159208,183.148856
2023-11-15,1012.6,1010.6,1009.7,1013.3,1014.8,7.0,7.0,8.0,5.0,534.0,328.0,314.0,371.0,452.0,83.0,81.0,91.0,77.0,75.0,13.0,18.0,13.0,17.0,16.0,6.0,11.0,8.0,12.0,12.0,3.0,2.0,1.0,9.0,6.0,3.7,11.9,5.6,1.8,0.0,6.0,2.3,3.1,3.8,5.0,11.0,10.7,8.9,11.6,11.5,252.0,271.0,237.0,272.0,256.0,4.3,7.2,4.6,10.9,9.0,74.483384,75.632307,150.115691
2023-11-16,1013.6,1013.7,1013.2,1013.5,1013.3,8.0,7.0,6.0,8.0,166.0,328.0,372.0,105.0,114.0,96.0,86.0,89.0,91.0,86.0,9.0,10.0,11.0,12.0,10.0,3.0,5.0,6.0,9.0,6.0,1.0,1.0,0.0,1.0,1.0,3.7,0.0,0.0,0.7,0.0,0.0,3.1,4.1,0.0,0.3,6.8,6.4,4.5,8.0,8.4,37.0,32.0,289.0,68.0,130.0,1.8,1.9,1.7,4.1,3.5,14.183034,22.082947,36.265981
2023-11-17,1020.0,1019.2,1019.5,1019.9,1020.1,6.0,7.0,4.0,7.0,363.0,208.0,523.0,334.0,357.0,93.0,89.0,93.0,86.0,86.0,6.0,8.0,6.0,8.0,7.0,3.0,5.0,3.0,5.0,6.0,0.0,1.0,1.0,2.0,1.0,0.0,0.9,0.0,0.6,6.3,3.4,0.6,6.8,2.4,3.5,5.1,6.3,2.5,7.9,8.1,179.0,193.0,234.0,213.0,211.0,1.6,3.0,1.8,4.0,3.7,3.727666,6.136805,9.864471
2023-11-18,1015.2,1013.3,1015.8,1014.1,1014.6,8.0,8.0,8.0,8.0,65.0,59.0,82.0,66.0,59.0,96.0,92.0,96.0,92.0,91.0,12.0,14.0,12.0,19.0,16.0,6.0,9.0,7.0,13.0,12.0,2.0,3.0,1.0,5.0,6.0,12.8,8.6,6.3,13.0,8.6,0.0,0.0,0.0,0.0,0.0,8.3,8.4,5.3,9.7,10.2,176.0,178.0,157.0,188.0,182.0,4.2,6.4,4.1,9.0,9.3,66.057808,72.092798,138.15060599999998
2023-11-19,1006.7,1004.1,1004.1,1006.9,1008.5,7.0,7.0,8.0,5.0,284.0,342.0,198.0,392.0,433.0,87.0,84.0,89.0,82.0,84.0,15.0,17.0,13.0,21.0,21.0,7.0,12.0,8.0,13.0,15.0,5.0,8.0,3.0,9.0,10.0,6.1,7.9,25.8,0.6,2.3,1.7,3.1,0.3,4.3,5.4,12.4,12.6,11.6,12.9,12.3,232.0,245.0,240.0,238.0,226.0,5.7,9.9,6.0,11.0,12.6,119.234974,79.594039,198.829013
2023-11-20,1008.2,1006.8,1006.3,1008.3,1009.1,7.0,7.0,8.0,5.0,286.0,331.0,247.0,393.0,277.0,92.0,86.0,91.0,85.0,89.0,11.0,14.0,11.0,16.0,15.0,5.0,9.0,6.0,12.0,11.0,1.0,2.0,2.0,2.0,1.0,8.3,1.7,11.0,0.0,0.0,2.8,3.7,1.4,3.9,2.8,9.8,10.8,10.3,11.0,10.1,232.0,265.0,243.0,253.0,222.0,3.5,5.3,4.0,6.6,5.9,59.891391,40.77918,100.670571
2023-11-21,1019.0,1019.9,1019.5,1019.5,1019.4,7.0,7.0,8.0,6.0,111.0,337.0,262.0,340.0,431.0,96.0,86.0,88.0,88.0,88.0,9.0,10.0,9.0,13.0,12.0,5.0,8.0,6.0,10.0,7.0,1.0,1.0,1.0,1.0,1.0,0.2,0.2,0.6,0.0,0.8,0.0,2.7,1.8,3.8,6.0,7.2,9.0,7.3,9.4,9.8,8.0,40.0,54.0,32.0,1.0,2.3,4.4,3.2,6.5,4.3,27.620061,34.167274,61.787335
2023-11-22,1027.9,1026.2,1026.2,1027.9,1028.6,8.0,8.0,8.0,8.0,291.0,196.0,219.0,278.0,357.0,94.0,86.0,90.0,86.0,85.0,9.0,15.0,14.0,13.0,11.0,5.0,10.0,9.0,9.0,9.0,1.0,1.0,0.0,2.0,1.0,0.2,0.0,0.1,0.0,0.0,1.7,0.0,0.8,1.9,3.2,4.6,7.9,3.4,7.7,7.9,194.0,229.0,210.0,217.0,216.0,2.7,5.7,4.3,5.8,4.9,43.647476,40.922519,84.569995
2023-11-23,1018.4,1016.3,1013.8,1019.6,1021.3,6.0,5.0,7.0,5.0,246.0,408.0,229.0,401.0,489.0,86.0,80.0,83.0,82.0,87.0,16.0,20.0,18.0,20.0,17.0,7.0,12.0,11.0,16.0,13.0,4.0,7.0,6.0,8.0,7.0,1.0,3.1,2.5,0.2,0.1,1.3,6.2,1.0,5.1,6.8,11.2,11.9,10.8,12.1,11.4,260.0,276.0,265.0,273.0,251.0,5.0,10.0,8.1,11.1,9.9,120.681341,83.139863,203.821204
2023-11-24,1011.7,1010.9,1007.4,1013.4,1015.1,6.0,5.0,5.0,6.0,279.0,310.0,291.0,275.0,256.0,77.0,69.0,74.0,72.0,71.0,18.0,23.0,21.0,29.0,22.0,6.0,12.0,10.0,21.0,12.0,3.0,6.0,3.0,12.0,7.0,4.9,5.4,11.1,6.0,6.7,2.3,3.0,3.3,1.7,2.0,6.4,7.4,5.5,8.1,8.0,313.0,325.0,313.0,333.0,318.0,4.8,9.3,6.8,16.1,9.3,115.342224,83.435245,198.777469
2023-11-25,1013.2,1012.8,1010.5,1014.5,1015.9,5.0,5.0,6.0,6.0,316.0,256.0,288.0,400.0,275.0,85.0,72.0,84.0,73.0,78.0,13.0,18.0,15.0,22.0,18.0,5.0,9.0,7.0,14.0,8.0,1.0,2.0,1.0,5.0,1.0,1.9,3.1,3.5,3.6,14.2,3.3,2.1,2.5,5.0,2.0,5.0,7.3,4.2,8.2,7.2,307.0,334.0,312.0,339.0,318.0,3.1,5.5,3.4,12.0,6.0,60.819131,77.278273,138.09740399999998
2023-11-26,1013.7,1012.6,1012.0,1013.8,1014.7,8.0,8.0,8.0,8.0,154.0,135.0,166.0,147.0,191.0,93.0,80.0,93.0,83.0,82.0,9.0,9.0,9.0,15.0,12.0,5.0,5.0,4.0,9.0,9.0,1.0,1.0,1.0,4.0,2.0,1.5,7.0,4.2,3.9,4.6,0.0,0.0,1.0,0.2,0.0,5.0,7.1,4.5,7.4,7.1,227.0,276.0,239.0,262.0,224.0,2.5,3.2,2.6,6.5,5.5,15.630841,29.30326,44.934101
2023-11-27,998.0,998.7,1000.2,997.6,997.3,8.0,8.0,8.0,8.0,67.0,85.0,73.0,85.0,77.0,95.0,90.0,90.0,94.0,92.0,11.0,17.0,16.0,16.0,17.0,6.0,13.0,10.0,12.0,13.0,2.0,4.0,3.0,4.0,2.0,16.3,15.2,9.8,15.0,26.7,0.0,0.0,0.0,0.0,0.0,4.2,5.0,3.1,5.5,6.6,103.0,87.0,85.0,78.0,201.0,4.3,7.2,5.4,8.5,7.8,68.986874,49.458678,118.445552
2023-11-28,1005.4,1004.6,1004.1,1005.8,1006.4,4.0,5.0,6.0,4.0,444.0,375.0,328.0,374.0,457.0,82.0,76.0,82.0,78.0,75.0,11.0,17.0,11.0,19.0,15.0,6.0,13.0,7.0,14.0,9.0,1.0,1.0,1.0,1.0,2.0,4.9,3.7,2.3,2.7,0.2,6.8,5.2,4.0,4.5,5.7,2.1,4.1,1.3,3.8,4.0,292.0,354.0,146.0,329.0,267.0,3.3,6.1,4.3,7.3,6.3,59.494405,52.709024,112.203429
2023-11-29,1001.9,1001.1,1000.3,1002.3,1003.2,7.0,7.0,8.0,7.0,292.0,227.0,310.0,238.0,328.0,89.0,83.0,87.0,82.0,79.0,12.0,15.0,12.0,24.0,15.0,6.0,10.0,6.0,15.0,11.0,1.0,1.0,0.0,2.0,1.0,1.8,3.7,1.2,9.0,1.3,3.9,1.6,3.2,2.7,2.9,2.4,2.7,0.8,4.0,4.9,249.0,314.0,264.0,308.0,264.0,2.5,3.6,3.2,7.8,5.3,40.232986,37.815437,78.048423
2023-11-30,1002.4,1002.4,1002.8,1002.3,1002.1,8.0,3.0,8.0,6.0,193.0,418.0,129.0,429.0,359.0,99.0,91.0,97.0,91.0,94.0,4.0,7.0,5.0,6.0,6.0,3.0,3.0,3.0,4.0,4.0,1.0,0.0,0.0,2.0,1.0,0.0,1.1,0.0,0.0,0.0,0.0,5.7,0.2,6.1,4.1,-0.3,0.4,-1.5,2.0,2.0,62.0,135.0,157.0,115.0,57.0,1.3,1.6,1.6,3.0,2.3,0.90885,12.777287,13.686137
2023-12-01,1008.2,1008.5,1008.6,1008.2,1007.7,6.0,3.0,6.0,5.0,343.0,449.0,265.0,394.0,115.0,89.0,84.0,92.0,84.0,86.0,5.0,7.0,5.0,8.0,8.0,3.0,4.0,3.0,6.0,6.0,1.0,1.0,1.0,2.0,2.0,0.0,0.1,0.0,0.0,0.0,3.8,7.0,2.8,5.3,0.4,-1.2,-0.3,-2.6,-0.5,0.2,61.0,88.0,57.0,82.0,60.0,1.8,2.4,1.4,3.9,3.7,5.686329,17.214942,22.901271
2023-12-02,1014.5,1013.6,1013.1,1014.5,1014.9,7.0,5.0,7.0,3.0,280.0,318.0,245.0,370.0,494.0,93.0,90.0,94.0,91.0,90.0,8.0,8.0,5.0,9.0,10.0,3.0,4.0,3.0,6.0,8.0,0.0,1.0,1.0,2.0,1.0,0.0,1.4,0.0,3.4,0.0,2.3,3.3,2.2,5.3,7.2,-0.4,0.6,-0.6,1.3,1.0,225.0,202.0,229.0,199.0,207.0,1.9,1.9,1.7,3.9,4.4,4.31853,4.169073,8.487603
2023-12-03,1017.5,1016.2,1018.0,1016.2,1016.1,7.0,7.0,6.0,7.0,272.0,202.0,232.0,161.0,126.0,89.0,88.0,90.0,88.0,84.0,10.0,11.0,8.0,16.0,15.0,6.0,7.0,5.0,12.0,11.0,2.0,1.0,2.0,5.0,6.0,2.2,3.3,0.0,2.5,1.8,3.1,1.8,1.9,0.3,0.0,0.8,1.2,0.2,1.4,2.1,164.0,165.0,168.0,171.0,166.0,3.9,5.0,3.3,8.6,9.2,45.857491,63.180191,109.037682
2023-12-04,1004.9,1004.9,1007.5,1003.1,1001.9,8.0,7.0,8.0,8.0,144.0,172.0,201.0,125.0,82.0,86.0,81.0,84.0,81.0,82.0,10.0,11.0,8.0,15.0,15.0,5.0,8.0,5.0,11.0,12.0,4.0,5.0,3.0,7.0,5.0,3.4,0.6,2.0,1.5,8.1,0.0,1.6,1.7,0.0,0.0,1.8,2.2,0.6,2.9,4.1,122.0,125.0,110.0,128.0,113.0,4.8,6.0,3.7,8.8,9.0,65.196764,81.271285,146.468049
2023-12-05,1004.1,1005.3,1004.9,1004.6,1004.5,8.0,8.0,8.0,8.0,67.0,131.0,139.0,68.0,67.0,96.0,90.0,93.0,91.0,92.0,7.0,11.0,9.0,13.0,9.0,4.0,8.0,5.0,10.0,6.0,2.0,1.0,2.0,6.0,1.0,2.6,0.7,3.2,0.0,1.4,0.0,0.0,0.2,0.0,0.0,1.8,2.0,-0.2,3.5,4.4,11.0,50.0,47.0,29.0,359.0,3.0,5.2,3.8,7.0,3.4,39.020497,59.520252,98.540749
2023-12-06,1015.4,1015.0,1013.6,1016.0,1016.5,4.0,6.0,8.0,6.0,274.0,221.0,90.0,260.0,230.0,91.0,82.0,93.0,80.0,84.0,5.0,9.0,5.0,16.0,8.0,3.0,4.0,3.0,11.0,5.0,0.0,1.0,1.0,2.0,0.0,0.2,0.0,0.6,0.7,3.3,2.8,2.6,0.0,2.4,2.4,2.5,4.1,1.7,5.4,5.2,274.0,326.0,273.0,337.0,265.0,1.8,2.2,2.0,5.3,2.7,8.394615,21.852943,30.247558
2023-12-07,1015.6,1015.0,1016.7,1014.2,1013.4,7.0,6.0,7.0,8.0,110.0,238.0,269.0,183.0,260.0,94.0,92.0,93.0,87.0,85.0,10.0,12.0,7.0,15.0,14.0,6.0,8.0,4.0,12.0,11.0,1.0,1.0,1.0,3.0,4.0,0.0,0.0,0.0,0.8,1.0,0.0,2.6,3.4,1.4,1.5,0.3,1.0,1.1,2.9,4.2,132.0,134.0,152.0,138.0,124.0,3.6,4.7,2.9,7.7,8.3,34.848844,57.511533,92.360377
2023-12-08,1007.2,1006.0,1007.6,1006.5,1006.9,8.0,8.0,8.0,7.0,73.0,100.0,85.0,108.0,280.0,95.0,94.0,94.0,94.0,93.0,8.0,12.0,8.0,12.0,13.0,4.0,8.0,5.0,9.0,10.0,2.0,3.0,2.0,5.0,5.0,0.6,1.9,4.3,2.2,2.0,0.0,0.0,0.0,0.8,3.3,5.4,5.2,2.7,6.4,7.3,174.0,172.0,150.0,183.0,183.0,3.3,5.1,3.1,6.9,7.2,38.523028,61.138076,99.661104
2023-12-09,999.3,997.0,999.2,998.3,999.1,7.0,7.0,8.0,7.0,90.0,50.0,126.0,69.0,65.0,89.0,89.0,89.0,87.0,87.0,15.0,17.0,13.0,22.0,21.0,8.0,11.0,8.0,15.0,16.0,4.0,6.0,4.0,7.0,7.0,7.7,12.6,6.8,6.6,6.4,0.0,0.0,0.0,0.0,0.0,8.1,8.1,7.7,8.5,8.6,191.0,198.0,184.0,204.0,201.0,5.5,8.0,5.8,11.0,11.4,102.322545,84.936336,187.258881
2023-12-10,1000.1,997.0,996.6,1000.5,1002.2,7.0,8.0,8.0,6.0,191.0,173.0,84.0,241.0,190.0,80.0,85.0,90.0,79.0,81.0,20.0,24.0,16.0,25.0,23.0,9.0,16.0,10.0,18.0,18.0,5.0,3.0,2.0,7.0,7.0,9.0,10.0,13.4,3.0,3.2,1.0,1.0,0.0,2.5,1.5,9.7,9.3,8.2,9.9,9.6,235.0,253.0,236.0,240.0,226.0,6.8,10.3,7.0,12.4,12.6,125.59629,83.032924,208.629214
2023-12-11,1001.5,999.4,998.6,1002.0,1003.4,8.0,7.0,8.0,7.0,118.0,190.0,130.0,103.0,158.0,89.0,83.0,90.0,85.0,83.0,19.0,15.0,14.0,22.0,21.0,9.0,10.0,8.0,15.0,16.0,2.0,3.0,3.0,4.0,4.0,5.4,2.0,1.9,1.6,0.8,0.0,1.5,0.8,0.5,0.6,9.2,8.8,8.1,9.6,9.5,248.0,262.0,245.0,256.0,241.0,5.0,7.2,5.7,9.0,9.5,99.465598,77.081399,176.546997
2023-12-12,1001.3,1000.3,1001.9,1000.5,1000.7,7.0,8.0,7.0,7.0,167.0,92.0,121.0,111.0,182.0,95.0,94.0,97.0,94.0,93.0,7.0,9.0,8.0,14.0,13.0,4.0,5.0,4.0,8.0,8.0,2.0,1.0,1.0,3.0,3.0,11.0,6.7,6.1,5.2,7.0,0.2,0.0,0.0,0.2,1.0,8.0,7.4,4.8,8.4,8.6,172.0,161.0,130.0,182.0,176.0,2.6,3.2,2.7,5.8,5.6,20.864887,44.788703,65.65359
2023-12-13,999.5,999.9,1000.3,999.4,999.3,8.0,8.0,8.0,8.0,129.0,126.0,76.0,74.0,210.0,96.0,93.0,94.0,95.0,93.0,9.0,14.0,10.0,12.0,11.0,4.0,10.0,6.0,10.0,8.0,0.0,1.0,1.0,0.0,3.0,2.1,0.9,1.6,0.1,0.4,0.0,0.0,0.0,0.0,1.3,8.2,7.1,6.6,8.0,8.4,94.0,65.0,63.0,41.0,230.0,2.4,4.7,3.1,5.2,4.8,25.05453,25.833926,50.888456000000005
2023-12-14,1019.7,1019.1,1018.9,1020.0,1020.5,8.0,8.0,8.0,8.0,233.0,207.0,160.0,185.0,192.0,88.0,86.0,88.0,86.0,84.0,7.0,9.0,7.0,12.0,11.0,4.0,6.0,4.0,9.0,7.0,1.0,1.0,1.0,1.0,1.0,0.0,0.4,0.1,0.2,1.1,1.6,2.2,0.8,1.8,1.7,5.6,6.2,4.6,6.5,7.1,284.0,250.0,234.0,345.0,269.0,2.5,3.2,2.6,4.7,4.0,15.404971,27.853144,43.258115
2023-12-15,1033.9,1032.6,1031.9,1034.4,1035.1,8.0,8.0,8.0,8.0,146.0,203.0,236.0,127.0,111.0,82.0,84.0,93.0,78.0,76.0,7.0,10.0,8.0,10.0,8.0,3.0,6.0,5.0,7.0,6.0,2.0,2.0,3.0,3.0,3.0,0.0,0.0,0.0,0.0,0.0,0.0,1.7,3.4,0.0,0.0,8.4,8.5,5.9,8.9,8.7,240.0,262.0,238.0,261.0,246.0,2.7,3.9,3.5,4.9,4.3,17.739691,34.358593,52.098284
2023-12-16,1037.6,1035.5,1035.1,1037.8,1038.7,7.0,8.0,7.0,7.0,90.0,72.0,69.0,67.0,79.0,90.0,89.0,91.0,91.0,92.0,11.0,14.0,13.0,13.0,13.0,5.0,9.0,8.0,8.0,9.0,3.0,5.0,4.0,6.0,6.0,0.0,0.0,0.1,0.0,0.8,0.8,0.0,0.0,0.0,0.0,8.7,9.6,7.7,9.2,8.4,227.0,243.0,230.0,228.0,218.0,4.1,7.4,5.9,6.9,7.5,72.478276,75.450713,147.928989
2023-12-17,1034.4,1031.8,1031.7,1034.3,1035.3,5.0,7.0,7.0,5.0,239.0,216.0,225.0,281.0,398.0,85.0,87.0,85.0,84.0,86.0,10.0,16.0,15.0,17.0,12.0,6.0,11.0,10.0,11.0,9.0,4.0,7.0,6.0,5.0,7.0,0.0,0.0,0.0,0.0,0.0,3.1,2.7,2.8,4.0,6.5,8.6,9.8,8.8,8.8,8.1,219.0,231.0,226.0,215.0,207.0,4.8,8.9,7.6,8.5,7.8,101.677565,84.497123,186.174688
2023-12-18,1028.6,1025.8,1025.8,1028.5,1029.5,8.0,8.0,8.0,8.0,127.0,105.0,84.0,172.0,117.0,89.0,88.0,89.0,90.0,89.0,12.0,15.0,14.0,16.0,13.0,6.0,9.0,9.0,10.0,10.0,3.0,7.0,6.0,6.0,6.0,0.0,0.6,0.0,0.0,0.0,0.0,0.0,0.0,0.2,0.5,7.5,9.9,8.4,8.0,7.0,210.0,228.0,224.0,208.0,191.0,4.8,8.4,7.5,8.0,8.9,104.066033,85.527471,189.593504
2023-12-19,1017.6,1016.0,1015.3,1017.9,1019.1,7.0,8.0,7.0,7.0,33.0,58.0,68.0,42.0,46.0,96.0,90.0,95.0,93.0,91.0,13.0,14.0,12.0,18.0,16.0,7.0,8.0,8.0,11.0,12.0,2.0,2.0,3.0,4.0,3.0,12.4,26.8,15.8,14.1,11.1,0.0,0.0,0.0,0.0,0.0,7.9,9.4,7.7,8.6,8.3,230.0,259.0,230.0,247.0,221.0,4.7,5.4,4.9,9.1,8.2,79.587835,63.389414,142.977249
2023-12-20,1012.0,1009.4,1007.8,1013.0,1014.9,7.0,7.0,8.0,6.0,138.0,166.0,144.0,219.0,176.0,84.0,82.0,88.0,83.0,82.0,14.0,19.0,14.0,18.0,17.0,7.0,12.0,8.0,14.0,14.0,3.0,9.0,4.0,10.0,8.0,1.9,2.1,10.0,0.8,0.3,0.7,1.4,0.7,1.7,0.8,8.6,9.1,7.3,9.1,8.8,257.0,271.0,254.0,268.0,253.0,5.2,10.6,6.2,12.0,10.3,114.572257,86.736103,201.30836
2023-12-21,999.2,996.6,993.5,1000.9,1003.3,8.0,7.0,7.0,7.0,66.0,141.0,78.0,151.0,170.0,82.0,77.0,80.0,80.0,82.0,21.0,28.0,24.0,23.0,23.0,10.0,15.0,13.0,18.0,17.0,5.0,10.0,7.0,10.0,11.0,8.9,1.5,13.0,0.1,1.8,0.3,1.5,0.0,1.5,1.7,9.8,9.6,8.6,10.5,10.3,271.0,282.0,278.0,272.0,251.0,7.4,12.0,9.9,14.6,14.1,133.887728,84.649745,218.537473
2023-12-22,1004.0,1002.4,999.6,1005.8,1008.0,8.0,8.0,8.0,8.0,99.0,123.0,113.0,128.0,126.0,82.0,77.0,78.0,80.0,80.0,20.0,20.0,24.0,23.0,21.0,9.0,12.0,11.0,17.0,15.0,3.0,6.0,4.0,12.0,10.0,9.6,3.8,3.0,0.0,0.9,0.0,0.6,0.3,0.3,0.0,9.0,8.2,6.2,10.1,10.3,281.0,296.0,288.0,281.0,267.0,6.3,9.3,7.0,14.5,11.3,134.153105,87.071624,221.224729
2023-12-23,1007.4,1004.6,1003.2,1008.6,1010.6,8.0,8.0,8.0,8.0,118.0,99.0,71.0,189.0,260.0,80.0,83.0,92.0,81.0,82.0,18.0,22.0,15.0,21.0,20.0,8.0,15.0,9.0,15.0,15.0,2.0,5.0,0.0,10.0,12.0,3.5,3.9,16.4,0.4,0.0,0.0,0.0,0.0,1.2,3.6,10.3,10.0,6.8,10.3,9.9,257.0,262.0,260.0,254.0,242.0,6.7,11.0,4.8,12.6,13.4,121.62149,81.398331,203.019821
2023-12-24,1003.2,999.9,998.8,1003.9,1005.5,8.0,8.0,8.0,8.0,32.0,67.0,49.0,40.0,61.0,92.0,89.0,91.0,93.0,90.0,18.0,20.0,20.0,23.0,27.0,9.0,13.0,11.0,15.0,19.0,6.0,9.0,7.0,11.0,15.0,18.9,3.4,10.2,9.5,9.2,0.0,0.0,0.0,0.0,0.0,11.6,11.1,11.2,10.9,11.3,242.0,238.0,246.0,231.0,234.0,7.5,11.1,9.3,13.2,17.5,145.704226,87.498261,233.202487
2023-12-25,1005.6,1003.6,1002.9,1006.1,1007.3,8.0,8.0,8.0,8.0,160.0,155.0,125.0,126.0,80.0,89.0,87.0,86.0,90.0,93.0,17.0,15.0,17.0,22.0,22.0,8.0,10.0,10.0,14.0,17.0,3.0,5.0,3.0,7.0,9.0,17.1,7.3,6.8,13.0,10.2,0.4,1.1,1.3,0.2,0.0,11.6,10.3,9.9,11.1,11.0,244.0,246.0,251.0,241.0,233.0,5.2,7.6,6.0,9.9,14.1,103.935124,73.330421,177.265545
2023-12-26,1014.0,1012.5,1011.1,1014.6,1015.5,7.0,7.0,7.0,7.0,191.0,150.0,152.0,165.0,273.0,82.0,76.0,81.0,82.0,78.0,14.0,17.0,17.0,18.0,18.0,7.0,12.0,9.0,12.0,14.0,1.0,1.0,3.0,1.0,2.0,2.3,0.0,1.1,0.3,1.1,2.1,1.0,1.3,1.5,3.6,7.6,7.5,6.5,8.1,9.2,260.0,275.0,258.0,267.0,252.0,4.0,7.3,6.1,7.9,7.5,95.477092,61.147268,156.62436
2023-12-27,1012.4,1010.5,1012.7,1011.1,1011.4,8.0,8.0,8.0,8.0,54.0,42.0,59.0,71.0,145.0,89.0,88.0,89.0,87.0,85.0,14.0,22.0,15.0,21.0,19.0,7.0,14.0,10.0,13.0,13.0,1.0,1.0,1.0,3.0,4.0,3.4,2.6,1.8,5.3,2.9,0.0,0.0,0.0,0.0,0.7,7.0,7.2,4.9,8.5,9.2,170.0,177.0,173.0,179.0,175.0,4.5,7.0,4.5,9.1,9.8,68.232054,66.861351,135.09340500000002
2023-12-28,1008.0,1004.0,1004.9,1007.4,1008.8,8.0,8.0,8.0,8.0,171.0,156.0,110.0,161.0,209.0,75.0,84.0,79.0,78.0,77.0,22.0,22.0,20.0,22.0,19.0,9.0,14.0,12.0,14.0,14.0,6.0,11.0,8.0,12.0,12.0,0.8,1.5,1.8,2.9,0.8,0.4,0.6,0.2,0.0,1.3,10.9,10.5,10.2,10.8,10.5,213.0,216.0,217.0,211.0,203.0,8.1,12.4,10.8,12.9,13.1,143.656859,87.942626,231.599485
2023-12-29,1006.0,1003.3,1002.8,1006.2,1007.5,7.0,7.0,7.0,8.0,181.0,154.0,178.0,190.0,181.0,83.0,72.0,77.0,81.0,85.0,20.0,19.0,22.0,21.0,19.0,9.0,12.0,12.0,13.0,14.0,2.0,7.0,5.0,6.0,10.0,3.8,0.0,11.3,0.4,4.2,0.4,0.9,2.4,0.5,1.2,9.3,9.5,8.5,10.0,10.1,232.0,245.0,239.0,240.0,224.0,6.0,10.5,8.8,10.0,11.6,131.594992,86.482498,218.07749
2023-12-30,1009.2,1007.1,1007.8,1008.5,1009.0,8.0,7.0,7.0,8.0,177.0,174.0,242.0,180.0,273.0,84.0,79.0,82.0,80.0,83.0,10.0,16.0,12.0,16.0,20.0,5.0,11.0,7.0,12.0,14.0,3.0,5.0,4.0,6.0,7.0,0.0,0.0,0.0,0.1,0.0,1.9,1.2,4.5,0.9,3.1,8.1,8.4,7.2,9.2,9.1,197.0,224.0,215.0,204.0,191.0,4.2,8.3,5.7,9.1,9.5,87.485227,81.255894,168.741121
2023-12-31,995.7,993.1,996.2,994.0,994.7,8.0,8.0,8.0,8.0,130.0,127.0,108.0,146.0,177.0,79.0,84.0,81.0,82.0,80.0,17.0,21.0,17.0,22.0,21.0,8.0,13.0,8.0,14.0,15.0,4.0,7.0,5.0,10.0,11.0,2.8,9.4,3.0,6.9,4.1,1.2,1.1,0.7,0.5,0.7,8.8,8.4,8.2,8.7,8.9,187.0,187.0,174.0,186.0,187.0,6.4,9.5,6.3,12.3,13.1,126.962095,88.239543,215.201638
